temperature,humidity,pressure,wind_speed,cloud_cover,visibility,target_temperature
8.727005942368123,51.49084162219537,1006.1548572926689,24.98351218645267,72.99983109899703,1.8313375534830696,9.711356054459827
37.53571532049581,57.874852750001715,1003.3038467361982,37.33733862562971,18.451199559871156,1.5467835662921805,38.184697441242676
26.599697090570253,88.36379145617443,992.3307738752002,28.133339032816657,34.663969436988616,6.437727556692977,24.314946501157742
19.93292420985183,47.20035088479137,1022.5086669071042,4.1651291555898196,66.32806368578183,9.695046902434793,25.796871954080036
-2.1990679778781743,89.5719747849737,1013.363691235604,9.27901183917777,48.20893445244799,5.524491780592516,-0.1805145320954218
-2.2002739831898674,27.050754478135318,1040.5990694626803,10.966409201545957,73.85710386348939,1.4636370334537463,11.908506037321978
-7.095819391590027,82.14387497669046,982.2476706337441,12.893212682242245,96.12079012228597,2.9909679046971056,-10.177385798138179
33.308807288746756,87.80381064437891,1025.0707549288588,28.270169597525214,11.654668771519749,3.203136157741936,33.788436733825506
20.05575058716044,34.5454122269871,1033.4064214958094,25.198288991269674,70.95677163980609,4.04071416223255,27.89075087057541
25.403628889802278,54.42772258977604,1033.1640598431816,10.158001918210447,23.034415563211454,1.3924304522759137,29.402884160418
-8.970775285209879,33.23998197309245,1042.0251776966868,3.3777421727843535,41.44767274075692,9.144034304481247,6.128904622289552
38.49549260809972,76.52833031953742,1031.0323619980645,8.571610223735904,3.2862725795139824,5.640075502493457,37.930733820916956
31.622132040021086,62.82782144493254,1044.9467043153388,49.21906563093017,13.590738229269894,7.038377136586981,31.60346768798117
0.6169555339138082,70.82586773666569,1003.2859619874624,23.427347489573613,31.977728904889968,1.6045555320550808,4.135799734534008
-0.9087516396449686,35.718957356496894,1015.224659172608,43.36727523510562,34.198580528798495,1.4870392102328447,4.314893773639021
-0.8297745073283096,36.93966896419356,980.9855764298023,42.43762333344216,89.95852164620958,6.278209948364925,0.5690346560310293
5.212112147976885,23.319786040792508,980.4870311112304,25.575977873143685,74.18129092665151,8.985664094537873,10.000741398663141
16.237821581611893,45.765402815658376,996.8088634316064,35.33438542302718,97.2182968187041,5.7563380086359235,14.451018217914442
11.597250932105787,64.779572906694,987.056503799736,9.637600520635614,59.90715103352405,8.900372553130644,9.965133994003065
4.561457009902096,88.63479311978631,998.2147957555028,34.419835246345414,24.171373209131797,8.298921457497155,5.936951618997453
20.592644736118974,73.35419579669446,992.3930306169879,13.619228963164476,32.765502992164286,1.6826840721542866,19.150868968066092
-3.025306967397908,54.83170587198011,981.9964017387053,41.60310483770754,31.983592329196707,2.817617269471209,-5.138307861535399
4.607232426760907,96.24960915153102,1043.6512902484235,4.1862066554454955,32.64943276632516,6.919396022398082,8.644526628036582
8.318092164684586,77.53961604606656,980.5756191972224,38.65693364426387,67.29641731118157,4.991512442950374,2.9645439734600494
12.803499210851797,94.41321622900401,1031.525750103596,4.996845328430977,53.08079280904162,3.616298322822285,14.332107870415804
29.25879806965068,62.20703786177325,990.6503520843662,44.05946184471545,38.54241780866443,4.767704704431812,24.762691289659436
-0.01631089208201253,40.71234198345117,1043.856073539972,15.210225906750185,14.90897687287166,5.006796816435709,10.703917133107678
15.711721920680581,24.22613490917776,1042.495715771292,32.71966824152874,2.2139162942145907,9.194970257394369,24.71372230201234
19.620728443102124,78.08678811870804,1025.773080245848,24.375113931013992,21.88346775876926,1.9311245533445773,19.396256864347087
-7.6774793640001135,29.70423984044273,1027.0563904860423,18.315157263116948,10.747140396868126,3.517576721268535,2.098836248064479
20.37724259507192,44.222010261757376,980.3737399378782,32.272091659174826,78.54450308522394,5.8380833492444255,13.113952244681094
-1.4737938156354229,62.59767263071179,1048.941009627952,47.3761490275619,11.249795781388539,7.284582339675325,7.0018180737904
-6.747420350736024,65.15332702237981,1041.448282250307,2.063487368731093,72.42282373068362,6.6757356006331925,5.517375799105235
37.44427686266666,68.04665575897089,1042.6574358011064,45.94264279415521,38.56586897760826,9.47478463963655,35.63589428431483
38.28160165372797,33.30042642797605,1026.147117593561,30.454082751050677,7.337838974377597,8.160480323375259,41.241547254207234
30.419867405823055,50.3789923857319,1004.1350850058176,40.36571503845261,81.27300494315858,6.0136915777698725,27.20651619951993
5.230688458668535,69.37553816935733,1042.5554054363336,19.19374767171388,57.963057023661335,2.9321442250615677,13.924667875570748
-5.116394299680806,97.58550917070278,1000.4061849705835,23.592148741880685,23.576151286357305,5.057868082620159,-4.957160677466864
24.211651325607846,78.2104910159751,1019.3898080339542,43.4425375900582,89.4681174332668,7.240440197750297,23.86881689639976
12.007624686980066,93.80830056751662,986.9811680640718,20.742398490491155,4.525831387055145,8.541659573524765,7.8415200211288125
-3.8980882577610583,80.97696466513416,1044.5368941092925,26.73297833745425,20.18196081977629,9.637626019801486,6.209016619982231
14.75884550556351,67.33735751139204,989.853932043985,1.0097461542166453,75.2046927805861,6.449074895241258,14.280453533094738
-8.28057394423908,35.36186953090756,995.7427764011285,7.929900291902115,70.93779303098891,5.742274305739892,-4.313363397506559
35.4660201039391,73.33485215140104,1019.069391068975,32.084325398739985,28.927169372447803,1.1592273080903348,33.732951411287424
2.938999080000846,69.87036527679257,1033.4865100149086,35.848845053193855,6.202487535278312,1.6488916223516195,7.401292159501812
23.126114217699097,68.19753363658131,1023.3545914155409,29.13004683922497,85.80780722249438,2.4049449787366024,24.57288057752679
5.585553804470548,59.18286943905926,996.249373896011,7.1655018137805335,31.369763806990257,1.4928393807066527,6.2526827476542195
16.00340105889054,62.29252831914205,980.0660129769243,22.270271428891743,19.571341492826523,4.607769149244338,11.162255538527024
17.335513967163983,46.755402169448324,1033.0005406215207,17.75473831815949,51.60618223609771,4.03190690624985,23.45564330135054
-0.7572772237236478,61.545015411384256,1048.9645128137765,24.783067201754417,91.02271992824473,6.736187420815536,8.649815946136025
38.47923138822793,35.80447245427826,1036.6939184214264,43.51645172770471,4.354657784337535,5.820985971400624,43.29916575057189
28.75664116805573,84.41395178883015,1012.214463270963,38.79307193293259,76.58040880308877,6.363736834490737,24.75263298547316
36.97494707820945,34.862156375896625,1043.2637082979375,4.1994750694579475,57.24732279387089,5.247794826438887,38.95760730263341
34.74136752138244,26.79730319115731,1008.6893371182845,44.515459888728216,42.54491165518169,3.499634336988314,33.73626411426212
19.894998940554256,54.89968210857259,1016.7453858970428,23.58835755749118,74.40804441050601,9.575427834518294,18.59830301963401
36.093711751155844,72.66459516048495,1013.3990837176979,37.193107244299924,96.58244244416323,1.7776824378412508,33.84803851927651
-5.575374897404025,55.01734599468331,1011.3336710865867,7.001961563217607,22.920621116269103,9.450018995187765,-3.138299614238533
-0.20085687904274074,42.140330556104686,1034.2633538505734,33.535976285352405,14.364736507211962,3.801142421782612,5.944007346815477
-7.738635554473097,64.65369471123526,1016.8738235088645,11.816300880472896,91.2881745222697,5.613953008305677,-2.5345462324446544
6.266516538163216,47.760186832976,1002.1701985417651,21.919044857046575,66.89530774573036,1.9795809054479152,11.823202858735382
9.4338644844741,94.62941521013065,998.0710717360935,0.8431435041052204,43.798602156196594,1.6383796153390833,5.971154948771456
3.567451588694796,93.81161116828576,982.6423121877203,7.5805318965238015,57.32595702642831,4.865909038467426,0.5695351565527482
31.436875457596464,60.18974559776764,1020.8236613318132,4.6040246561809886,74.5613905176244,7.675276387417103,33.959465612013034
7.837666334679465,46.230719521460685,996.0972990780724,11.987208646912922,77.30318987057171,3.4242829979369405,12.7469143585673
4.046725484369038,78.97059311653112,990.3693745411468,5.000904501216113,91.98941808189646,6.06113100041788,4.983019671945232
17.134804157912424,22.93703547864533,1025.7680974679374,34.595501330978095,42.684278889562265,3.507853064705365,25.052874152840573
-2.953788751261868,57.9815204834921,1027.6846480475085,1.4519951104609685,29.3410910019395,4.497517548037367,6.659469492054355
30.109849037701984,46.90587154162668,1032.6508424580365,30.887025031249898,63.96642667898419,9.158016866264422,30.775931133067264
-6.272467816011459,93.64287080820438,1015.2503827437014,7.035391541278713,41.57278992795304,8.702556629454275,-2.167855265140726
39.34434683002586,20.960242181814603,1042.583822364272,47.25807285889484,59.45984539489779,5.6441578907586685,45.48786704701732
28.61223846483287,64.22519005746793,1045.543992737876,46.65470365549271,41.99857984559502,3.1429506472487088,29.76825063906922
-0.06421592329138015,79.25308648533007,1036.5159657854742,11.27515512604813,15.299578667817448,2.7386552145972054,5.359286904446606
-9.72389414381988,58.8014390019233,1024.4915437405732,30.721064911151473,46.94267516589584,9.586786177321429,-4.438131417126466
30.773071422741708,26.83224241301773,1001.2604667513832,1.4002659736229217,69.09178219410327,2.824449368596188,33.67483400225144
25.342867192380858,97.79691120223218,1048.8061445134156,46.589427152558706,79.92838076676499,8.273514798212853,26.57057229607129
26.450358402049368,61.44083451008783,999.1895317034357,26.149365409585485,49.332627679654685,4.320731885819836,23.496807577300824
28.563517334297288,69.13489954552091,994.1859845393302,2.1611575708889497,16.52378902104009,9.870938628024145,23.20469773956013
-6.297767413295482,38.928782616600586,1010.9507879650608,17.12499965040687,41.46877096494316,4.313401663265091,0.18417479522199168
7.923286427213629,58.679846808544305,983.9788399498672,3.8424730930617104,78.62939288416982,4.163649624196535,6.309931346305532
-4.206547023743514,54.33195935666575,1048.4946125270253,19.647221968667992,41.285927061707284,6.737172659898608,6.856388192433474
33.155171293779674,25.9916673601587,1021.1903489491498,33.49631710806615,69.65307936042223,9.653651259641373,33.320364300578284
21.164906341377897,28.49282828379738,1018.9866464164922,23.49449540207198,50.721368167808976,9.785886452167896,25.73982883885006
6.544901242632459,86.99780156950196,1025.9057395929804,19.186108735972724,24.12231251093967,7.364855318202867,8.651995891828209
-6.822082485698818,39.18559617652722,1014.7916553444045,5.95785227702324,79.61505080230744,7.791457290727183,-1.5113559706269535
5.54911608578311,35.59666171989044,982.2444461966179,12.246952284682816,8.421345407068703,6.070619583757249,3.9387669748266574
6.259166101337353,60.39291610001114,1022.8617902188278,5.007164386917556,52.48902827551506,7.801981652190987,9.313727435568754
26.480308916903205,81.49977050900104,1030.1321713869502,40.37493658283304,20.889103424340494,8.73801689473447,26.07656170266743
21.877873567760656,24.955721486319035,1009.1724342436837,6.761991399236128,6.706562854137566,5.3748577287552095,25.879491249008787
34.36063712881633,66.14463357106047,1033.0106900449834,29.768668327444676,50.293393708324885,6.578760365470927,35.91778822893869
13.610746258097464,29.53683542724587,995.8900909536894,17.137020679442294,49.95621559349236,5.835850257097429,16.347955929741367
-4.0202877030849145,22.916884066049477,995.4893613746328,11.298919232759175,70.69009016757208,6.062235521758095,-0.00918355030756901
25.66223936114975,24.219516172977393,991.2991891381301,31.973421974605188,74.47506930519049,9.010431188865468,27.088355251318706
28.03925243084487,86.7331286566753,1006.0396331852413,22.850115468847033,72.77914886928968,4.200551471850132,23.773702426011653
18.063859878474812,29.437798690244925,1039.2908424772359,20.007273364227956,40.9558732916755,2.8736562304056177,26.792819224977436
28.54835899772805,23.612109152983358,1037.9538443504346,29.642600244611078,63.168978722656256,5.106520992462662,34.25977218917716
14.689779818219538,55.03199097143298,1006.7976945574453,24.563381424500037,57.69452426439603,2.8727667143313864,16.626481143569848
16.136641469099704,87.51947775536198,1021.2383115186166,15.17421042757804,42.15617561169196,5.485603830958173,16.712967102429545
11.37705091792748,40.99267011914415,1030.4571421532441,27.953064388262582,59.72126941859932,9.131572948213527,18.34926752742945
-8.72904366279524,53.73700940207331,996.8844742239617,33.474928827534725,94.72478767062626,6.5569016843423,-5.874500913084953
-4.605428650334778,23.193802605100096,991.7698760126323,1.334657929342714,19.289374368137736,8.698895679727698,2.5563110855365134
-8.428540715663287,55.92628113079007,1048.0467195248618,23.293586445383767,90.57720957855263,2.4957182765396064,0.7665964212606897
21.82052056318902,66.2090464509707,1023.2290119246733,2.8841642291771885,5.345551398319836,9.107862332834591,21.051079668093983
5.717799053816334,65.67256430017159,1048.6991005283564,9.320270703405553,30.838921290166066,6.4160844796640415,12.498460756945152
15.428534558235139,46.594135373949214,1003.642919099256,28.025436703898656,28.814524861152822,1.285838098664318,18.669726404753465
35.37832369630465,45.24265445305084,1029.2122189981892,43.30944576327904,62.63651078809057,6.698070597565331,36.35940570740383
2.4646114574437465,28.52988951492783,995.5822545578866,44.140283959424245,13.122495177729032,9.562572606348262,5.126977154437857
10.519146151781488,49.34386565170147,998.2840119891739,3.4972005069315637,88.23476118397538,1.7125030042782585,10.45423352181488
27.777556927152432,27.95957350983717,1015.8331484888737,20.95525431433533,82.85514084650413,6.242105174226149,30.832474515207437
1.4399082745811231,81.32767557696413,1002.373268785565,29.150324150227565,65.20658196852777,9.239307425827432,-0.4294431905852023
-6.151004508560351,97.30194381985487,991.7335094688409,7.35349522751717,45.841383179219775,1.0872565150093711,-8.37172022901992
4.487572645688401,97.60595653333655,998.4016491392529,38.27161083723858,93.29560421420784,6.678216338192409,1.0476596895464563
-1.9389356372997781,89.2056879500315,982.5023876126105,37.21176292186194,83.0746554720556,5.274120626478664,-4.379585816224562
36.484882617128655,68.06337194716953,1029.309653503424,45.16705068533973,49.93151480812449,4.122903867837495,36.808871121317424
30.40601897822085,76.0692557795104,1014.4481659960103,0.4243006041721509,70.18733544543112,6.647828409508384,31.063675334195498
21.67018782552117,42.816464214433125,986.5970146483168,10.834212199450132,56.69299521796846,1.4743188512867524,17.2660158717246
33.57302950938588,70.46163361380965,992.0185795189943,41.35933571226609,58.794223838826454,7.777567416586601,27.621635535328547
30.183603844955726,56.451963955190195,987.177417667885,33.52900254134677,33.097606943747124,1.0403152922773686,25.1465050081471
-0.6714970556982074,58.561387182154604,1022.8814965793114,44.71949268492454,46.208460462489676,3.76242169413117,0.8762015485717232
34.627949924498886,80.62212483001264,986.5947254528745,2.858982726513326,7.812143078974421,5.535627739162106,28.86221466447295
16.967112095782536,42.55346844778013,1032.799763312465,29.848198285822143,35.73486916645925,4.393200255098965,21.944467953297874
30.372007758203125,45.44316893556159,981.4357643524273,28.452328744683708,69.5828515362152,3.7672834168502423,26.99655263949342
34.80456499617466,93.97134329029093,997.4563051597124,1.7837208180266184,95.32160305061863,8.477516309212865,29.757926669060325
5.900173748593193,24.49794358807778,1042.3466673124335,25.676103845624176,96.30641127630203,9.41349316844718,15.024866043275303
-4.497403773616162,58.85074387306723,1030.2971922685572,30.476015565496212,55.57228691248917,8.863414164153,4.341450245503606
1.3967581270970832,93.02406403262894,985.1077833047981,9.56465871010536,60.66222518095821,5.701881817449997,-5.409213155913598
11.355389431312815,68.82904062545256,1037.4788273139625,13.666479156233146,18.57211855009675,8.957477576741347,16.95572764900318
30.900738296124658,63.71256593697056,1014.5124585078144,32.017367314886855,69.53081080935307,9.287754086633893,26.21812082319225
33.036529162817175,39.979534338348415,1039.274811901818,23.415047379997915,7.065879267438624,4.683145573427158,35.77876991518731
-9.652393473440465,47.46203912515586,1022.0517842115275,42.90068287841634,28.468568579944453,3.551012735549009,-1.7891366886098505
15.537365128878285,88.16387326437544,1027.7283122423,17.119088300459417,66.83633472854422,1.8843868523198828,14.908547958836937
10.870550157438949,64.73745054147665,1049.5451092276996,13.332982919410059,31.03101315434893,5.311827289443062,15.978653191281545
1.1053905235365118,61.17937550054239,996.2634882146813,49.243297017242135,4.984687411445432,9.516672283945972,5.786480253133977
-4.00673163331586,27.966377083202314,1023.6761902332972,45.55678850650417,83.18704093509638,6.048167752633339,0.911978951854381
6.880758570181399,21.282252516409848,1012.2224973040179,1.449637249948993,31.033000713456303,7.008058916075544,17.207999122622585
37.14548519562596,97.09481509496393,982.7616367045885,38.5364307653283,6.310522485867843,2.0159543664266284,26.94909684694828
6.160146601037763,50.15889338294733,981.0129449052006,5.516738691260148,7.478816450286518,2.2916769772803063,5.049859698585442
15.939531087168305,68.25704496796035,988.3460004472502,1.3742597414685476,25.175879878875364,5.180259357637053,15.404797687846736
25.15094794475889,26.377205854982797,1025.4364218376984,13.684775798317444,17.801594722152625,9.561383190853531,33.07254192147431
8.1814801189647,74.64914285784373,1019.7014161539374,13.467293953055215,77.43001177801509,4.24706177432376,8.972038513713693
38.589104136048036,94.60533669647687,1018.7400692814609,40.96593811734823,32.168404666703445,8.897356371857802,32.97452548681735
38.122364747105564,66.05322023979357,982.2299733769783,35.53336229714176,80.46957850398326,2.082597340831404,32.37131977691439
2.5891147912682086,30.089225790032845,1012.8512097452005,49.08047136660071,17.38459978231528,6.553154862403391,7.843256027679398
14.862425294619271,66.53772219787814,1044.723597248977,35.57564501559092,49.28791795440838,6.405516792194664,22.44363672244591
5.043915490838483,81.30777704837219,1007.8314308517453,20.912777662802394,68.80371335531288,8.738872750632417,6.942005656828164
4.242024718873381,52.51332292592149,1023.7445728851919,34.946383047260845,65.19908538658548,1.0298503396441134,12.835469975682697
-8.15565263227336,90.38701983531743,1034.5873072936201,49.9729533593201,60.112940993026875,2.7093850047781496,-3.1166407005134342
20.478216698994842,71.89463626858915,1034.8747695399322,35.507094128126404,92.48216019311698,2.9771886288653358,23.554396313903926
15.133951161443076,91.93991346313621,1016.349605767669,38.08406779901591,22.852514770674436,9.549694792816636,14.700345629406868
-7.426062437500533,69.88042489978697,1040.0566361781634,46.91825075951297,49.37192044621054,2.3832429064290546,-0.5249818785626592
3.932323211830571,30.503037760385936,1007.3964665354623,5.6825630655841675,88.39925500724087,1.3326611519850435,11.423747853867098
35.41329429833269,44.775336888415126,1042.208525034936,35.239214672386346,7.789376559515704,5.810153452676272,39.56267367185671
1.9780945333486208,36.143595860196555,996.8159016476882,42.54029789837245,5.588826825307525,5.757026161903135,5.7616230550554945
-2.7552563954388454,92.70611981734899,999.61514848934,47.718930011044655,23.33022875582914,8.596422688310778,-2.3131320414138568
14.47263801387815,80.83200538299862,983.7184436939301,10.548464485584969,63.30212195380185,9.53973685160022,11.722434574087462
39.282522705530035,74.11186951280048,1035.6907285579598,25.19645038621221,25.98796264498069,5.846908979261179,40.55841415152824
2.10276357557502,44.07730557052973,1009.1938665362894,34.02774238222409,19.023988380879896,9.3699476417769,3.918197879735528
23.606777370293926,34.723581764017084,996.038162973798,12.373386475066873,45.88023153582921,7.5264323616984665,22.97422217030518
28.08098076643588,80.51608703911295,996.2253194331606,30.023643162513704,61.35980687694115,3.381032151960265,25.046929351171332
1.881877199619984,57.93263567032638,1043.0979958860464,12.878939124899969,24.85577070167404,9.355786398495336,13.632999556349867
26.410817430592978,38.06316417205033,1038.3741620322726,16.672851026582364,30.069118672374206,7.006988585636873,28.44576298473505
8.38915663596266,69.32975825322201,1018.7471619750029,22.075934825543253,61.35593048115139,4.726863394683704,10.156953740780938
21.615291529678974,23.226708171076158,1023.1277560291005,26.459504937328347,94.57384219894527,7.1221787606523765,26.708290508869
21.676485538044734,46.09362033026028,1013.2027899385204,22.46829358125753,67.47417274380882,4.611815449693758,21.835977968471024
16.788734203737924,57.48455956729077,1007.4166580015166,24.659775989396458,78.29041435845599,2.0276539118916332,15.906129920188269
-5.485511497279585,31.83666672875247,1044.0833816852833,14.929437814414632,36.68100947554688,7.470808724592098,7.606256998671521
31.7651247794619,98.77235820726716,988.7928892464212,7.94825470113153,27.22543593844661,8.416788509536694,28.182839996210706
6.039003248586791,36.72778916716914,1009.291275280136,2.367498866341972,45.426774320262254,7.55925579117449,7.406598863984262
-0.6740744800072882,30.42825040346124,1004.1193335591513,9.798936124583385,80.71328287116737,3.062032009810089,4.779777589397039
-7.961242922261804,36.28278991095171,1014.8705504175804,29.09718207528915,45.629964179055584,9.609715121298516,0.03260446565470443
19.54464715941209,81.52489065277794,1012.0342312181623,39.30577239015662,84.6725408789861,1.2272910552204033,19.491232840895037
23.878218092114118,54.04045274174742,1016.3222672155757,8.462379872144727,98.8771980695127,3.994167676380765,26.636724933824404
-9.170608553607192,65.23327518020304,989.7943284058896,5.427767888632423,7.202666573033634,3.3408319108140594,-3.2931133186583086
15.60465291496405,21.680732558908858,1015.9199051059294,37.46451802746251,4.541015608370369,1.4331360485336586,20.102069424174605
1.3247887598968973,22.754504685865165,996.9693169721047,15.257916526864484,14.958970291336183,4.651567236898016,8.712197371299826
22.258639520472492,55.66604398616129,992.9031944291734,47.57497196136762,38.43696757343462,6.60803356146497,17.730555299124404
-1.2816785497504277,85.33241945612988,984.5383953150334,35.71589853051865,13.104220914543241,8.942975771365912,-3.905090059871473
24.546886905123294,90.81911029660522,1033.38567911293,16.337802362151542,87.0664477618756,9.90720744572323,23.364856642860587
9.336767315026869,26.936525407651217,1009.9209344599592,14.477137389685247,2.31462510270638,8.272806277639582,16.34734236576835
36.836499436836725,63.06904816808182,1023.865057831823,26.18491931356545,31.579271633582252,5.218124668415423,36.295127651677504
-3.1239527927003374,93.05837490234164,1030.931534031332,3.9572334139104717,18.469462949420535,7.5133398337032755,3.057480693061442
7.053317552512926,51.03782035183091,1027.5521665719486,5.88382563226495,93.15393301575324,8.592614097306766,13.124190733098416
-4.326323937970546,86.36526651426949,1012.9350503362778,8.792894065809625,66.9481004890028,5.187764767768132,0.08687318205269046
36.23468091392814,30.695652351954898,1007.1528970266211,38.73617966522801,91.20302564513744,8.065489906229498,36.27482010712579
33.86696766904905,94.8315591734239,1006.3171936748464,25.692867963456123,97.23287103103934,5.343871764815891,26.87403057792952
2.8970813857577795,80.11386540250422,1024.8034157851039,0.5283561387221469,49.70982436773692,4.478463917890505,5.873969641357228
22.999202301708955,95.30675142295213,1014.6356048459311,33.67582637360545,23.431910804802627,5.734817540053851,20.380793790143127
30.86111001006079,74.12937868420052,1039.4392573591958,21.184508933024855,19.372878619658927,7.082692638644303,34.477404285857084
17.760040579973115,49.07231455995416,1041.2291389028699,25.542618248189896,22.291886168584053,7.5419385068673765,27.803280357429497
16.482528917800323,95.0544938019778,991.9392264604563,10.705812170646778,70.85933076220029,4.210626420028971,13.26736514983962
2.0926145450225846,42.045342104734274,989.5363556082008,27.58911141970518,4.044572812300073,6.141882264004313,5.481155570112394
-5.344861609705039,46.5738017649386,1024.12806482252,48.95766198757443,5.136107303271487,9.188837866724024,-2.323411754973439
34.860787897666334,76.06467344013922,1001.0858023643596,3.6722345502880724,60.814294238315,9.786816100995757,35.55166616381274
35.02090285816652,81.22530396203089,981.2999503135569,14.195869983221531,64.20571467374066,3.0452328206555905,28.966314582609918
21.655072863663396,94.3522787079323,1042.2049868554068,12.149879643041489,66.52629243224601,2.7354804914200734,24.482674661320686
6.951489552435035,36.38419272449676,995.8830537070666,12.42746553755898,37.188050458859124,7.090170700857836,9.429723385876223
7.460478730633046,83.83984281753791,1045.0496456180067,18.935317878268865,80.59448887141531,4.732154972410995,11.230500848704622
26.297783943511966,79.08368427175708,1030.2204115614777,40.90548923720838,53.36245877266176,1.2180010457632333,24.871635291165497
34.85551299762886,25.10356450028783,1033.385744293804,45.64293449821937,10.546563000941944,4.121756835825558,42.165487071387965
34.354321213255865,50.97785129681655,994.1023047055212,10.110754372948666,79.70993070673453,8.26070269125027,29.75474403813088
28.99377729288119,42.62123656480789,996.3936097931769,27.147496897405638,95.30677862704583,8.176842373448643,25.32014288213794
22.101582307714388,44.359233948322434,1016.4887427676846,31.844948608274017,6.003631300235868,5.452166339349237,22.714229258279264
-5.793001750247559,98.63575036437607,992.0469896854903,26.091373718192244,39.13513387005799,5.253201413987818,-9.708793255869121
-1.9185642952693112,71.42219307839423,1001.3802184878123,21.703819709845977,48.751604483474765,6.215566981909397,-0.19210015987989107
34.927709426353964,77.41409262347997,1002.5023734563463,9.598775292961893,14.647076007831695,2.9745703950721842,33.568663881656796
20.321452982979498,98.12941098520074,991.1740953276935,24.410967959961926,86.77089477828771,5.734392624018599,13.657463405328382
-9.540147419168518,50.17614259661109,994.3627983376613,20.060741385566445,28.4149644890044,1.0994172405098355,-8.7184825921729
-4.9264228566983945,84.14721347622448,1035.198628940578,39.77816812511348,78.300853993816,5.2800359930482035,0.9553720545687279
23.175088455402793,54.76247706435963,991.7037098183088,38.18021795814976,67.0994482028316,4.024459416255333,20.052823921422803
-9.746920807689065,89.56269374519837,981.9920174290746,6.699934060283535,59.804582246702346,7.073826453132937,-8.48064317464131
-1.9595974291250666,34.45260330490426,1024.0548459840256,4.425952628153379,19.21428486965544,6.7451822573736475,6.056046588442987
17.436689468329305,95.81489416514236,1048.3188183574714,45.40769716137515,22.07035205509057,4.427522921645281,19.61311885116712
24.594759884634662,37.50173667287037,1003.1849670236185,26.775419448224884,4.734840474656932,1.0654568333073242,24.74532032015482
22.598062975130027,46.097640558474524,988.3058992237377,42.89004686412953,24.071242978226636,3.270462664554644,19.799933045643705
1.2134654730279895,80.49537872854245,1019.9271127757272,2.9075560283200574,34.54436094605141,6.700130651702461,4.650381114018295
25.608961067376796,51.500411325232534,1043.4447947766953,26.325780826081512,83.31453038624254,1.6513600871575407,29.738725960359872
1.862454374840004,68.65691014131573,1034.8843245879934,26.971325728811816,36.63926667148053,1.9687817965011747,4.273860439303485
6.269984907963387,55.565880085554284,1023.5761107888901,43.035101627107494,75.46217827656065,6.823315221103784,9.138103883662442
27.324570255901207,79.38959496718255,1002.0539547625319,4.8804999114853755,43.944228129548755,7.80190660854363,26.369231875110444
22.481644952360732,38.266500189488866,1017.9316121293353,12.022278183795464,78.48683119938885,3.893947372114409,27.837197143295818
32.4611705247089,24.67663897895016,986.3871388912979,20.326915694350657,97.62716004370398,5.407057589649057,29.617362829481102
22.880644615017168,43.9943517978453,1027.526179699647,43.292073770997106,23.98415580575801,9.511402284852927,28.492295041697677
18.415430166773582,57.94469318947442,1030.7567213228356,46.94416575352835,86.23416119638762,9.509892059583725,21.2264319539478
-5.316261608595376,33.441604175414284,1047.5522136036943,49.63623097968139,62.18240863057747,3.767524970170871,2.781177046598971
8.385790152971676,48.383783172511095,998.227815112155,47.95967432292608,81.72942615886548,8.289890875153812,5.288639413993469
3.2601183840862724,51.998641463485484,981.2919493330115,0.29708779221772064,65.15859022678052,6.345496475261729,6.22666316497479
2.1994821689541784,24.591347495061882,1018.1925925099006,2.3854170726936017,42.394950727415015,9.77936044015342,9.76586261633436
38.65052773762228,66.66457985473636,1029.475335307777,7.380340957879433,22.807493944179036,5.298522127399869,37.14393639072744
9.654886233338019,90.747474237703,1035.3285233118092,17.443104838513655,7.003522533116502,7.972361812140054,8.85542627129571
34.602327758855665,32.13943303624419,993.5617253117367,41.495901549347934,53.5518364460717,7.913234166533839,31.00885544967061
21.556931299863145,67.82464107212112,998.3227008325916,44.632809766774024,99.03260945268656,5.4768958086976856,19.223686673656747
29.740565177082424,73.1791363928677,1015.8813647687108,9.341720314729152,73.80418050142062,8.16067102867577,27.944885900568398
15.131854655259605,53.546774433543064,1003.1420566979001,30.983207580985432,32.73455413990166,3.3493629997629686,13.393992307655221
18.845194231317954,76.0878069891416,1040.2358040611211,45.86809925326383,82.72048000867352,2.10027732661206,20.574604646780454
14.625884690943195,52.85852347928096,1013.1632107617104,23.18658679656604,76.89840001764065,4.8264737018978465,19.504856421677207
-0.23785061009777486,60.370983038194794,1035.9705050871403,5.177178597639198,28.16357933534568,9.492675909702262,5.3189019362000085
26.122605763075263,20.58824356435416,1020.6433832337648,22.890682504231247,1.4307489794234685,5.506701473822758,29.225726712473758
4.03861812204279,75.3376091307751,1034.116309913198,18.789745114402862,11.81626385339496,6.717332247822343,12.00529138376909
-8.784201678427308,72.90741431557795,1003.2871090571226,28.88289980330035,87.73061903120576,6.617462103170878,-5.261890624658567
22.27361479535839,23.072070186107567,1038.199163535122,21.932934220355182,83.65630353048718,2.193155805425774,30.078290407974464
-1.1444660296475533,49.460008591610645,999.2200620885715,0.8672963426858971,29.520900087836242,4.512671941394892,1.6131554127896552
37.02292921764572,98.32254726333339,1018.2269165602304,49.699886670683554,28.51954262844204,7.362450756296873,31.91373883343343
37.696428850129365,53.658925005489344,994.9804979221713,27.177011886528547,79.28649871024712,9.747910887226537,32.56181647926347
35.743219511022424,60.15563241054734,1013.2868565138335,23.681537774230478,93.7737469895422,2.5121596446732353,32.65946531774728
8.507935012772219,92.79441265277748,1002.2722646656092,47.7308685752027,77.91372567975999,4.693977013052047,3.6023730691119535
-9.227169173556629,77.3809500692605,998.669240144605,7.793018379353855,60.55786770307615,1.8558441982245641,-5.054643507595912
36.415928129386266,66.56561048993788,1047.6889512619625,9.461880127262411,24.267135033180452,3.1813881368433043,40.18772648928228
11.409207415865716,83.8243745072858,991.2051873840711,40.40073745313917,52.574791409526064,4.390834089935352,8.281645065462094
38.33274095218348,89.14930131647786,1035.1128086220176,13.041554001250438,23.351185859326463,5.865789231571154,38.36907566888066
38.18099885446264,56.55104573898135,1048.891547163825,39.961355314576345,80.80114200967736,3.0751019401517286,42.147267331636385
32.650472773368,58.00866919454683,981.3931038618055,13.576674145425127,38.696107951773726,3.0480639506081717,27.132902613826833
4.722444603479284,50.88407485214687,1028.9319189829466,1.6593815112500743,83.36972169940262,8.000469812261834,11.236855794555982
9.254886430096263,97.33649120147685,997.7038263889401,25.8507361943358,38.160921798272526,9.663774966521931,4.81221065930566
32.556833575842845,75.77330034322803,982.8341477029813,9.834321706343069,82.41494051998913,3.9125167097631057,23.716912315323995
5.846100257813884,26.65784529664578,1008.2022705269642,37.892314646623554,33.331781516524195,7.191928167721121,7.928216100877755
-1.5253626656953756,89.03676986504148,1045.4652467119613,32.05998166160741,44.013270461766986,3.3227241522212867,4.066452626468993
17.840063122917506,58.444795266901444,980.8235566056899,46.18013339889589,61.54884193426575,9.351570294690688,10.096917885165494
36.80773870803905,25.500312513798995,1021.1519984350847,39.14941786328679,7.028761402991868,7.056121241488585,35.69730996455557
24.801489833748647,63.977380413064886,1015.0977535016727,9.038797742036342,94.82070618154644,8.22409169173813,27.86007884906061
18.50305850446825,53.37314231805617,1041.1368915059734,40.00791183323982,57.36057861238032,1.4441863887924833,24.07624544729512
-5.1411753114615735,90.21995238900999,985.8801200164438,32.08685224070116,50.78200146908023,6.386553714165622,-8.213593271838663
20.750361334958487,36.319568288750986,1027.7068220920655,33.44758208803125,83.93939711199121,5.74851098222544,29.75903479883202
39.50269250521316,86.11716875937464,1027.6076788903295,41.613144298507436,86.57627298968276,3.6369721622037883,33.4519103098792
-2.995799238173799,64.61509529483621,1026.8356011803598,28.691203459447014,52.2260404529016,3.3618698655158625,4.826365580970645
15.916482618186837,24.368824257077524,1045.9634146454525,23.300175717650646,92.72623257936374,6.220223220852728,25.086075530269127
33.86865359639777,97.74762410603877,1037.6161270304817,31.8320517679364,6.4737766076480625,7.358370715065027,34.58945614045607
27.03843088771022,61.009219528256,982.9380908370454,14.897871447917954,11.322579225121753,1.2985548133167006,23.015656179995727
24.850787049763397,43.270148338526596,1012.975799549316,9.129856554354966,59.678823001444016,6.106614237313339,23.40694410540589
25.12420419935546,57.55254735914065,1007.8567139340934,30.82939190356232,35.40658617935837,2.534135760519658,24.57932821077443
7.974557560987758,88.62862268139912,1001.7103054763561,11.692418454273884,46.422516618919886,2.263264582474905,8.031120720346582
4.679592213224668,44.39224995080508,1011.5935707607869,3.995755467330336,32.80792178971665,6.608075392852161,5.581550628879246
30.46805777392568,35.41411171893603,1006.8935929448185,0.0277092292626957,40.47253114449356,3.7978310549572574,35.98547023818538
30.50566973395904,30.325699754470516,1010.2633729915066,30.415970070003358,82.26463471462995,4.967922098213776,32.1448859270789
33.35361592900519,43.8287518712169,1048.548330592605,18.10743917401184,59.34761998543047,4.239989284957956,40.565126500420206
35.66202762782356,82.40384696320348,986.2043082324707,37.6155485336728,99.73445492834982,6.8350268813727135,25.439225755628087
15.56711994304689,57.730109215620935,1044.556160888711,18.758819915655124,78.68791978209629,5.23107789459822,23.740361396155315
15.07581473435998,38.1985282954832,1013.6165699429719,24.300172411911337,27.366625410182664,9.671127958341527,20.765046050543653
29.914758948338758,33.294799968779934,1023.6619571849678,20.354248640769246,26.434511772669623,4.171444831958188,33.802678710567946
22.49819653888826,46.61835812083033,1038.1128076632385,32.528739555467304,33.58982701170071,7.662559062365517,27.465739463059478
25.098343862885166,95.19394983085671,1005.2324120404479,17.80695810074841,84.32594806477427,3.315633108247401,19.825413948216788
29.789633471805054,47.44213700720195,1010.1295335661576,48.18838249711545,2.72876506505656,5.578777833635322,28.20341456495936
34.50026709087832,99.04992607637082,1008.6662936195099,46.80734932992651,23.01812788712577,5.973127767117613,27.33675048904851
6.89975784257679,58.818436461228494,1006.2311715775032,42.40139513286407,90.4918420344267,3.9619835295645895,9.11791650405964
8.779147631997201,34.33311346321207,1044.7870525152825,46.015013528637404,63.989643608325196,5.246024760213662,15.43318176076636
-5.30090300795655,91.29120734348075,1038.0250923835108,22.45698442296955,22.68470955010564,3.5135077410864293,1.9011519351437314
18.9140070498087,56.82842985078615,987.6299992904084,26.821519839474604,21.914496823258034,1.054007035065838,14.656084380402712
-8.202886310162896,76.77370748036196,987.5686346733967,37.104629627912225,86.26181017594305,2.940834714740909,-9.358991350773566
13.27990090662301,98.69692665673215,1009.9508660397094,34.80729624692705,89.37575082770465,7.3005775524388055,12.376515525726669
17.13223173537883,24.01402802559792,986.9060163712967,44.53392978027354,25.613109096211527,7.9386672203683935,15.042887259732913
4.32706260641422,27.735564783005373,1023.3365166689783,35.816551362834765,42.05103580765323,3.5218258042502795,12.469880942971875
19.541663028450536,77.63653931702049,990.0584125083213,49.894235411423026,83.45957386283172,4.672386989362647,15.519528849841103
-8.47498750304753,42.54600026363776,1016.5661284776761,17.42528999157955,77.10074386098854,1.3362909412475,-1.53566597336287
-8.13259056253928,34.744111756007925,980.5053962902603,41.6498871119709,81.39161065660845,3.1335661098791254,-4.375349427986949
31.130028032982914,23.14895038557836,1002.1617443888853,34.88174114163321,51.83981907879688,8.012973550350694,31.344351082394564
8.009532070563143,21.747736958896144,1027.4033506570859,34.56932226075093,91.15490483051731,6.453876432385515,17.654872841963016
-3.646974367405761,81.95884824958327,1013.8827258159494,16.291779742249947,32.59515439544353,2.8519346975893427,3.1981136627727045
16.112163002740218,30.754674189564,1048.4788640199292,39.28008962115113,15.667213434751803,3.3169779561018893,24.06018769569327
28.499677654930544,57.41764927769207,1041.1872657246347,45.01880111737996,70.87323325648647,8.351218206906042,32.84837383535659
0.7910513748421586,68.47174521435863,1005.1349545330206,10.927423076028148,53.935441600689636,2.8817578265041073,2.1433902269730787
21.144523790950014,54.2681440455077,983.1840579030592,31.274841855835206,85.4585768809481,4.007419532624181,15.479631472317617
-5.7326267503116,22.16853218689865,1039.1938410080513,19.60674145513876,8.115924912471495,6.979228224891799,5.861604450961152
-7.415913941569615,82.6801202070327,1043.786401722027,49.47740596474385,84.36924034380668,6.050011471372708,-3.549047066328859
16.5677315784074,20.84105796333228,1037.4439175393327,23.941640791584078,29.32946532088222,5.147831847104328,22.95957723660579
17.031756080505325,80.95119155019873,988.9564958643836,11.416008689847136,65.4855667168183,9.0976698188177,14.956436488220938
21.871495074910328,91.46435950304982,1049.8540594088602,19.092881261091627,4.012878907825579,2.977394164435465,24.76978887080656
26.30456668613308,54.62719368457378,998.1008955086942,32.69191949083131,60.95812963036007,7.672779017766999,25.4902727144535
38.79260397312673,62.84339784782386,1030.694343896586,3.8044685674788137,71.7271689187336,2.43157456556365,40.95899358148074
15.815017415059767,58.1586714094123,1043.5624413435005,30.18009601106188,36.87502145056203,6.5416045013393065,25.517740615058027
6.1478236470623,51.1366894898751,996.4980980031496,46.5612379589449,21.541070526214025,8.835612070701819,7.3300423144902345
29.759309738435185,90.99396282962883,1043.5780988273946,42.51813938289252,53.7630676603545,5.121116069303241,32.65514024682279
3.541612563103712,91.51468085359924,1001.6637105436407,3.3836768328991687,83.31908044356466,7.518650564721961,4.573338276506457
11.948571035281805,46.865309171322764,1048.348925566884,49.66949393695341,32.35473582966508,8.383540176990895,19.79871178662478
-6.077180932886702,69.20558032117583,999.6882014266332,34.936346185193955,25.246929752127954,2.2242378238984246,-2.1661712296858484
-8.732462829227124,94.15260497166913,1046.7405077330484,8.114041215701185,27.893530863768767,7.35244205753899,0.988167228326142
38.132420733896254,96.96467991530812,983.7481255624872,0.6208044584711747,94.91321529166645,9.278569215898086,30.60668906795154
31.79900602561029,60.7167232337638,1029.649040816887,8.564131814607567,35.92769157645597,6.187335488699898,34.60227612672975
24.798710304684896,56.225984422746144,1017.2477793685903,41.90879603428693,0.3604239888287175,2.6751002007588043,26.1490107323975
10.447647220713495,42.29554527428206,1013.4513953985911,1.081966247258187,78.16812079596197,2.142482784300487,14.117720474169895
-1.3352839964577115,96.7097498552328,995.6446019979088,11.657365180904328,69.92747953353901,3.337617974200731,-3.5355482770439703
-2.1781478664456975,31.42514435782939,1029.3917052843544,37.86527976674377,12.856826460296888,1.9316194211501432,9.000866433956645
2.512144908229766,66.386366083818,993.3566644012415,29.305526794906754,98.49042491349125,5.620546644265427,6.091464533450738
17.461333235306025,42.60402140149111,1018.6989257189338,39.136785518009596,60.80622853051112,1.627342144360611,18.424046203010082
25.72979613500312,42.32066322782373,997.7271754128176,37.307525191339394,50.077949094060145,3.0106416217260383,22.940384844003013
23.009868835886564,52.397486990095075,1046.893496584695,2.5300693560902365,38.2219267622891,4.9591939952099295,32.559156210203994
3.9966948472971424,99.90343486525236,982.0041835684957,44.62557095470758,89.8672755563638,5.265232753618193,-0.4586951951938485
37.743264033159704,24.397304547185765,993.9809796077866,11.351591714113434,24.39634814185633,6.08858636632268,38.01241363051505
26.894845834788427,66.28334545628252,996.9617424471213,27.669622011488187,28.576890021990188,7.350534664756539,25.511934179267456
17.717702625570034,26.605772642822174,1008.9847478037472,32.21440782638894,12.24108066865669,1.4250577569892078,20.18711287606323
20.58603731171761,32.361666399241514,996.2911169309037,8.431410544254769,75.911909558426,1.7255885695820492,22.59123526542384
10.980003121389494,55.165035341831896,1014.394436318815,48.81156283504872,59.55492804058533,1.5477323662430267,13.142771433300515
2.3865494750578726,60.836810507715306,1041.0725866280977,24.40779780436545,60.90661692544983,4.808352839184193,8.385137116687432
7.798633932563078,40.70339266916192,1029.844439498642,2.8821347798696717,21.847043101946362,1.3766315039464088,16.335308501379888
27.892305523218454,45.31657046995329,1020.5973386374578,46.86310223889202,65.11683891270839,7.714731401481936,31.305001133112828
-9.280325568512207,26.957361620474643,986.2302224587876,29.313392159663405,76.54584472468639,3.0070016293463007,-6.244268379725104
-4.196367974654188,44.25758270754004,1028.5794475872492,34.95965989906882,35.78885307256893,9.452912439609628,3.7365532455565464
-7.699867898912363,97.32467515044353,991.6489999017658,26.258789496711206,80.13471439617122,5.377633795874003,-8.483033383659965
-7.963559884051493,95.57659053379854,1035.0457170173188,41.73689773884838,34.879058853202096,5.016931771979815,-3.814469579362793
32.77302920055036,46.7902632109588,997.5039730957108,1.6566731096605447,75.81384615092877,8.024848233755502,33.010418547853405
25.18289296900118,65.66831490230092,1009.1934109824631,13.418918263857387,3.3730107457718983,7.41838585503692,23.499928303133547
13.70869145436626,92.76763128887555,1004.532914162255,23.48241782013461,55.11646014736527,6.4657813685332854,14.402084503824664
-5.108291967449926,20.494705811271736,1040.11697402724,3.830180815685502,96.95265606398866,9.41632035625333,9.09682354933205
14.580793755841619,84.85468562700734,988.8581121099386,35.29533346633291,98.12446006823907,4.800333348883693,8.295712784133142
13.673588539028284,95.86956422311351,1019.5951417669352,19.68317070278204,28.17525783417406,8.276785081950578,17.304117219998638
-1.3399065044992415,27.306058746684563,989.9443126610144,13.633399513407202,44.139909108035546,4.420836511712366,2.8227746174458637
11.692582461898652,32.91581488263368,1029.335708529253,0.16894234042061362,6.297790798663305,8.545111068664944,18.25144402989997
9.925236719868671,96.85970422170843,1043.3554689456137,35.99151558749769,87.33413076045997,3.3352716606937176,15.600528486601243
20.792504902610823,63.0032114912277,1010.4225357707078,41.690465443643085,56.85721531402142,3.6034036555242923,21.10157238024105
21.75468254338219,21.135730757737896,1014.1664582185483,19.75202678407492,38.5100678940517,7.1008258061570855,22.39406968636625
-7.7347995113977746,40.61055990108233,1044.9195985537933,28.210898851668276,11.277055848915307,2.914419654566167,2.4526498292231818
8.730630731323561,55.99549394150877,1016.469397205455,11.384331296479921,94.67672854968892,3.062387683228859,13.400784296741673
21.29299578571182,75.43271288198142,1014.1318906634692,31.109882314006654,53.02190478209937,3.7473618611567328,16.309585515831262
15.156812929004385,78.65283025094396,1020.4830371893013,0.6068729157600261,28.292792908290387,7.110358926943382,17.803316672960186
32.824492059416116,99.63372103403648,1028.2460815454067,24.432194854937922,35.02151301315095,9.004492831809086,31.261381802255404
22.93468158094725,43.00089595070072,987.4818362560922,32.210274092034616,27.069718092214767,7.07110886014288,18.199185636809553
-1.8532786459285155,63.05760814947802,1037.4777369419062,45.9095886614867,60.18098088569806,8.450328199097127,5.247575379734038
-6.471562629978508,62.6658838287684,1010.4853519217281,19.066790856114213,92.99635757805099,5.8920453072502275,-1.8797080180796282
22.12096391031578,52.451620755779004,985.064395692824,38.25951014905149,85.66938033265644,1.6203089921063074,16.07078529800708
-8.67443447291891,33.53295150739362,1035.0327868438749,29.88435149717504,46.03808754259775,1.904195903576506,3.543916122875567
19.288779063673164,98.19652505470741,1006.386498018039,46.35060564625403,82.64993623010078,5.989527805302239,16.85589220967435
37.01151207124788,88.26537493332688,987.0257246566538,19.91888378297153,42.310548127632984,3.9502087177789864,28.876995601539313
18.77370889379395,59.86664226353898,1024.3645327680276,15.9547669936494,25.2307140758638,2.985112662732484,21.628100097379765
9.408496310326097,68.25963381472238,1041.609194740355,44.357099934707186,98.34151152664279,5.196312345723587,16.012503248107965
22.16441092211766,38.180884284772986,1042.142745658979,2.462220070414456,30.388756797082184,6.998470668138714,29.582253100120692
12.912644524575832,63.50296563133975,1047.0364432366282,6.81926964668384,32.37242309869084,4.4649275296227255,16.748197197502005
17.280839465796745,75.59761064971806,1040.739382183668,4.120221729202223,98.96928677865222,8.222880314416074,23.519674049839747
37.07324043882626,61.21336227092711,980.1498643541833,42.15549782882013,13.392749316565489,7.646709219142543,27.903371511537618
9.305131890038712,99.2228136467953,1006.6168816489374,0.5303711685159695,76.0533988009695,7.614233939436101,8.157864594868895
38.05952819119571,68.9073324998181,1037.2979805933853,43.08285777485241,93.58127584827265,9.866707207096496,41.194307698699035
35.26753209780318,49.677897007373524,1005.6377104198932,22.56338976856334,51.17949942754186,3.657069796344713,33.45270064908104
-0.21044326053517892,81.77216220926705,1022.1083954465794,0.20126394269853742,0.25217617028200356,6.8025302770680565,4.589016243403461
-6.531934956241727,33.637000926531364,1022.4421863162172,20.082258860602092,37.50589441131063,8.699305061442821,3.138444768401694
-4.961099931128667,50.76126509650132,1005.5517712827176,9.340042052251778,11.156899238482708,6.215719905225199,1.0985953283636418
-9.088908717422514,47.75671603020687,1043.3131749096901,31.22002437360815,41.61876609336957,8.105519585038534,-0.44853020920814046
-5.27785196220358,54.54456760862218,1015.2259841770282,33.96793949608233,79.00267616422848,4.73006967255921,-0.3848359558814552
24.150338670817845,82.54238607429811,1012.5348944156251,24.376378520249993,43.87115488838005,6.314422110893242,22.65811727643424
-6.440567576988551,58.73384257307259,1049.8259621963327,2.0259762719834984,43.192512134592256,1.5009975352389544,5.743459462822314
5.948781514688065,83.52115602127702,1014.5450254850832,32.806440218360095,55.67894769188466,9.87190845242332,7.4946474994604095
32.24376554847273,66.11911225118928,992.4878776350007,42.10193918027606,58.16905847476802,8.200166333035755,32.060638879897894
-8.836403213208706,47.365554772604426,1015.9148596004406,36.01621386632007,85.62963087989714,8.819281644683045,-5.06548840746015
30.72342412944679,84.79829949467779,1036.9811714863952,41.497895947765926,30.83554392289515,7.248648503286515,32.763510716422445
4.092738738669997,39.06317364424733,1034.3802228828797,10.025476177544373,82.1671264368016,2.6744502952782954,15.376285271550564
-4.091758618917187,37.95063838398364,1035.200723557593,44.44439698282413,56.59337486920472,1.2792559817622904,5.529410735546489
24.836858268207536,60.36023392438686,1029.5616648798539,16.10967253239814,30.052954971714698,8.781909469624122,26.61064612963748
21.4471423389942,40.86793967696711,997.7952480346681,0.6702407125995513,29.51260440060771,4.5669758836251075,25.925747044093193
33.873600676352645,20.726962796097304,1040.3458860088163,42.169582316453535,36.11375171057245,3.3747838843592795,34.69384160723133
26.75355219019429,71.86380218390411,1042.5410425763384,47.09106344823633,62.269324261997546,6.055056629550499,27.651485006556115
30.17404651924243,60.88750571779184,993.5906887632984,32.77790987086744,23.081173135994916,4.788086702281474,28.520011299329735
4.101728628565324,55.64142515945289,989.1318945585975,11.571831523171234,92.03335616722674,6.864993961188013,4.086124722310326
-1.1280228110138584,97.35748116946523,1048.2923478012378,12.587223214126519,57.491258417790036,5.354139097490623,9.060002176160722
27.530737582042917,65.6959347170331,1040.7826774555258,23.329643671780975,92.00157769960067,7.275098263962436,28.072762112756852
30.341736963363203,89.07452622315076,1042.5265303046963,44.891553980070974,4.64043585791547,8.680809425582286,28.574712379811537
39.52525710003366,31.156018896412814,1042.0463469237077,7.479882807377919,34.26113704614734,2.7600130986021014,43.9736685812489
10.630883845571326,65.5365170503542,1017.918077682361,41.29868347917435,2.2807660687623077,3.9648959250893814,13.25090593817577
8.600904289639157,89.43837013847224,1025.248121566606,14.565140435257518,27.225181509796982,4.93134027913575,10.770619947583477
28.820648037099843,66.64846058239183,1018.1753996493549,40.429308471454895,86.20064722685882,9.658526032248744,26.889720003649163
7.040177012650894,77.44113425016012,983.584444443323,46.01355988007693,3.660971584220085,4.288002521927368,5.866641255432107
36.537866280178235,49.763485424976594,1032.185215974694,21.37469359971601,43.614709991574486,4.429898646333665,41.86204517114999
32.92063759215059,27.39596136296533,1015.3732423335116,18.252532705276543,11.756707047322779,6.88125270663605,34.35546522763858
11.449701368750919,56.63202361016572,1025.339635235316,40.11106594856509,41.68406592603677,4.772797389009543,11.577540647834859
27.543553389574868,51.558351267108605,1015.1847863482875,26.4741441189697,83.88515842643773,9.561013710756447,23.92639536768983
27.727143704234116,89.36481459031579,1014.4267925625719,34.22245242315986,62.30710334025191,9.050218844278994,25.35036347416224
-4.84380655820337,39.51962418819778,992.0252376634437,31.141461848058977,73.67563453314231,5.620678999981057,-0.7201817079774846
35.127645333978336,97.33873820280864,999.5099600598804,7.644442282239816,34.910411544958095,6.8029771055306485,29.74166694368406
15.262618622392857,96.6510495843597,991.1196884360769,42.23951801447809,94.43976950101415,1.522275056952585,9.655303012811265
31.322873305387084,39.8105314457151,993.6966406937739,9.788755570656809,70.92620937795002,7.261574752291583,28.395572890066898
6.002480051530586,47.844156438185635,1048.1084166294213,46.61410720353904,42.17988192845309,7.36480785654129,15.470092250810065
34.77616142481003,91.6444592699108,990.7179412040539,12.528564571107392,42.64648002270549,4.2327936607888725,31.56581417934619
9.460083936708156,97.3297776716886,998.8489297013646,36.6940486636871,91.86841779432976,2.977145952627454,1.8135707998160617
-9.458117425985082,55.47512822688353,1021.3412760417009,14.232769674679602,57.64046934353918,9.235705616353151,-2.1428595252922777
35.26909882096318,45.67976365127183,1022.712500336565,15.889270429343194,70.63792099030417,4.84034410724615,34.99606773590734
-5.435666160693322,62.087521060123365,990.778189082068,15.500092639115264,41.70352245131708,6.883354943215396,-6.726526179152456
5.965681879520744,75.02153650925878,1035.5602198049648,37.39461270130416,22.369276476471413,1.2999591547863036,8.273457270962616
37.50309835254025,41.877961229998384,1034.9642007538978,27.840755898469656,72.35592919944186,4.726604499191526,41.13933473078934
37.53035734687781,78.91785396952582,996.6122392942724,44.14762279237486,60.78237721413878,8.35532929912492,31.681754576988524
18.671894406164306,24.132588569171283,1000.2066411872822,15.368635960202242,50.134288042477934,4.4881840036064355,24.12364306213778
21.591860608489963,23.943559421153317,1045.6591505821648,34.59962610283721,62.402093999446386,6.428450441231892,29.574051139997977
12.42227609891599,50.90301641164362,1037.7970012185635,37.64742998315553,20.828558606423364,2.888702204360855,14.757428795034697
4.660538584903227,48.27785536485764,1028.8457923143767,7.574105651497909,79.39387065319563,4.7487308395560355,11.571053847808797
6.4332272684957985,45.25065722937218,985.756325505742,20.029467865990558,94.81628050203058,9.34873946247868,3.9374078880018555
23.62592280385192,59.2815810135128,1009.2784856631803,24.140874717520553,89.11031441677028,6.0980657473093345,21.11064524295011
27.618726471884003,45.6586865849257,1019.151131045378,17.784369494718717,32.14357453070171,9.117383131836384,30.967791873191093
29.578952186292426,35.380633477447354,993.1187901588644,16.105629798456906,40.600577328207585,9.11817369540589,28.862557525248427
29.48090713972769,44.75756392708807,1011.3758607475758,34.32099469988209,80.84022997975612,9.497330203820315,30.64362652261441
-5.439694847565482,97.9923418248188,1022.0718114242082,10.793319882974428,59.51171308246038,9.058524940720947,-2.4070079414771035
14.721015235129073,52.88907335958789,1002.916367608078,35.469537262556436,54.79144436766492,1.0295301610927057,16.52677448602726
-7.122061999167785,55.57702214866686,1034.666137326534,46.752209819536525,92.66419675334451,9.406134024234373,-0.4644101597629158
17.476444116186777,66.12359919609119,1038.8314707147165,28.259876058887556,53.60249609770508,2.2371349517683874,24.210182032819052
12.07652506866885,98.66726147313813,1002.6526628603849,30.5717118369737,51.49386795873099,1.359336260000355,9.930257106669606
34.38520913791499,39.32810211486104,1038.706000814472,3.4466351062044542,4.201859126635965,1.4984968112024752,39.3007542239302
7.545750627603933,74.50256884259471,987.2503596272111,43.22384518089141,6.941695859013763,4.140245756587902,4.804230299445052
-4.146649178619707,77.27877548333794,1038.641036903586,14.272389359993277,0.7420307880650179,6.587236767419142,3.339860825094605
-2.850415897358207,68.58595334344528,990.6925302167332,30.752558276428243,91.32442257836337,4.6208007686709776,0.3487348690843137
28.075531585873613,27.086267170931528,985.8049006756809,48.95560848724011,40.838666001770065,1.2299885618444153,25.611130396465754
20.910903165813053,74.14978206620611,1024.9242783108707,29.77513002864039,46.856137613341254,5.288343707572432,22.088945026054176
-4.9438661938604875,25.12757688289404,1013.0356156028706,36.23547437321888,84.5386947592462,4.9791766804334205,1.4540944922551133
-5.794659694250129,67.69141196399175,1043.5523420288982,22.265980911187594,60.92463103757779,7.811643389514822,4.765147000033427
25.048456572956,79.16649417773941,1005.4232437263595,3.018292175752868,60.95015963905811,3.516516085828945,25.036267181066734
-6.361849681790323,36.87759124959604,1000.100658440634,39.879967474489426,29.653442935481245,2.9577805641493042,-2.884362397744086
31.093002964517808,87.32976060342193,1015.0514434300939,1.7499420631992835,83.39083739245193,3.303450619089636,27.30160805367488
25.31211135782481,22.42830444264034,1011.9162330038063,35.0328914443927,16.58299760394938,3.733658403668632,25.952884400334458
-5.932560967905012,87.50502909266449,1004.1099632352032,1.1460786574818471,5.31495921729479,6.392483860304498,-3.852213676810428
-5.758114295740404,56.82632405142121,1028.561890908883,43.11526182883353,19.160335751853232,5.243729369068719,3.3858724816359014
39.33197892505877,37.40703519453156,1033.1693283739735,7.881801791649029,26.77372187745647,4.032051086611521,42.520575178757184
8.713539787806017,30.70225159951744,1039.7088778321095,25.713574772127558,28.231105785420674,4.368827424553106,16.43273440795263
8.532107353344546,96.2645734065898,1048.099962329724,29.857535224157367,67.05135986187676,4.338312941430786,9.751804339569102
30.639978362875127,25.81324700649254,998.6659334492753,22.877270368670604,21.782458732864352,9.751660252392856,33.6620312180868
37.36242886919293,35.92747359487405,1030.1265437742973,17.03817446744436,67.66583044949846,3.0969728924765727,41.68899578595936
39.30005319114355,47.825787794643674,1007.5980764847021,23.390714809048585,9.113217323379974,8.362554042450327,39.14117786116512
27.668909262947082,69.61878791688963,1027.3957380365775,15.570787694057936,14.720246109790903,7.373897538293683,31.20326726479633
8.81297927654579,63.58408682208787,1013.3187183244454,21.906117354043158,50.8821448490995,1.0501300504319553,10.977346862743618
-5.824964165066562,30.05147939298512,1049.5641171937552,17.945649549901532,92.18958025766426,9.938585963129391,7.351178477317894
28.85734579637184,43.17823869905717,1031.0231495053524,28.310241175357266,85.9567588811114,7.807954335702163,35.28964908193047
17.920212486790252,39.100141686881926,1046.6743910304026,11.896208112249173,96.87534424428031,7.142046277157122,26.869679306407367
11.211100462348814,37.08342835922731,1038.447868463683,49.43282774570063,65.04790652781709,4.647922369089736,19.033350586653732
35.3177192547368,52.891546918398966,1043.203070781436,25.043497669108277,67.5814866416092,5.996827800228607,40.75812478121538
-4.440125884692433,76.32251620733255,1037.0093438050271,9.708103870725482,62.50229989314921,3.2794380610072316,4.471950743487909
14.631255214542957,37.39623457737888,1012.1411391263138,23.853337478363624,62.28189228581973,1.3193506463112774,17.8170338206671
-9.432317761629047,49.33431037623851,997.6251917342819,43.320756476241215,14.712034506758464,8.524194926013756,-6.554241676781388
13.433032099706313,51.27339414729298,1005.9224122815366,1.0903396562197798,54.373895616392865,9.068360443130546,17.70533148833831
-7.184836215908133,98.11652235483281,981.4165362847965,33.97770595536444,38.606793345172576,2.462235729528159,-8.89083170708783
-4.059104186596404,96.3733085503255,1016.6795217225267,27.398389839696403,44.253721577729344,8.083504862611598,0.3083707218001268
-4.123687661144756,84.01100662016607,1015.3540460189286,8.477899718506777,52.36005730592373,7.670374059570928,0.7553908419472932
22.460515105803175,39.33271366553481,1016.7675325381342,40.87382196524603,12.83961718022516,2.605375017424814,25.609470756331852
27.302243963271167,25.442985127333575,1048.1821857480445,18.444231118700284,35.948773385211986,4.796459223173144,34.58411813129657
19.168438254857982,45.35233101764998,1043.8017802418387,14.690101440775372,6.344956087660359,4.804821287506931,25.338448977310527
38.10862742372709,41.34356395470647,991.3198944831075,41.40625959284505,97.9668130422399,7.839678324747236,35.273780735318375
8.743528976185203,60.47406401171151,1005.8217765089122,31.92625230958323,11.852802882012615,8.5389481519845,8.722658233645419
4.285604314093037,82.21823280542344,1009.6769325624283,44.91295418374122,25.85247385449545,1.852976092522339,4.229795211488666
33.429956409473014,88.66583511030865,1005.2373042496154,31.49418518355997,89.12929267033972,6.066723114137826,31.29112899943426
1.1797919259726317,87.58912683284068,1035.8947174522739,37.040882896605765,48.27100462391418,7.855736472359967,7.968997048150455
38.161126972030566,48.77404489784542,1016.682636890731,41.822294812980644,13.56372015206303,8.075715346586426,37.549892788953336
-9.392276265509183,74.97874747685464,1020.0469871880138,2.7369817954968454,38.42305380393489,2.3319417198736803,-3.7038147950713753
38.493941335381955,45.026735801937605,1039.7109491291549,38.80244794346901,11.586799419138583,5.729546288357147,40.887473422432414
-7.842004402471194,24.872443458814615,1036.4149707390752,30.685324092478837,20.02159970845018,8.718028357264327,5.007800469542886
34.557155684903556,76.12522124823539,989.254806597421,3.4753898257596614,5.202984694984503,3.8666671892675573,29.425017575742018
16.385055454314994,20.786204205583026,1029.9740208858543,25.428896093435753,43.822749454909996,4.826052090206174,22.372494341906933
39.64823980596502,52.734606996679084,1010.4805290231425,4.122903899197694,80.66361217252597,8.239226602026992,41.27971894666337
-6.310171763230057,46.35034154416606,1000.625423214375,36.79736008616112,58.596917869989554,1.8038756906538607,-2.454527566172074
17.69271422006604,75.4702030815082,983.5013174631531,27.325085694894153,60.63453054846117,8.735439609000803,12.005622533280244
38.46512678095495,81.29963782083031,1014.1074692241816,47.678676870614865,20.05840300832403,3.800410450577281,34.88145365610704
16.15489220850744,44.327570877702705,1004.8805676507172,9.156768578588492,34.38938432523665,1.0130528493201445,20.402136252078286
21.469931906763126,84.93016115558828,997.6059127773481,30.30167262601892,84.5242103840832,3.107432305507224,15.565486384027336
24.787434449230858,43.513340840394704,1028.627021071787,10.579106728524568,8.785618432651454,1.8055057680595583,28.95244201225062
12.727053238388663,55.7061087989249,1033.863977112091,30.703249236369917,85.79306536685337,1.8314641629661972,17.412573918534715
21.377904004203174,78.16148216113072,997.1352663320597,36.13248511804282,48.36900262647856,7.2355216072833235,18.58653985615601
19.21571559615501,75.43361833798309,983.4613205675543,36.11521646647693,83.71474313251173,2.9257870207515833,15.27612269722212
35.057900524549446,98.989477784976,1039.4126890395664,40.7536995341305,31.800641939440034,9.412681266792841,32.651327779738416
-7.727680982927106,38.01288193727455,980.6971818843012,42.677511397915836,33.88429515830208,5.648000919321736,-9.62436002953266
4.048159479611517,72.98543308316658,1045.597874574503,3.8635863133588524,75.16048683231428,5.140884321594267,14.312200290722782
37.520574203827934,68.77455266206219,1023.9333911787894,17.163357853620205,78.49961733922201,4.908551663981365,34.88247410327175
34.51318919454582,93.20787635920239,1002.5292644640924,34.356126017990285,22.964467799014677,7.233288757044686,29.083532485429856
12.782837639285646,32.508971331590004,997.2534536703715,24.929314369560608,97.28713248219056,5.070364862712475,14.34228482148193
21.006629890076837,80.14385308695464,980.6303964985133,9.533797337739575,8.449010424482895,2.1574032060267267,16.386884577907107
3.8690591490566337,65.46148930150147,996.4829991907613,27.6354785083349,6.850296310213089,8.921549625766808,7.444925029189195
-0.5939420138119349,41.97326958303243,989.6409811061999,20.371782638307188,59.55042152861027,4.855558140330928,7.641408982875541
13.18492024699911,57.954793131773926,1022.8516354506202,19.501913882715254,72.27407677716215,1.6660411812955223,13.756573560067373
7.66761140130264,46.702127765583825,991.6581912015661,40.48768587178319,96.08861292249739,5.76429388747985,9.473456167172136
19.182805592543602,66.34507222307687,1017.0040886275633,20.37991669160906,40.49457807988615,6.826121726101331,20.21690089001466
-6.113268151750758,91.12004886517327,1021.3081495641129,1.322725274021208,2.5291408989633113,3.480242177419827,0.7399133601389742
38.71974038330833,65.54439875297616,1000.862918884284,2.903166944554564,60.2896339446407,8.20306366906458,37.56703306334718
39.31053722398014,70.53779346612671,982.4545464313103,42.81220208458102,28.969602059877186,7.027982614336274,33.81799463795681
24.908085700987257,61.499827769176754,982.6077716429937,48.030040500626065,43.29471211954022,6.853070523379901,19.81148017604818
16.80481831720602,24.093240515638072,981.8443132535742,34.42046682278538,48.846948224993525,4.787424575810148,14.133107005360891
5.4763808143163875,38.62868455008754,1031.7387266995581,18.21841470500401,6.451261073803383,9.65723771270159,15.269816175264685
30.68975098534743,59.36013835456662,1002.2606793370009,46.93001578973637,48.59817845641028,3.4677025115432287,27.566073532531423
24.236558627693967,44.81882269957638,1035.7410130177363,33.14015431878679,42.631966680431475,6.199349509139074,28.252026824026608
-1.8691530327554347,34.54108782089554,1010.2212976689995,42.21667745996688,71.25442652865932,3.781496417253558,2.117845912427887
35.546359224692125,60.330627353475066,1011.7098670580974,38.29261520185047,64.56659112123447,7.703242776743986,35.24247558954266
31.12686214615845,45.82478347582803,1015.9017821756702,18.95696578862962,18.521571815056102,1.430123354831093,35.43600816710224
37.4899956645962,40.64861145387318,1029.9122019462573,23.935110042539275,20.613891821039697,1.413044810875443,37.51397707100927
26.285975419418,57.11883339523047,999.1452006080794,9.306607718404974,25.100617877437326,8.297748725669123,26.42392662513639
20.670759796789493,30.66274064657385,988.5111144673468,14.600705022036703,17.89504402971773,4.90841344957304,19.918984123700056
10.912151814530944,94.21965864603258,1018.9240134634023,38.90628306432609,65.72131996684672,4.070620491403202,7.696499420578505
36.63642416770066,89.41616783353912,1002.8884336269917,44.69891959415541,99.44301792002706,6.467741759578046,30.481397821729434
33.30319447502042,76.60964685924283,1010.9743919567626,36.22302116257059,65.21083405159366,7.317094094820762,28.347675730034666
-7.73906649469053,28.4971062070765,1025.2862695836113,23.258684832831918,60.66815461912912,2.8108121215996595,-1.3834752767533618
-8.6816512751374,82.07018035757544,1014.5888018798889,4.325463446987376,40.992793335107244,2.668881172642584,-5.536451847287923
8.82316834390248,84.63658624872151,1023.419517197059,2.847397434922411,31.25802588597607,9.623356729838934,10.043776064404408
30.527666539091648,81.42116941714701,1018.0940001479539,18.71627823064269,91.10737569064791,6.306978757461124,27.91973540939031
39.363806465747224,29.11727096953929,1031.785746035527,23.191085938383154,96.9001874142153,4.511048295648413,40.0863932728245
-2.479155444823591,71.51263656542118,1029.4155632398133,30.456031110664846,49.67761755877278,8.212975252025558,2.2709596598525805
19.706535767606756,86.74598365995189,1017.3932924266034,0.3244760693498605,29.020049550655745,5.726430629001254,18.977148514024655
9.044542831551077,66.18827209757342,1027.5232114601795,49.48614452331532,77.01222076697677,3.1749652933712325,12.798201886165012
38.49571989073016,71.71259001824711,1041.1491721590828,18.196944170202144,13.245679086687845,2.8606177507741646,41.43396129380981
32.105946156785436,56.66907835410449,1010.2589901451718,42.40473319005607,76.55882376436816,4.571733395528396,30.6954369807691
31.91643523555689,62.296585590724206,1008.8934150924156,26.74833528327022,81.89483743113387,8.739062742338916,29.670949686917226
13.434657989748516,22.750148668138017,1033.4971934596665,6.521972726667324,12.490394462716736,1.5530312443983303,21.773072589067176
10.74097511688326,71.11704175786276,1020.7787685929396,39.878277626726096,97.68614687965638,2.9667340067928683,10.88921694150366
3.6703535965353122,26.515777031292735,984.9704746155812,35.491353745993806,98.55122903884784,9.038366369673323,3.3435525807692152
-7.181225167453644,54.80116754721787,1042.4478410983756,26.3718042464614,93.67194793273512,2.0956111207232544,3.967658892477722
33.23611881275266,43.412407813392626,982.1548171566349,25.727654566689,49.60348094062643,6.666631464377515,25.2951430136282
30.64505045650388,63.634236016937045,1032.387744934682,4.373980287546403,24.607414227682845,2.921602313089226,33.435566855872416
39.98588366430653,30.673306841856565,1033.115589989302,32.792447428693706,58.2009280881913,6.452801627606995,42.214794571150236
39.831841853695266,75.33147215786545,1046.7177759697352,45.56225778771499,41.993383847143576,4.447937501598089,41.75836551183605
17.771585280131372,83.60092295427762,983.7894085881625,4.662245961067918,20.59486447171971,1.915092067878927,10.903048675095729
28.449370759025527,33.06835597945252,1021.7799802549143,13.175572532445246,42.36764096178476,6.242275607986958,32.169676489402256
37.238286494121404,28.34504698815057,1009.9488399438937,45.11539867210494,66.38898356775906,7.147384723761274,37.30746450164818
32.482369533870575,31.64123862298873,1003.1443068401679,14.217195490989665,7.091331078599106,7.122453570692225,29.0300388281786
2.3674050871598826,90.17020495188014,986.3222992209351,32.69718360899632,33.34180014460165,6.7333096816543865,-3.036492315097542
12.527206765504676,62.2551409405085,1019.3857883769916,26.740908247157208,1.7794890012825193,5.502023028419912,15.054957626003599
-3.542029242425251,57.38087968060021,1013.532850797223,29.816380250193102,74.94955054616756,5.675253551733931,1.9662071918329203
37.70255136293612,28.53694552818834,987.3188120705717,20.789445078862656,64.06912676167008,6.720760988271636,35.18756119510865
20.308731722544003,71.96448054055693,1022.8742654967958,14.999573527685556,6.2672134701965865,7.212334255719769,23.307333174952557
1.4321402751731362,89.4399673516072,1031.6567184177056,2.4266725364834487,96.47375596019678,6.893890649482466,4.530550956318954
23.585034220292833,86.25486954587623,1033.7094810737553,37.21404696470821,2.2621557127100678,6.282510084221066,21.165108636950645
20.90641202289479,70.0843767184641,1043.3761231783699,37.30467310971134,58.99606464760886,2.4025508632370656,24.973896514766935
7.9081359016420265,26.02229733213389,1008.6629519322144,33.53628700393616,77.63674617990559,2.895548846435756,9.804053693032126
-4.322120390018549,28.99176217408104,1046.7150938035495,32.18168940598103,78.7896313044723,3.3420161893181355,5.67439164269552
23.578659779639978,23.944718968785974,1040.580058355788,12.18585660837631,3.4285135593203786,9.27695491378752,33.468555927793226
16.015385045189664,40.598337319397544,1000.7551099716758,1.1172466883145604,90.64151326404392,7.834555826172698,18.800813577728754
28.615919586781963,30.85291737283022,991.1498126144621,40.43576984427199,91.84516719271222,5.975801375831904,25.369691848383145
16.00817505559967,40.80384322019471,1010.4772577289609,24.556926784791344,56.13903731543727,3.268512356896421,17.290320650466782
32.609075015927004,50.804644457516936,1008.1329095569176,15.341906535130917,48.20831988871461,1.9980237091975406,33.34802642749603
17.595341938724278,95.43862272569085,1020.3003513731843,5.096595339028504,4.486746306259981,9.088833033819773,18.535115640186554
18.046898576769312,68.83008478253537,1020.8370362629423,3.1360795450694203,56.195414250986865,9.033994142406254,18.37309518519358
33.832680132917254,86.79790285463699,1032.4990889065982,17.443336089758866,40.937908177023075,1.996260361261224,29.920994949908597
10.17414331061985,76.82812005698658,1015.6922963743928,40.236853238347024,77.2806407408656,8.174949994868465,14.607377668989807
-3.299238577467963,29.00025044213054,987.3375848658536,45.93618746669152,40.38835668860878,5.019805623789214,-3.7655029203098613
-8.560866184333051,78.87363250991591,1040.0803934887174,44.83756823065323,68.35808333247098,3.9157023954748613,-0.7610532391011731
27.75686278368095,42.00791052472995,1001.6835208229631,46.000041737482746,10.14081462375308,7.6519408258783645,29.20661242539709
21.015477567673233,71.12862775957652,1047.9908222214615,45.386267156467134,13.295227076596694,6.528965869546575,25.397370824818303
25.20398840496118,47.27695789143908,988.2502076075839,26.361237580019793,13.971019064915835,8.020270968340036,21.359829422104063
0.6482080754455364,99.81378106117273,1047.0775820562753,10.970781927845191,4.552549979974351,1.6689597456964338,4.226874507892503
-3.1814262206615123,41.08411835974223,986.3708264817761,39.90232914184102,54.13288592698038,3.867283179617108,-4.910455313807355
-9.272766716605904,42.33043766194157,996.1725296562942,10.68564874262895,79.39677260436359,3.873851653750622,-3.6233000134048954
7.529377940329848,94.45378044499186,983.260595946058,13.360363837828453,61.04112036936661,3.9677778305898896,6.56669265959826
19.495884342731653,21.971552370905812,1029.3579202647297,11.662716091127423,57.495488555285625,5.522318853794249,25.84341154339347
9.612202254986617,75.73511902985575,1039.5209115600255,25.749120184790293,68.06239284027365,3.5471242277285264,13.640802194815752
11.873746101186452,78.02611125887026,1010.3849757271187,16.091375408453995,33.96453230720148,4.999452490787677,13.998735055566337
35.20793472468742,86.91028619283195,1044.99654525297,7.707802481267073,36.19540716482289,4.309998338038742,35.9661187766304
7.4127733511650185,97.95514485107803,1021.320935022892,22.65867059469412,31.427009822092256,7.617664432184601,9.07861829935995
15.69947445799054,98.0481535325322,1024.1004994812565,43.69536193925835,71.21089328535756,6.431507161075451,15.014610732085966
29.18265063705715,25.22214060531711,1039.179344119054,28.52764274749861,16.16403356707743,6.882664890855839,34.41906515640025
9.827139116063506,85.7471458202322,1000.7760143536287,43.91678029437935,1.302528031292438,2.8952550467438,7.382783403887705
21.104335011393676,71.7047946925905,1004.7986004929338,9.79360925395687,59.61964467224924,3.929519487942004,23.95871502481957
33.11818543733726,71.7873707498473,1043.416634343625,8.348693683627701,94.23813647342054,1.1904890285086687,37.71159431731316
37.4760311828821,30.267994129175584,1043.0674447227134,28.778856284921012,60.940791699630466,1.975372365638529,44.63936247778865
-2.6463259535481036,72.01497331565227,1048.353794334061,23.166445077313654,78.29216529408951,3.385488087899986,4.246783248635263
36.32938125807472,98.59860644809983,1043.128682150917,33.008632082347845,67.27907094660301,1.5891734917181894,38.00282856725083
14.60581465397691,92.94548556315576,988.9160425223353,39.731339551339076,49.743665352301626,6.423691603192322,10.60818396254922
2.912219414947918,55.13045286438804,1037.6607000295892,37.565364782608825,71.8392401783846,9.983171043314428,6.836594845743885
12.956787811913067,23.195837862887547,1008.6886934676716,47.113058682928056,82.41041238552218,1.9073369265884965,17.18483516384163
39.00162876427385,48.98347920001639,1049.3560949162156,19.91282045785058,22.473164417169798,8.391071914023385,42.61393105458192
14.63090469964348,86.11122492804442,1013.059667503016,10.319337112409038,33.61304804831455,2.0693462253863246,11.898746917634126
6.437580514375412,76.11992811721328,1018.7685257751555,27.54563199739429,22.372573250328387,7.0292261691679245,9.079897918900883
21.67004271583629,56.747492447516514,1017.0842440679759,5.53715600955928,45.2172955590441,6.7884184275311545,25.243600904503165
2.0072809389096538,24.408122812706488,1002.5215920900795,14.442556166581571,88.50645509166675,9.124452413300794,7.712866115528656
-6.206833594566804,54.15157822586421,985.2515462225043,10.394402763157224,34.52071008353323,2.0255105231246113,-4.558200187924645
-3.556013904467539,57.52199517743068,1042.6955861281342,19.828185839854047,37.44668891305534,3.83900019473708,5.127386517318902
-3.5977080521113782,94.28444263153088,1036.18730687684,5.560828750110769,86.03672346719318,1.8170178431921715,7.482423357886434
-2.404865324385282,71.28688828657275,989.7668746391769,1.5920872274048925,51.53743307446752,4.666449932239905,-3.726798531204315
-3.058641367529493,44.93223333237191,1034.373778994505,32.83970023150159,53.54489996474344,9.204338562017004,7.065501973325267
22.04373724016073,62.02546115605771,1023.8092666235427,30.512448914490243,86.08012033322129,8.033708359556705,23.85175325123687
-0.9059957800427583,25.284424625772807,1008.6400651542335,35.417946801933056,49.052673702547324,7.506100904007872,3.0233290374061434
7.283364166193159,97.80545885197894,997.7814804366894,33.0193220135672,68.15575346293953,5.797247543764318,4.285880696673766
34.839420495300594,48.804792154458084,1040.1810148451564,5.714734057119175,8.564466587406072,8.951371681019706,36.66467429738912
13.698082013143619,58.22938839305087,1029.0131781505838,14.553944068782315,17.86317131268853,5.044976184171955,17.418317345262757
23.37788692605136,48.42271793895381,1018.3417936628396,6.476330495017618,40.43762007162456,2.347171003905744,26.330970325031192
-1.3840064399185081,74.60093840929602,1022.6697973728925,42.14862010242816,49.483906781987486,8.538267008087013,-0.9536760630602061
-0.38554905956646124,72.97857266636744,986.3746327457527,37.345182767776166,96.57337012362295,3.5167449524655416,-1.064301663490673
-7.956569186676057,77.22578484233085,1013.1743832637834,10.076350145912121,97.065163304779,1.4827018692200324,-5.396328695612278
-1.5532468463917724,41.451458368953666,993.5590204949991,17.06546202449467,85.11970874787616,2.1343422760191224,-1.3592384319512703
3.9295169515979307,45.25347849312528,994.5868575306177,48.33074961321071,31.559883528557453,6.481530245747334,2.3304668066836047
-1.1494757861626592,30.020098487696636,1026.2912773600806,29.707967893982573,96.40282908324397,6.463737675290552,11.431539235729943
-5.56487331214722,72.440797747689,1043.7879306284,40.05777986505786,68.93408646762126,3.34164853973831,-1.9162338178708165
-3.96820644496996,23.183770186852204,1008.2629627334843,13.229551738436458,39.29401278174004,7.544621331513811,4.222535907467761
13.038938401636287,67.81458684187672,994.5424491108533,10.502646008965261,70.16749169847664,7.962761398595809,10.81089321818187
0.3166859202896255,89.57567078813071,1025.4122856065658,39.19584644232742,1.652272978652658,9.284523635202564,2.254923545029097
8.213493052403773,91.26657186317068,1040.9830932445223,34.29362276157201,14.615468227421358,6.264437488104132,13.320788051449956
15.170863542742843,55.923020829596936,1032.3823160785744,34.04889646058818,82.96857115563677,8.014810277328156,20.685932363398244
24.519741431468262,56.7442950570459,1040.8130061375612,27.631729091459693,64.55736368731712,7.777897117944703,27.681208239921954
-8.034393007945052,26.157534640641387,1017.558826970756,28.17891713882744,36.419470129188404,3.320281436204736,-2.412606652599174
29.970519945452132,73.66120203544286,1032.6313371058434,36.78487526531269,50.06666402227188,3.792033351438934,31.881784540811037
21.39501947454539,85.70075362982764,989.8045191551256,13.500124056059764,90.5142149645767,5.306341561775843,18.230132319461912
-5.912048402556405,39.57240436837704,1004.3792230754234,17.638423292847786,63.15781094790866,1.1713507077632364,-0.986010212548364
33.67893120533886,53.70407053066917,1007.2684415137065,43.581838526002755,39.81492839343302,3.676579958419512,32.12582895045709
36.04362002659066,87.10714694122163,1015.7907022372224,15.443260050607888,12.0326657397535,5.264945860098141,32.373288638406216
-6.946102007256813,90.16963741298304,1045.0353452179777,27.315478568964952,29.3746801625561,1.9726236575302936,-1.382304975028104
3.843882407360187,39.45439842113807,1041.2007592155521,35.1319732003342,97.83402327965834,2.136482989976129,12.542387757123372
30.310063989653067,64.04565076330914,989.4167844602429,49.99624134165882,43.73630628517775,5.169130621636071,25.590673414276896
27.41298451918292,35.39945205086617,992.0952756317724,21.764566574766597,47.183946384486084,7.578685284273381,26.813644232368592
-0.7739490321811342,28.150301131164525,1005.0348384712238,21.40464383124719,49.85980323970154,8.503740378286148,5.793438171427429
0.46746616683551423,92.8896401113566,1000.3520706123471,42.12941897168337,88.41040229482111,5.916825077542737,-2.6086430704086934
8.5236051395691,85.64060033856873,1023.0339667209383,40.27515556299316,60.39282843853099,5.27274088792058,12.998915821055833
14.226149259551065,80.80279214425391,1043.1943233435181,36.55379408672743,69.36770364519221,4.458525116137797,17.59470058559219
20.912738576514798,23.901305505051234,1047.3604079170811,23.161481870451446,38.9413542549104,2.736540931938456,29.5718791407199
8.445681978488622,87.49830341682059,1025.752206677466,16.19695600803579,2.908761858897435,2.3190580253292823,8.594636791152041
13.126735806657393,55.0435260724307,1038.6711440980762,30.436524129242432,93.09729142428444,8.127068064956273,18.645378445519064
27.373546906687828,47.39160986366877,1016.7641540161558,43.811164656582044,94.91276809164064,5.185059689911026,28.86472642488845
-8.165839855470105,63.718108882030116,994.5828862802027,44.188872910429325,94.91530533480511,8.112882209317792,-5.535402065817727
2.6218472172010383,27.308259417884464,1016.7281888465434,5.4249172535219214,94.36870866467166,7.3367473231056675,13.405773319869102
25.66747929422762,80.53172394819191,1018.8557821006356,21.41751419065753,81.5241941069561,2.7450632294504094,26.172780881451498
34.76034188435997,66.59480615106366,1031.9720294949489,23.236097809937473,68.45960501163269,5.592765377901031,36.406532034965736
15.583872105783307,34.9272077498534,995.3918092795144,48.88076837618766,84.45099182672855,4.996149673804126,14.424257420016678
16.605674263265783,35.058575981523646,1005.7817267460712,33.89990076212923,60.05462390010362,4.814861554816271,17.158920202592224
-4.641399433011197,34.73989212581394,1005.4819228450197,20.362320863103527,13.436961389202363,5.883139442834325,3.020288524809451
12.370618341172733,24.560191004154717,1047.1607717018815,1.30289429927965,39.1218165041421,9.838737109678942,25.461322053460496
16.630863322751157,67.02387594973479,1011.0761472228703,28.269258004959795,97.12949119729375,8.316105379036708,14.868257529844708
2.1235251817364826,87.22785420708065,1032.8565777108702,4.8037987819178065,35.113781359565635,9.133411884673524,8.961256559751156
3.462161547469048,21.399857118991086,1032.5567966962108,41.72249786738816,86.78279137313694,1.266756248584338,13.329010739683296
8.864208155231132,23.920371597701884,998.5880929362269,37.625933028518105,9.321147077486957,2.2630273011325537,9.300246723110048
-8.996440111113682,65.82162213495566,1020.0308782560212,23.02545799540894,33.41838423754696,1.7628729420210716,-1.9784314170319963
6.103958279158913,85.55965483088418,1042.6012025323053,21.460538977084987,35.09533247273796,3.3690790455874895,9.561652662842265
0.5724003498272321,46.13911124549069,1013.2638403619865,44.866948278438436,5.160254310898016,4.9770324276998545,-0.31694589725703626
6.374867608895734,47.969151904617775,1046.1582255139783,14.42291752090642,11.909433018675497,6.778479228903006,15.463488438859278
-4.011893409037439,67.70771979974208,995.0120760526913,12.45099810533854,19.3165211121771,5.5074813965794185,-1.6818360685144393
34.52636403699475,41.93703112993176,985.1911374041822,46.9598716412881,83.7815590810113,9.128655234218257,29.1929823598477
19.679622677702433,22.12866928621473,1042.4017711201325,40.46229183767413,6.340198993980639,9.458703630044774,33.028750443662
23.95511595722448,78.81828144812769,1039.3376838573552,41.03127965335973,29.87009013443872,2.47168856077713,26.663177102195828
29.458561930366912,70.05199303531626,1049.4812913153692,9.759690713796276,1.0175002589267512,8.676216282383066,34.66411099819953
14.922109946452863,66.46047992445273,1027.5575441678698,7.1647995715467205,69.56277454030247,5.335499836119709,20.001529313760024
-5.653985595628815,79.33473031934585,1045.5681548667005,1.301477490856745,62.03030900433798,5.079965241856459,2.734845164829885
16.85532709092739,74.018467004963,1037.8864317558878,11.852075445934002,64.49822620531418,8.064454136361114,23.35486978216478
19.342055901043956,36.47055905426569,1039.109843318406,38.70952458571624,37.43827847146187,1.8382645814038892,26.176106952375413
27.271973709216496,48.19848375546809,1019.8399099317987,12.001920938207489,20.826782126756903,8.942438146772318,30.33153280304099
11.582977311483969,30.08881133429,1006.7655218541697,36.45516417974381,72.03202132860334,7.037770190928533,13.38225543142256
-3.620984860221812,30.38856107343048,1045.4190650780297,12.595413268371075,81.11178727406951,8.87735446892198,5.5455064283247335
4.188795289936223,74.09565970852313,1010.2482022931126,19.764624897533583,13.860149809820177,9.950298199368605,5.179050140699573
8.154114819931756,88.68800855859986,1017.7173557074768,49.15811449557042,48.682942793742136,5.66204007121528,8.600922256116789
22.295862066580064,97.01860670889113,1011.2280014987631,12.24058656420678,24.87156819788625,1.8393597811803608,19.372766156995997
18.538915233445593,70.26776940395555,1019.5372819772138,18.818531364913383,16.810686120613372,2.4987147663779785,20.70977645858345
7.804836294892311,34.728105868876554,1012.9353555294629,15.054359023260682,73.43253134949991,3.912564182988789,12.578724005692125
39.32576243964898,28.452027635914455,983.3577291005633,5.481249316500114,53.8096935472837,1.931976479212386,37.24149173134103
20.288740967844358,85.02807772294062,1041.743373020539,24.49470710654125,21.618533237866778,8.338076435239929,21.526305950835596
1.8613395867997244,66.30051810879993,1011.1075673241039,18.934533166650112,31.000001121154508,3.6718106592949162,5.383285664129014
-4.910876368979813,69.46280168109759,1021.2260553955144,34.74435429036401,96.66536713277424,9.782975692178788,-1.5664867460144771
-2.357043040783399,82.51696710037675,989.7431461930591,40.87972734757731,84.86795647085566,7.323322887386701,-7.263924275377294
2.2978864192254065,76.26217821859612,980.2371493587848,27.212485724781928,87.99467428731283,2.5608733323000186,-0.8031309296242217
-1.9659313370222158,86.75666022848773,997.170306555055,1.6098211043668431,46.0012097080708,5.284383822495462,1.956115620928107
-0.6716487974347114,24.497112436790278,1029.3210222493344,30.94611781173608,62.3807263920875,5.20195799469989,5.403024158358667
4.254758434692356,79.80165093972039,986.9436171079014,2.76953650104696,37.67677402044116,5.432604925002705,3.374262836232138
-1.3313202352622593,88.06822058576763,1043.6221208270526,30.817816179951247,7.771197568889054,5.82122053578642,6.420501594754452
34.83827123132126,42.89080339666515,995.0515798549329,34.25149746345942,40.10693106567825,1.2805577408595776,36.32648975024573
-5.988312716917889,71.23578191946024,994.3215530004243,9.888381380875922,59.39807532071447,7.176710131692611,-5.120980446810554
16.225569478512732,45.13296510695777,992.7055573135046,40.967307436088554,28.71442707681314,5.3847259775959895,13.774563864191846
10.519841349483077,96.63768531859633,980.9787199079956,45.55425657870243,84.79505747274158,8.11868858981829,1.7465610869585912
39.11893084543032,22.673885794840302,1034.0263827934764,40.65434820569098,15.110015917459862,8.338146159343875,44.78945303345789
-4.398054891597383,66.3834275066364,1041.252417187168,15.255459510604108,36.71290894369199,3.074816097925457,2.6412400856781595
9.892779952287082,33.32028376396121,1022.991389183134,29.332150622281723,12.490390532420292,1.4358065178410002,14.984148241132427
38.473521663768445,76.9776164141727,993.1739987175904,45.74075745956139,40.48321339852253,7.329104705010903,27.53547028098734
33.275356294699016,34.07122267349297,999.9694597858615,16.033236311142495,3.966130497427045,9.79986509617487,34.52005587429389
30.853603547463997,38.83066095186861,1013.3148688155475,41.001391113271254,27.254939506164543,5.019921879228109,33.38278746741952
2.8951413522469913,59.54966488366065,1046.804216613631,0.47375656308482617,40.073525511368366,3.336515286342362,14.38539174977624
-1.4556206304967088,93.18679599975025,997.314596027242,0.1823351392338135,47.816536327669155,2.4100470512513286,-4.314799131485044
23.432160996221548,36.93714977183767,1031.2152132743922,37.98558301694837,54.36963584751419,3.5870103765152654,28.95966978691133
36.46879945637929,31.539201689448284,1010.7613756305044,38.07237910635606,27.499112978991892,3.9512759623430482,32.84059002257639
17.83814465069649,80.71814654832245,1000.8493143852015,39.448859392614686,52.30413346148723,4.814872690910181,14.976006021504197
18.580634473494992,60.04956258671448,1011.914115591548,46.501341894408114,50.90046215620598,6.898664108931278,18.861779699512976
3.998954683014208,92.9428089905417,984.9844702278863,5.895315591014211,31.617805087620845,3.4584675047220435,2.036957952167502
28.474646659596843,31.729164572787383,1035.9081159651255,11.599249249184417,83.02003306564782,1.4587908712180837,35.54064449241886
-0.647812572123831,71.67423144184315,997.0311349588077,45.186246018690376,54.56411265935651,4.359507504154476,-1.0052884658846184
6.183961820212183,38.630331692145205,1030.7788486235079,8.861809888617673,33.226971874654495,8.700666545431682,10.414818785446935
11.271821930820838,32.540834292131144,984.7843860013736,34.1114633788292,94.73385120807765,5.485163597666954,12.060108646690864
15.38051893422275,74.67435321258165,1046.856898931598,26.52315000204077,84.51124130711611,9.683053819708688,20.997086458975954
2.1204866207540114,67.49476959269866,993.5110489783989,4.159683842575363,98.25878115518009,5.532593779798586,1.4162656321136158
-4.258158763039823,80.3861966689865,1041.7919453344957,14.263183097076643,69.22338746454207,3.48308935229663,0.36650712094453874
20.53100212208163,44.75700611569459,1036.6631246730803,26.018610822048394,37.822290550604684,2.7398259752069314,29.149373846222165
4.431527662012789,55.837732510575194,1047.7501946856992,42.617505834191704,28.086066667901232,7.250720471070188,14.794034899591509
19.061911071130613,52.43773410643348,1013.4523462662024,35.376924480733685,66.3317843674481,5.827431571996927,21.66852621245493
-2.281864236289884,98.72715711732114,1030.9178105692165,31.09415807274665,98.08165824953036,6.435990360958973,-0.10739331095635651
14.057005092740873,43.37991653915103,1005.9497459926449,24.80164449707074,62.67150801038488,7.79614110400718,11.096449575317827
16.629471627579292,43.58537906774135,992.9057766613786,14.934199190706716,88.16149409898382,7.5331311783840365,18.366735448565013
-7.408823158878654,48.36385670628859,1011.0153153053415,5.962245565963059,32.910343104776864,1.3902697015140428,-0.07904965633672678
6.8302139096960275,65.16752650322573,991.6024310771918,20.453801728304775,40.69537824742556,8.223147147655254,5.560629660002741
-3.279266153051288,40.18581954109962,1048.7431235950469,1.4259246955646288,90.62752395893533,5.794329763465403,11.487543124492989
-6.831251476361613,93.22319523034191,986.7372543798501,10.55279446334253,75.68667019578189,4.525376777332953,-6.085475871598632
39.49801161949726,41.25484518930108,1021.2448206416834,21.624168793632993,98.14103203679058,5.837674836412633,40.73062789446114
6.117692248736148,91.66525852481557,1023.852469867784,20.930259283595753,77.4764209732242,6.512063036115925,8.468292081170512
30.493722292731746,28.278005091726772,1017.6655680011838,2.21477154984962,44.85157072182317,2.345556788864173,34.2984555993683
2.7320327381881917,72.52501619197218,1026.3530119998284,29.453007676264566,53.106801982236306,4.7567385579380055,8.360407693932707
24.075136111196464,92.5588414750595,988.1326542508324,27.48421279266181,90.05154924631367,4.020275891693654,16.189893181418025
28.011392994484325,33.499955071858366,1018.8512966943704,3.905215201045642,55.164673609804794,4.153680503362345,32.61408762723636
19.781937030392214,97.4661568079404,1000.1048799789153,47.15815262302196,25.53973741644452,1.8220144456657739,12.833996407945165
13.57880942750792,56.230668833240934,1045.8123244310739,4.969138947543006,43.56198127699494,2.4385913920020736,24.340036567510857
10.592045707363425,95.65720867528196,1033.3450157407808,42.741707561866804,51.63159888491179,2.4564886082759925,13.279586283410605
7.4434133271497664,74.14560349040376,1048.076013751182,0.015486595750296983,9.671983355112957,4.3590226889948305,14.22942425845693
36.476457212391296,44.12694958988412,982.6289248818133,44.114054752269155,74.37626742528903,9.050423903873124,30.82466030605991
31.530970389386454,35.06420199336851,999.9593222626496,0.9859866102156278,10.9353933354973,2.854246347288484,30.23321492033958
38.251345533325626,44.29880369800795,993.6795810646844,37.8906015946058,40.49177133688057,4.74573256907324,37.13537216286011
-3.785138825722764,27.441392741014,980.7808211118281,18.084540565012645,80.46224415404045,3.804484737692241,2.045968686320536
26.543373760182213,31.50943730746638,996.9628011172425,36.910840006815995,46.757036161329694,8.086449812962043,27.132438243928846
36.91702284105189,28.37283522771849,1027.5143188464301,20.087260271248926,84.20155197185079,1.4511378908873453,43.34574054538785
-0.9383466917169923,53.83548349932462,996.1762245494198,3.5453961165920864,34.188132205611495,2.7688905598230136,2.44832240642295
-6.675186631661125,83.64627010060691,1015.6302411837833,38.3753347697682,95.76362939984354,2.8957738811931493,-2.4128156715318374
27.056032464502955,31.310684337307215,1042.14726804755,3.5626342660682484,20.946843180523555,9.936665202819082,37.086180385491524
18.723655658995597,30.425634653786872,1028.5630544244352,46.1060217980609,3.8264144989301307,6.136975161696732,23.448726420573713
32.0914388379136,71.47431596138645,1007.6240348934223,2.5487017895830686,87.24265429904186,2.250624379451664,30.71815559448452
-3.011381168685525,35.7746385574453,1006.0728257238476,23.966263888575774,75.22027159504083,3.4497922534890892,4.158278789027824
29.76336559299451,27.808803048719327,1011.9015069805939,36.15172154253978,23.198383706737282,2.5103988471063183,32.344792411301874
0.08136600238722735,33.34788625644621,992.3929008741934,19.662323239601886,98.47416071366739,2.121441126575032,1.7662277302602583
-1.8172028567147755,93.89851167014208,1024.3800537191191,10.861673729621735,50.228012926852784,8.174638255671033,-2.316237732975081
-1.7867101034503534,85.71770022209526,1005.4906973373223,37.954548069801355,95.10654401441634,5.461773657943194,-1.8012985337862362
30.728736011569104,48.32516498840753,1039.665574448343,39.21473523943632,50.50287713869993,6.680891231639032,30.048683457590418
23.259861034810008,72.46566138619143,1032.9586862040471,46.134749197718364,47.1874586771291,3.9812612229279645,22.628659767203246
16.153271238455964,62.982053893443045,1022.7359214864512,18.808255521553885,44.9138537144465,5.983255774605965,17.41311777370134
7.941524206175124,74.16994107860512,1005.4941555854662,25.312586724866343,33.48752761329502,3.318121292713274,7.237909668656799
33.86002704065541,74.61369219702075,994.695228217144,18.1564221423036,53.37014971765517,3.7723264743541134,30.74926702257893
9.622255371131768,70.29872120479943,1034.3306304873936,12.85409109256841,45.25546619485679,6.870141499300597,17.13726846901919
30.829971973578857,41.28810948298469,1014.048636929376,37.551648076880426,3.6746876623554137,2.353151133273072,32.14962199408006
11.95674542851092,23.12051366102545,995.7325026724151,16.982592250847773,26.043523342350248,6.554996732507156,16.08935226179573
8.84722147124538,56.445342559208704,993.6622230528004,21.407472099617603,21.31228001055584,8.670113347808146,10.295711611498351
13.133989283480322,91.2779107752563,991.5780633150952,20.183682881201392,86.74356023210666,2.0838090356269214,4.5955233997001255
5.068893708207105,65.55978068148607,1034.4012837343917,35.633061282337295,59.88699772268414,9.07715152512981,10.462712057513269
27.380469008812554,86.59128333615263,996.0291029710219,45.88978130553399,76.36831004497274,1.7150111226900548,17.86305492863503
15.136019504623956,99.32994743689825,1016.8649584467638,33.33780306536887,95.68260377492805,4.140183042602857,14.800353349067711
1.6106347573408648,33.0892963310621,1011.6082452681139,23.57912980471163,64.403927252641,6.494583837141951,3.0979598425968824
34.978728663728425,75.34221113135858,1020.5727629459799,38.96025573694417,98.26099914047444,6.034732841066832,32.48156705800885
9.194561068660569,73.94348589600197,1041.4008430259837,32.04856620610688,31.176405165212962,1.8675196524499011,15.60313573231271
17.17764305569943,98.39643578866227,1040.7423173057211,3.0305178558906745,18.626718231289384,8.190218510072679,18.453587540682545
35.32360554822735,98.84805871622403,1011.5753250277402,4.783179320942082,40.33098879929115,9.758379638307275,33.53779172783569
21.211899795699605,74.93428893793036,981.0756375514306,1.8958472036816665,47.079941493580804,2.631054602653931,18.115169323744244
-4.155097964581796,39.489183358575545,1009.8510664000012,22.840816310315994,89.5361542852585,9.056178728339166,2.4063005975796257
36.991606180673756,83.88446705044792,1022.4335476196899,41.29267171694824,55.99404390366763,6.0112849790057545,35.42850962166399
21.385402653570893,28.562330736883048,1019.0435331368643,15.654158467567603,29.2180999418017,9.423403941207946,25.248027668202575
6.7452807328543045,82.45594433373029,1025.5935274060143,19.208009154624083,74.26342828675209,2.58477362575085,10.319479456912301
-3.036396366830637,92.81568993157572,990.7853012731158,45.473855418394535,50.58319371390709,8.12819253861482,-5.641986541816057
29.701259463514802,50.626671581474824,1025.2574569146514,41.845172265832744,16.213194527517018,1.5380341790079801,30.867198852143375
21.003637796425675,70.45082359864644,992.785613312064,33.252405619128,57.681978759125215,8.948768021224538,16.128185801629158
16.673054598816076,54.411418567746104,1032.5366786487725,13.340189104612566,91.1394536807284,7.067434799796703,19.547611036213816
34.69462915254788,55.021204399050276,1003.7361329283876,5.852074134422175,84.26226174758202,4.332293055301871,32.68283796169976
29.42986056122654,44.82967112864961,1029.6926803367016,0.8029411340056858,58.68099726353311,2.7142014114806514,33.05886696616702
-2.4162560133624407,80.97036963602596,983.3505919234275,5.350533630221044,37.70831738849881,8.348797887104844,-4.76984705027086
5.586103389777412,94.89412513332041,1008.550201791364,14.629822181197138,8.697875106421115,6.429171892553304,7.411804593909954
2.4244569907232876,95.26006873875689,1029.3524165584333,27.589503178974784,46.964892333162375,4.243742676532012,3.118957032119278
27.197314628633848,33.982502789994705,995.8809361432046,3.200004137619344,75.20794375295792,4.994522423222646,27.278239107956434
-8.323378263211032,89.97949197252528,1035.6700931358055,6.811388915922451,36.02737197330106,8.438883904651389,1.0693930661658033
18.494484243565825,78.99451531416977,1024.1545813173452,9.054035115397053,23.54468255516644,4.050344740211809,22.389494528928402
28.122934287034525,40.22699205522314,1021.1293240504859,31.599104649165312,93.13797192709534,1.8066941029893582,32.708365924870684
33.838281838087475,25.382769033721164,1004.7484197943036,30.78948994900622,82.15557004579924,9.201539549831255,32.72314535662343
7.104087435795375,41.43978135075024,1013.7716029266783,27.538286318607646,63.82756194201447,4.4860936569223115,12.980694186892823
31.06286523360064,92.97665894252205,1021.8144510684497,12.52507123479698,13.678334392051939,4.135487600036921,27.485276037730117
-4.468413152239639,70.65429399166177,1013.0723479740424,18.5559845609366,14.490884040617303,2.8395965698834544,-0.9691896423101891
32.32261458672591,77.68437287182975,1028.8819326758392,4.834485816887152,10.321959145577896,9.07680314105511,32.98652655794177
-3.6255668834008787,40.57218808872767,1010.3587853174872,11.323030187902743,61.62966668927432,2.957548003190505,1.5084789658429647
9.864364528018363,77.55105244598562,994.1591227219421,44.885261323629024,11.5562796473336,6.730055812012453,6.336603019077579
29.86476828897768,22.2497205022339,994.9753647960733,48.98458732179142,84.2627198862633,8.926885104472927,27.41539890377904
-2.5041286325613115,50.0257076618411,980.4062638190059,32.38297928201474,99.29650018193222,1.3142225314289566,-4.653562964077652
1.462569761632075,70.1402678833865,1001.0670400891071,45.84116460117101,36.63481847086653,8.459125347701761,3.212787662035438
26.112628419653312,31.687725243305618,1032.4242348334965,32.13709502007126,45.36698469670974,4.695394795207971,30.552596605513234
26.001826827303717,85.84028595575478,1035.5913896186328,1.659824305273494,71.16671769856787,6.921771177386907,28.89292024211359
22.057381644264865,38.80250390495349,994.1727279467025,49.83812924932045,93.71530063257659,4.351641069029985,20.606130557153914
24.697422223354998,72.1824890254757,1047.1330797809985,4.9476150843267455,89.40937735563851,7.259646307127445,30.15024383096717
17.13622216737981,52.41577140602637,1015.1681955436088,34.132090072253035,5.759182874984859,3.2886542310192923,19.126761049832254
2.589952945347637,67.68348763821177,1044.1885124312953,12.641810153739502,16.9071802556765,1.1973748819185666,10.172132909433827
7.284799675195973,28.596044210312648,1029.4735697303142,19.599055645348006,75.45971985577923,9.530087633091583,18.182272601401028
-0.9201141599287173,21.353023993728584,1030.570339611569,32.29670924004691,68.88931080324473,1.147309876360745,10.001866047566011
35.422528066681416,92.7651541904241,985.953053491425,21.824367465385354,13.321859404012326,8.416893606701564,27.52644023743179
19.169589738306023,41.57040070137462,995.3993788827852,12.527302946556413,50.20645820015677,2.5222383399022643,18.757952034607978
10.042570838181994,85.57416022243673,980.6170383306131,16.722309343916237,78.08146310852956,4.529982057418251,5.709050991597754
13.100290182206635,99.94802403777601,1030.1289348333717,17.077405846158815,21.878068226269363,8.402431388554502,15.640117697294858
37.36416698059077,36.914500639912895,1004.1106801899957,47.96619522541069,87.12876357346663,2.8533893528111083,38.02455433461057
-2.33242984419599,41.213659294668446,1035.0656761253442,39.93065079617255,5.297177482036797,8.791368449725322,3.23756567852285
19.31149160083986,73.02878301077325,1003.7255353955918,22.927438573970004,78.21950850680739,5.479830451917112,19.30447311777585
15.2944339442233,97.2358907680497,1037.3533626609203,9.991046017068205,61.58188997898703,4.295381164455489,20.578296962987736
20.57271177173239,93.26514785525951,989.1488777623819,40.5508055131328,31.519934665434914,6.961939720627026,11.396947626441944
-9.094490808957975,60.23004160524679,992.1361209730255,7.859123580418675,72.09325483419113,4.072507497828617,-6.483560302563675
33.606195447207575,83.60882260213798,1003.8613577708755,10.523110857100171,78.23657951511596,4.125595230967213,27.80057249856565
36.60591412418062,30.859668247992083,1008.5941172217591,18.30066959200756,93.38989713039693,7.601737518444729,37.88139687273172
18.256659179460446,98.19505473632098,1004.4091967590085,44.0174097925995,36.77746721542636,3.7884900208519707,13.4063630831459
24.832541193844612,97.14825872287892,1033.4552922766254,6.589333431705513,68.6016735979955,2.8069538351898258,25.76434835308589
36.124969058864785,33.09831663033368,986.7865974838701,6.111709642726304,60.26162769346909,8.268815151969148,32.948650895495625
25.361931715669932,43.95384998424853,1004.5851913746942,24.6987494152633,52.52060694570885,8.248339303545086,26.934502060557065
-2.3730478542869324,28.012399800541353,1038.6067999660822,13.820527054683735,89.04164741550379,5.478271333361824,9.299976903187224
18.81441800834066,41.737407911854376,984.6757954083521,28.436397082407993,0.31673141384003234,5.739900545466596,17.39466565935293
20.335752319142795,85.27646315321653,1045.964045536995,22.581834234161175,28.211160610359766,7.264689631908747,24.550031188018142
11.206533565119301,50.26524857322076,1049.042178959041,21.74795531756084,53.827723954483005,5.583468625861901,20.918244483376117
26.822211781236142,27.07175737174067,986.1997721677556,5.598648524349664,17.829326163655235,4.753359630723093,25.759229113544666
36.718350738450745,47.37804198231237,1000.3890765579016,7.052484512492008,90.78665337327583,9.954047739670711,38.52764160224063
36.278425645338814,98.51066673930241,1006.068046622475,41.0539288723425,64.75951176130154,2.32876385067303,27.343729506710883
12.541968570206606,70.37468762073624,1034.347395805691,44.29413687858722,47.78829946319899,6.334551813158746,12.516263905601692
-4.338097707962238,53.29287571249262,1021.7148768481713,11.734176644262512,81.47017590666546,8.972767234680942,-0.8976515509718821
39.242059948116726,33.3230810797816,1025.1055990344796,5.673025076238453,45.088619146510375,7.184935370630033,38.012916832291836
31.944904322296708,98.89414378269558,1033.0256875972955,2.6708335967255303,55.865301193000946,8.928309691794146,33.408288260735105
-3.7668659398366575,85.6679207410503,988.2585299605918,30.414880687094843,0.27509955539209985,4.0270124831920535,-4.2344988498458775
36.04209413086862,42.51818419607355,1038.3246619837184,35.76766062501028,36.570053019507355,3.447936786342153,41.61019452541088
33.49481810310641,25.60549565769516,1029.39338629261,18.640499460160274,13.879047235096975,8.661451482118942,35.7858622764973
15.941902856303606,24.530044590204643,1020.4139207637459,33.98379337453198,68.9688680662291,4.5470311856691445,22.442035215967977
19.563771787246463,29.630251960442706,1042.281473434814,35.6479407779763,47.90269589757338,7.387140907515802,26.93225796294597
9.950135193506512,66.46148668915373,1029.0214447718665,46.76711406984527,30.17575572502308,2.3297372057270285,13.488729989947672
-7.261918058898433,94.30107369643939,994.1189973841717,3.2436818917553625,46.78323393717424,7.802543128390073,-5.509804942041612
6.759862082295047,59.739474240478756,1010.0821766752966,9.614586161553989,20.962988795134617,5.940843841223824,8.4857585218044
30.14267242990057,87.43563859649578,1014.5830006855014,3.426299379849407,92.50866324861406,3.417504759194148,33.81705388233753
-9.768398849769858,55.670929588784624,983.8652338725284,43.399696666805525,5.3972632550913,5.450535675630146,-6.683252533317458
6.67495858455721,76.68668366142602,1046.8246259352038,39.629358001678426,86.54170352961204,7.272492632557332,11.517594186165477
9.908434679547167,78.54981898292007,989.0004082557815,28.73210353109195,51.135878873335095,1.106977679626453,4.870163905347419
16.869780146896144,33.91709647226709,1028.822288705871,4.183170502559158,61.894649613881725,6.737203529327165,23.564321864223658
35.992780820638025,48.89728471806494,1015.4361725263616,13.665617932685981,30.26056209087038,5.87431700445947,36.67874278958115
7.317299718298063,70.9841725230419,981.7942574919095,14.885992402925845,96.66976167943213,2.9825755097205935,7.197040481766763
7.347660094811385,25.655728654749296,1044.7323233105053,28.037159800770855,28.185095851948983,7.776829665785771,15.163601471610333
26.87506240548742,48.923215021036526,1039.6285766173253,12.902194701835773,58.88779971403043,3.73114886169881,32.80009648688672
12.610897044490358,62.783957302495395,1016.6980549532685,3.647993195647742,99.34167051071289,3.491748383919083,12.960824437995484
1.2302411469990986,99.6979594435711,996.0259635297612,36.53811509266497,88.10943963834458,5.240965140993904,-0.4804278188832911
12.62197580663467,57.96268500979526,988.5136023476066,14.954010582770566,53.632982528610604,7.085347105801283,11.40599601694221
-2.9571489810100076,85.28454056914589,1005.4374735602489,22.61870885116503,99.03745229672121,9.359613782886289,2.2217052366604353
-1.1806506746888346,54.56538280532942,997.8799796732263,6.383331749115268,70.13698617326146,2.2722151881889356,-1.0979584228230308
14.918388636973987,83.71125780957671,1015.468384070441,40.127415169728984,20.870041614180934,4.568213086765603,17.038833331721655
10.946272475227396,67.63318412960868,1047.64865072864,28.27659384620288,40.55962104358064,1.6029063326136694,14.219482120228003
35.742295053405,90.92763532019187,1020.2467445260748,45.079281310493144,33.4493334011551,7.826956727245682,29.235367034352464
8.119694955831655,52.875404188008794,1042.2951739123068,24.77357815326667,34.40137082711892,5.0295960071322465,12.423116439654564
19.02941751390217,68.34435358571831,1025.5615186247044,47.071283590893984,76.04564393598663,7.362362216693666,20.688825431022448
21.61321439597652,70.40149444950619,1013.267256861104,44.5934102190663,58.42629272727936,3.8997498157865857,18.15213307732436
-9.345277170583318,53.39063534403786,1039.822529391336,28.822992822961695,3.809271158952854,8.598855172656911,-2.379169665527602
23.176868600835533,31.54496349499852,1012.9957677121098,46.694671907493166,87.74484836509761,5.813452704161032,25.19690799579889
-1.098201656512428,27.484752552986844,1040.8039719357253,16.154437364727613,29.679614048016457,9.492470396412896,11.084173081597278
38.053515873472755,21.333724047970648,1000.4103738703036,18.282108135210567,99.70748769131437,1.7093317522963076,37.86593985069986
-2.5668636123443527,89.88274113961717,989.0169151634092,2.273897565301847,95.41907303347857,5.628491420878669,-3.458049263458894
10.731206186351187,38.917992979095565,1039.8720125054058,29.460045338192653,94.05307166819652,7.8980972139792875,22.173704693846457
-5.732516596067807,36.920539942541446,1021.1190614654867,36.09619849644667,81.11276040639737,6.401373832662532,1.8284395254236534
39.843712592297365,78.88283203408524,1042.2364678774272,38.67595951210516,22.06133316835426,1.2087472638415848,41.569584294579265
15.10975051656213,45.60128904699134,1045.6479044894668,7.490814302305165,53.2632744028782,9.751048105094927,23.953674025003178
19.76925086600219,60.483575392946925,983.7539873260015,22.207953615625016,22.43026268249746,3.6843732376830856,14.222125046275712
-6.646176130578626,33.0008852237965,1015.0678511301207,8.843160604695782,25.967545558894923,3.2435007972974383,2.6284744741918034
27.498023519958892,96.77965771695754,1006.247518435217,33.10636744271244,61.095176943627735,5.3709388804592155,21.601162144815795
0.4952796547792886,88.12651200137898,1023.8100877949082,7.897318621088406,4.083354535306338,5.87942296771014,4.365541708555416
34.90271447203569,89.10316983720026,1035.5513838041627,45.208184197803746,96.94585668207077,7.896593238308428,34.22215743877539
0.256982024100358,52.541899885760415,999.6413151182059,11.531732283070667,91.86731725779644,4.539462918930902,-0.4981427505714695
-0.46561396681667233,80.98889709657382,1018.975886906122,14.570113314412241,38.076757215771984,4.959643388159909,0.023989482894155145
-8.172516607595256,31.510092431182414,1029.611000593343,42.545316107549986,51.54224480069131,5.8146392434044785,2.665856117668529
13.603347255499962,20.689520207342422,989.4101757985014,22.92338050728619,46.6119419267759,4.549483897674766,13.845548001800585
18.24205666313082,21.59783460624225,1036.9846834165887,1.1997972900036513,88.21997786174698,9.230932711910404,26.032990064932218
-6.714568028582382,66.92813899236484,1022.4276719897081,24.72931256013229,68.8601876316111,8.661267699708269,-0.6010719784929741
28.776380834750526,56.43159241983526,1046.4676205979556,4.227166769006152,27.811124742435645,5.094763255700905,33.93283587295042
12.66444173740138,61.44122791268158,1003.7670243391485,49.26723593436553,44.68412544652969,1.0017537610358542,12.786345861216226
16.219513466379002,20.597051233377552,987.5702159636039,29.405578522780118,42.89659756867638,9.108410459763526,16.70183223868744
12.038137346911409,53.81492957259405,1015.4550840725848,12.826630880548922,95.93351682839186,2.1190291609551872,16.001359346288343
10.0381530437663,77.44545289606887,986.0067540196608,28.18588397738089,17.531091051463964,3.2006117367464157,5.424795979111412
17.982016565410895,55.41549615739487,1047.8668566326805,3.843355169087742,8.957633729442904,2.371251559288584,26.226524771017214
-2.237987703464375,78.57753650497779,982.7079470780034,39.99456521344085,88.06188321616902,2.618340129829214,-2.57185049364359
-0.9035934752364447,38.64151715174678,1032.7452730775115,46.266402693208185,89.66859895058708,8.225897841008512,5.603598568647191
33.089281050675865,85.05136035853803,1016.7571678699571,43.72221941030798,87.17390879121648,6.215512974993318,31.479880874913917
37.305773106681634,67.07449923627618,1005.8034456748802,17.08788011492814,51.09769156255564,9.604856468128137,34.256949410617615
8.665465813987648,36.8610479543925,984.6089515156058,16.288405982168424,65.97444282694605,3.0830816109134482,10.762647845726422
3.537233657177689,38.93763806830663,1023.5516846921525,1.7543805608149998,56.336304756098386,5.370714173181106,11.594213875624858
22.19997716195079,70.24243716556296,1020.9654230573668,32.57001793504584,6.944782605440092,9.79685532174223,22.700076336070012
10.436708554904818,86.39516745699547,999.661829114732,26.745239209489746,59.58348969007224,8.437991628472927,9.271060645997498
-8.730682216982757,53.25022256233241,1043.7155190987219,22.96731856636707,1.3614147256100884,7.55754111208442,4.155059371672488
-2.192370131690482,40.66403433020738,1001.2877005139986,45.38154766673535,32.49874095570861,2.7007768123371276,1.2796349238396787
25.798611442369875,89.36092855284804,1011.4807787414475,8.393945054142316,93.22925758731671,7.924648608187445,25.039426662113346
22.94619709550757,73.5414633400668,1018.0633719143059,0.48331333450911673,30.404526963580757,4.12808610336326,23.569320757243116
-8.645200374825826,55.84683898264612,987.01623147234,3.6658226060382715,93.98266426442478,5.774832073420819,-2.8052508986745046
1.0986080966474727,59.03201562234415,1045.2513203449544,11.168571891368446,25.013395714924425,6.4824509173558615,11.721199311396894
1.55373982940357,36.34051743491171,1006.2175306715728,1.6642774631728474,31.456224046153245,6.484273403718286,7.418270107827392
23.59463717993642,70.14421040518752,985.654544971204,25.142185532156773,62.840749643855354,7.538711247221648,18.78966989509437
-9.014473112281792,48.69940084343109,1007.1103821572731,15.704522761678902,76.16269727892949,6.955318833779851,-1.321106488860773
-4.7945709007713075,99.65161413394794,1022.0141782964806,9.024150403406633,50.13877680048841,1.6153379137953086,-2.409003326160204
29.99580426865947,58.414681220951024,1015.955687027493,37.50420374743311,88.21156871941554,5.116123233541965,25.775651964894095
-1.0727668972833193,58.87084849516906,1028.6179381826091,10.222566311626501,4.024042161061924,6.976194460479813,6.3048418683546075
22.63730539259374,65.26814299285375,983.8838759447538,34.38025504968966,92.21948386343706,3.663936839491558,20.263835929733645
1.9091390523363252,93.34048024949973,999.917842719044,17.463245292381945,19.6307799895408,3.817510184947507,4.452661540132743
-5.027930362032742,84.06544798878002,1037.3461403788071,25.59138803312773,88.42387450846559,2.12110792979154,1.108787121466694
2.158609549972704,56.09040558382731,985.5925581453953,46.693351992565994,40.08631794863805,4.767534873773698,0.9389771208351729
26.11334659278296,77.49594127782368,1039.884016828717,1.8675817407906414,83.27570558710377,9.881473908755572,30.924953603939546
32.784823405314285,66.89883990246094,986.4327264453974,25.013225373873095,67.16655498036951,3.567874251592336,26.700741562708693
31.510993228349577,59.389363896099916,1038.4117950424188,42.72114801638091,17.59416324782621,5.782932034174882,34.69171888473522
9.859176480922741,35.38526182274804,1005.2551880755109,29.398712418517427,91.80475698814485,7.689135275011759,12.697018151228711
23.40425682853231,57.11490107639128,1022.854634428005,13.843525848257832,24.551739048845967,1.121475437958436,28.083181604309388
0.24921477079104903,39.66548696180597,990.7020980953598,19.884056757251717,24.41401186949991,9.103956036384691,4.095666500864948
4.657386513050664,93.18737198813237,984.6318105207627,34.01328143642873,81.41788966373805,4.478951662524446,2.1183519479403023
34.81679092605599,46.83254507970776,995.1156742814095,44.540594715690155,10.587325557252104,8.82204388039884,30.477354797593705
-9.349903824463198,96.18112116266978,988.9497672536087,2.05331868733058,22.203590637046034,1.3505289300953023,-5.550254149128005
-5.7245734572765965,62.64442320757689,1001.8684128375742,3.576941094518821,50.36775734210623,2.310971966773083,-0.8082025396221295
0.39431275730136583,70.52355029409283,1016.0068272557714,16.252576180479377,83.04770286866243,3.9027650902980326,4.776265206494145
-8.673389806309014,63.43523555914622,1021.2131624495506,11.63898422187395,14.74839747372675,4.1091559575695085,-3.3690609848894066
-0.9282282455101338,30.35044935733607,1035.290767516582,13.246544311120301,54.766823451234636,8.63014800725215,9.220114314363682
19.152078048484608,50.065697520635275,1025.936792527385,11.063499931294047,71.12405918029395,1.1008100384941168,23.840113943509415
11.071227529624899,27.931688982209913,1022.6130827590687,9.791252442757886,86.05952247159513,6.7700059882271155,16.503053480478176
34.63358555384874,69.83632353467054,1008.8247419240042,6.531198343464589,93.55655602022196,2.1818119256069526,32.26415891788702
30.872178086922048,55.74993561603512,1013.1665904472097,46.6977065897619,78.46399144689325,8.408940856399445,29.089859725988276
7.0908675848938,82.23879772567494,1009.0164580573127,7.209473195307653,65.28283982220019,8.007159393621212,8.551969999783687
2.9711716715646244,37.63763847994959,1038.9516221042968,10.220188738276809,43.36200853127659,5.499289246700806,9.320804741081437
8.984620408363345,33.16528467434679,996.100031678388,12.313286199039286,11.211015418841964,2.9141850296113767,11.512503933558799
19.51474712574039,52.50657847710143,980.4004652079375,46.65074365652103,70.97371925255213,6.7104585186900065,14.359849010915921
3.403182041143813,94.12683065747049,1025.5923928058367,37.78570668005424,99.27373044754869,2.406324858918811,5.270363569997588
21.2074453924567,76.83374520099294,994.1723528547182,39.48497151577573,73.67605947320999,2.710214133333881,19.101786452288213
10.470582609562022,53.513889983433494,1042.3080595416866,5.237912976924902,1.671109373772628,6.640209120028219,22.807988286102194
17.602359042599012,61.38177358034484,1040.133243079466,41.81549375078358,49.625997804183875,9.92105601479762,23.33742947345154
11.806326456765834,26.73704089416787,985.3709160349744,20.409654090870898,61.464663248290385,9.019547535272917,10.212724573287463
4.723287977095884,98.76607171008905,987.4471883789854,13.141151310619437,68.96742011028431,6.337966219153094,0.8827158313761475
37.422665348107834,73.31258437559352,1014.6620114572667,28.787504176015528,71.97258356007086,5.8468309189068135,35.896111923295585
28.180289707988038,42.832325477073795,1022.6455863938548,41.10914529083669,55.8108441216524,9.985463920072977,30.834621901018362
-2.994341211677373,66.86467153721955,999.2435836237569,38.93260755374547,22.33603327342403,5.926574328705043,0.020194883879075753
33.42339879489564,28.75858928551952,1030.175840168956,44.49987412905661,94.22006614765466,4.781048697634995,36.21588216312911
14.371559912475682,97.26693350460668,1021.644121464321,46.406609300772196,69.66664676636618,9.185999821978072,12.633758511114317
34.72761134470457,33.98279903066928,1002.7376876823988,11.906103571387478,23.684003686940947,3.107658662823594,38.12004170216787
29.992762797365764,71.84242544441713,981.7760041629621,21.192894708463584,32.23218322702729,1.8777339126712809,24.070551437967932
11.260675223461671,39.63635700311443,1032.5105196908962,0.7314269602535006,92.19276706303697,6.706810309256473,17.207323233272792
-8.87653458399413,77.40491061188285,995.0327566077558,43.966082963253,88.74851867073357,1.8626467039187409,-5.730570588279077
3.433867969247304,82.14570937922248,1038.413162042384,7.728607573738378,40.51464383580896,4.358336832576641,6.730483968404217
17.081710733043344,73.87357831291462,1009.4203182037978,43.07374061713472,3.830722199145098,4.8121964702354845,8.8788381127894
21.673910991307363,69.1599568204154,1020.3954209842236,16.469366099329818,4.849736889393819,5.927842603443098,24.664646155720224
2.8943842716601136,91.39752751616093,1041.10641112863,18.40667949905691,28.391829091838904,9.92493591173166,10.215454066009144
-3.0321962963587934,26.290136879180643,1040.4536100643968,1.9566127241929687,62.91222193389995,2.9888355099986272,10.117658955099827
31.746511839964953,46.473181262415615,1006.0063702670501,16.34393948826598,58.41946353345618,4.381807406562208,28.745526960637076
39.22010903517761,39.86299837046768,994.622222490039,44.418184140063204,63.38277869439427,2.1901611196959223,35.0027372662816
16.28450911513429,99.04111696523373,1034.2602254410017,1.277370056080207,71.72829719321066,6.468521734299112,18.43737155688395
-1.4160357075848253,51.15118237334988,1010.3156142521492,20.316373652336267,1.9032253592738413,7.549058640770502,2.1612204921056968
3.6153663259684485,78.6090159392319,993.4429395491303,1.5699814906370568,10.508559517244286,5.33869140912291,6.546420821390881
-9.080466172626663,74.77801311048037,1043.3097739622006,18.54617125545325,35.94834518272126,3.2124814146097393,-2.224811881277051
35.71494032802495,36.96649899819022,993.8672935968762,8.63203203901456,15.485999752158175,6.587994422635729,34.681080702759495
-4.112445855492943,39.11981441692411,981.8065017733862,12.610919663418601,7.5320042544554155,5.8524195103196455,0.40335911963922433
18.825823775712678,42.502765084242725,981.4195981637193,43.87991865807095,64.09643959973319,2.5406715106334596,16.38355584490879
3.7027610343603,52.890182260750336,1023.5620749517985,21.80246103109455,81.5336477491099,4.651137104519172,11.842557234552029
17.708900125789672,38.746005252042146,1026.317254250227,13.689899570095609,75.26266574342824,4.9167738247167545,24.343407290644986
22.571019417593213,21.572118619747826,1001.7729193539889,29.46691889752739,81.70397786091792,9.843559783942895,25.11088831458042
31.48709018536008,90.35144454457564,1002.4007692472944,7.1053479916291185,66.58565440578772,8.643572489399695,28.274428819167017
0.3210635880301602,97.24878651047072,1003.764574054196,12.969580371042793,73.53453218142022,7.609337094462345,1.636094751865544
-9.450208567075975,47.32563096252544,1027.6110982731216,27.312398380144426,27.177877420830132,8.998993229526526,-1.8137611318801197
-3.1557184965596363,47.080550354037825,984.069365371878,11.87615209240344,99.30080362841643,7.619359652458435,-4.0359552529827605
35.00093209240526,20.567345021949677,1045.0381446883928,33.956386870043666,18.316565449388712,9.1306166961316,43.07139385947185
33.694503878125765,74.42005506642992,995.5764730924212,24.574565112976128,21.44938743893825,1.4909780339155718,31.117951200318416
19.870655108515415,86.0351916598903,1049.9771243669466,38.59945351273454,28.892183181584684,5.104595883402249,24.077795110664223
20.025843021682668,31.728664028800253,992.0065885651031,47.412226786123426,97.53324301065788,7.722085017176502,17.817299152316806
23.25183372731277,32.77330794937206,1034.0082520118665,5.790244467370387,98.82885893539061,6.249662169490121,26.83848537761827
-1.23143606882752,83.20665999771502,995.6388781450737,16.733250499227243,79.48937497064975,2.57649547735708,-1.022470061674124
35.72059729624799,69.30325986833157,985.6592761150278,15.977453143920329,62.905759855963375,4.064428778756808,27.170364982966465
10.938526244603654,23.58884461021736,1041.2453327045455,7.559145966862713,52.00625751846134,3.8599693752402215,18.241507341158552
9.156926412474874,69.80375923698253,1040.1125881433625,40.51515686667354,97.06208456868457,3.352122218659024,14.148754033784348
15.945885264141879,44.71341782750129,1008.2499274714721,37.9939352019395,69.56228028582476,4.088219981625695,15.787182406568304
-7.651701661247248,49.498012437667676,1029.1677299778298,24.221273541719953,94.47301283260302,5.633679596150089,1.3909275248444417
-1.6858315621960287,81.57851346375041,1018.9946152878742,26.88853888973048,31.65507994776239,8.693821223049483,1.226936238604206
26.90168082131852,84.87481541380885,1039.7069279571624,2.9772069001248127,33.37747922695657,7.678293961543806,28.670353181138935
-5.860066603743677,52.02853014718645,1002.0539178523059,27.77536761635228,85.47245941184356,8.517247336146102,-5.633849889386708
20.15760547331941,95.77223488050838,1016.6570679999289,39.56707620098182,14.985492058529438,8.952433701067777,16.286616000160357
2.2674554840660477,52.51701743616578,1013.9760659843186,28.69137867919286,94.59278612960757,4.745354104878466,4.755543750148837
9.464780702098828,81.74688281840879,1004.7734078379801,13.265318506020945,50.747435466340754,4.114236556240725,7.10744287467735
4.434686838534994,58.710181165140725,1042.401854518946,33.37741361671686,92.64138785836977,1.5186104351574563,11.10598822606478
7.783635823247458,91.80258612176672,991.6114547263775,18.07442149826238,33.67927887258131,9.37442459688791,2.8153767117131996
25.952295259212278,92.62089949201429,990.4656047664487,27.24366421428676,71.5958904139397,1.5924071614432953,19.529951020639825
4.85608578115875,26.99334462968671,1020.3836674725926,24.378268163946238,48.28751219726897,7.670219638334234,12.287664483638892
18.32023201484486,94.91946650481806,1026.024596098946,19.058750048259004,62.680363024547304,4.402974740190285,17.27705189588327
13.802520109954983,86.04278732163326,993.6233478027195,35.943899019706755,50.437249313915224,9.539026970492676,10.945843585990836
23.18355826813241,83.30485714501336,1007.3502209578237,44.19380559929409,96.71156173713614,4.7764181884071615,17.21176307752492
36.8414869662379,36.072907174841795,1046.259469008512,0.26062592384624717,69.21053978139172,8.349475162192448,41.13096560560679
26.628604860512517,84.4095367003732,997.2632195883472,46.680825961518366,25.131896862631542,3.5438934894730894,20.910558240332403
0.7470189295378376,88.01061877480295,1026.7852491482176,25.575756804161248,90.96769219050846,3.69179845519462,5.7071983039247876
-8.440843246935767,43.132026756332074,1031.8104575588313,35.03659401816326,29.402973815510435,6.359674688905908,2.1292591154931015
3.1132022149912544,96.1808062689859,1011.3690089625611,42.78122830879386,37.16050993008563,9.981843703367264,5.742828554483287
19.753896535012743,23.98881171193314,1045.6268190731707,23.355184615713497,10.212369802021337,5.658151761812767,27.794792998361096
-7.428709325787483,31.992740259771175,1031.5659714653154,41.74870366824452,89.99665197961907,9.426777727539616,1.5186357513274262
14.818312360061817,63.00649104412115,1012.0547205902628,8.880990972760111,28.6112023227863,8.07624845423855,14.853853704388298
19.84214244584446,66.06339768978478,1019.8534641243266,7.958376723990723,25.891761793138237,8.162778827595115,19.653317382252414
6.712194540848042,71.61200666407227,1028.482941039757,32.873568442807674,92.02625979949539,4.923639902158877,11.06231173307326
28.545610187291096,21.357530345237315,1021.4533126300453,43.50715027758686,80.55268624050333,4.478880251555205,30.046062613313406
-4.67008734331141,96.82934196977043,1041.5088308678253,44.62130887680197,14.10789215193744,2.7272962728173384,2.7440959869719412
-6.243110913209562,23.56704741873152,1004.9822063596281,32.187022918862326,76.93245039036807,9.675471402852882,-2.9787997254603327
26.409437810180165,31.44495621787219,1000.9920018039063,26.274461510465873,91.30330980537907,9.63454251199438,27.740209247935407
14.774565810309923,21.12116140208456,994.9687222646685,16.56965438482581,7.851121821074392,7.723609608791645,15.274035169421593
24.420119821386805,65.34867466352758,982.6448077645217,49.00002077996657,82.5214994904573,3.666272048674026,16.83503106723234
11.741366930187311,94.58135071367778,983.0109775066039,15.984784333312524,54.7420051873056,3.2066158630805397,8.144285373394018
2.3201016619553414,73.27577328643713,1040.9038635176498,37.20930536157966,66.91974493788007,9.897492181482667,7.033377937099743
30.955115883709986,85.81259747843418,1027.4875202484136,26.599089995250036,49.28543389049369,1.5988853359735975,29.208446105338492
29.970793948448964,21.062496276686407,1026.2372690805541,30.425617126267333,69.78030849052786,8.592078629271782,32.58016793271332
24.734823542721337,63.361223878378084,1023.024997325442,19.67402752943131,3.4097861666753215,4.1991220043422715,29.9958099066145
3.6072568614981346,56.76503820044175,1039.4453401285873,48.24115627361239,76.27067232232837,4.769827477544984,8.794735859685531
19.511533343454353,59.917435537663444,1013.6186847965939,28.58411630496355,3.334369785895841,8.487798838739534,20.50810983802956
8.04869484700134,25.777054826815036,1040.928757999081,46.8893815229395,45.529984774734345,1.8154271440482224,16.17024365695896
-5.420896333668292,74.7548288855446,1005.1611518327568,0.37957080869570614,15.096499313029488,4.187527106682314,-1.3901198365343612
35.86567877311214,60.257633188690754,1044.8695253037363,28.633529159556048,82.35742773513071,9.568218494526157,37.73449474570083
-3.15906845405193,81.21190798890112,1028.9059886056868,35.85934448626357,31.366090917566858,7.291593214941308,0.9591357724003178
37.51186769104012,58.823250724937225,998.0023995217099,37.254008558110904,45.40935446043325,7.794452483253013,33.804790997727935
12.300288647897787,31.950530898114565,1019.4859445182037,45.248844089084066,42.87507412983116,7.817547708599288,14.833638076134324
-0.7433535580690176,71.86055632622576,1017.3121393041779,0.22008045018931388,77.25019656847066,1.5451307484755006,6.3837645559168
17.095047368917907,33.7909089684133,989.6529175211234,0.016507962973821844,48.114435979597545,2.82886833934388,20.64559081421024
33.647291793820415,89.7915650683852,1021.387003402543,23.613173039760767,78.8958335010346,5.421369304730906,32.65724992998742
26.611244320478058,69.04929912553932,1002.0349936601871,1.4646852502685326,7.350827680267525,4.313352092278376,25.4673812960708
30.328057393072484,32.57631068455634,983.6644136766722,48.72662768311873,19.15939679029951,4.698210638195682,20.304871700282924
22.939168335535868,96.98704459849654,1046.4059310394596,11.103258727069598,55.153424964636066,8.033026407631054,26.99363850220015
24.613828225892625,61.46923706682565,1024.9043258345002,23.633236468242234,94.7088324752695,1.1321131156096174,25.775541267967878
32.459782578265965,25.831876149732402,1041.3843252309593,3.0568815006111807,7.475784672178031,6.944427336891149,39.08652098632574
2.4834004429592973,70.14663235320538,1027.3239203509277,26.102420808562925,4.308421615686431,1.0009920862164021,3.4978721394243437
14.471248182157023,40.255912561024815,1004.9888584498079,18.997806257370424,15.655067492785568,1.5675267301861933,17.865703376302537
1.0604720909801113,84.2954761501842,1015.8881650630168,2.2330014438611876,64.11531288601566,4.6745750785386155,1.5321757789239094
39.38340039983235,85.42576588529525,1027.3022732243023,16.75621333481124,39.89929166702472,8.568536678243394,38.13620847792146
37.202966984330665,98.31578846837294,1047.2176627641006,19.57180101114278,82.55523794176862,2.3049618900801443,39.67063318708887
-8.028659431574706,60.149562481960295,997.7568621385187,49.496074563747,7.1933151481365805,5.9915926821575045,-7.386256285439968
25.27875862578442,56.39655037821897,1041.2483941036883,10.394293595968772,19.641408681470107,7.106547041440698,33.07486868787092
36.26241587078329,80.27804843571845,1044.6854463705988,27.238980768504984,30.002640546489566,3.065795957549445,36.24769677605853
-0.9712327436333226,30.597652507354127,1026.929086026127,49.36577745993143,62.67300866887852,5.610972297426247,7.4985801517078166
18.397261527631475,63.75324110344994,1045.1886639180937,39.60096039700676,68.51726903015472,9.202665548243731,20.726093075157415
35.774414879402094,63.699808010468075,1007.8515011234158,49.668375044104444,12.420329396377383,5.610056728289795,34.068835292322525
-8.302701070710057,27.157849824830976,1046.711132322831,48.41491573300846,94.38047089917396,2.4159075560888317,5.107980930842774
24.871013362341998,53.43872684055309,1029.1948014016182,24.476977104707714,34.104413519020916,6.6503286701879025,28.95735041168125
4.867450368627539,88.26278388537615,982.9404037193168,34.81879249352829,71.31687630002831,6.329801620076626,-0.010137237503199836
36.21980976882652,88.49228975957283,1043.4810982273336,5.522156347057555,52.42077189476988,1.242592838183181,35.14951079262766
38.552912258268385,27.939013193574482,1013.9130966323235,22.057441252340094,22.27581135471066,1.8153496517280994,38.737666165834774
37.213324455671696,27.25767061982647,1012.2228889344483,40.45092711333487,84.6228323115411,2.411032196269097,39.482213473731576
13.71071083287319,41.01563816015482,1019.6526624185744,25.26676604885717,81.82380281919299,2.2266016980568293,18.317337958611365
33.10213254946567,89.98128500431947,990.4569182739859,35.134951640861594,39.607185391669006,3.335191935048398,22.644026166730175
32.22746992675352,30.312206805879917,1012.841623399718,37.287566499213845,58.86075856938554,5.086947909120112,30.78078279942722
5.955023662162782,77.5997442101957,1038.1789051702422,12.673457062144694,25.782569593593973,4.345446681090859,14.453256300156358
31.445773707533867,28.093249569048258,981.083772139626,43.784968647128274,68.98516287463015,9.015849022641373,28.430590578723187
-8.149618264225369,69.85102829982603,999.104201222706,22.99112154545895,30.902681262043142,6.508984684657033,-8.267183923924545
19.81349392410265,48.48538392953159,980.1718210510691,10.509255181077187,84.40787343822349,8.885299149656587,13.931286527382039
1.5004418643851523,83.11311703726936,1009.0997916404893,43.27079408942219,21.73851042772743,5.74335392425839,0.5776709941479892
-3.9716557111360595,38.69523590602909,1030.9820857345615,20.890940305312682,1.480342281846414,1.8088342362040595,1.4285222019907664
-6.152339918539543,71.13614635119679,1035.914028038024,37.515621918985985,26.850804196791845,5.1695870415979135,0.27927349088595593
24.814438793906987,38.8546027660708,1046.1632832788905,27.401653611079645,19.10524864594867,8.398292921581284,36.44156530848748
6.9937481884033055,77.0928226489723,1022.595322907955,19.09358761172502,50.82864397249243,2.746933904503973,7.017967052433688
26.238338576438075,89.8942427648599,997.8238806657026,40.49382075192847,20.37032916565763,1.8209285087738478,20.387888104630115
-6.7321829600528815,30.144143930140803,1044.6903564395689,29.223496582230652,76.31898707194948,3.9649126450443406,7.732344757030084
5.764516891530517,89.32765508764028,1034.2721027716264,19.528105121351587,24.137063800400394,4.500080475761257,11.416212827066282
16.974564618766863,67.48602035314383,1020.2099938102201,5.479893516756351,70.69681799126558,3.7563190876531394,19.489521263797247
29.53615824194818,30.168839269361918,1028.6948151003255,44.772265688335395,57.847092301372406,2.217167070621004,32.46513900440266
5.937625146603496,54.20334842877696,1044.70214485052,1.7734792670833277,98.62498564718844,3.2575587374954305,13.015541699685485
21.294568821850454,32.86882347880783,1029.8675819931045,43.15936741840281,99.99009770092316,7.140541641418993,25.257735008302685
34.29888741180935,76.02783110932556,1005.7862155309314,17.998076244157772,86.95260833173299,4.473356646638475,31.526737757203982
20.79315940911523,80.70945075343597,1029.9119741602367,31.966938175070293,75.99833692987511,6.6929450015670024,24.316105739303236
1.6479737376816885,28.463721621823915,982.8194713914771,46.109986191784266,38.64564140005737,5.826734019268592,1.0007500993863663
-8.7799609221731,60.49118821557155,1007.0490893281407,7.585330775194921,75.32767271313035,5.941476458719021,-4.003835236758429
33.50494369504649,85.17000448207338,1008.4426122291906,28.34752378194051,95.66755370794907,3.236946021530164,27.61619046599184
-8.936529457480644,94.89304332407971,991.6786764094584,38.221643118509604,2.337757539544416,5.693887294913634,-9.896123840210638
33.73508363420997,61.081429339341604,981.6159836386239,37.87919163595287,53.79147001977388,1.212352424768816,28.70430360654501
16.4468567013606,96.02233788891256,989.336686564642,26.281595729975198,21.799830438843458,4.885693680924335,12.643760390100837
36.95338492564481,62.85511763648238,1025.8235047057938,31.236972995322905,55.78763158688504,6.153605408709236,34.353270681097705
29.939161788683272,51.53523956799263,1036.160217145458,37.87634970664222,46.64470897588912,2.6379605921869835,33.1494098603408
39.89670552666687,87.85625028423163,1049.1742444908882,42.05138188787059,57.576858155228436,3.3090265562405623,38.80264219766764
7.535590772585508,59.43861683664713,1004.2454452175946,38.09065484379319,55.09622214187242,2.9757791783405745,10.404546881521103
28.359414446556343,57.752200845161845,1021.9565455582771,17.700247159062133,96.0107039168562,1.6350215973888176,29.571170242201323
10.096545680462107,59.22499915278627,1045.6001476770584,49.836320052886656,55.21861089347361,4.13071589026081,13.153243368602151
13.993781015195442,87.74280014957964,991.6929246936706,21.72513468596522,84.62320881248672,9.810691898067455,10.103366409486625
21.375273160918503,86.55532333504416,1030.235191043992,1.223235137946671,31.98202868008465,4.18492365817249,24.63561835807642
33.68385570931694,52.281599395216894,1032.8485113204415,18.1308475792731,43.81006887910489,5.144829596532781,36.95749584669021
39.20417345996476,46.663988789642005,986.2282875108536,6.389147728692163,47.04134760448099,6.877785258607377,34.18162205068816
28.41367069322591,59.354241923130346,1040.2874569628145,6.07213078641875,27.87280433353797,6.836479760521964,31.972245960750545
10.888339108366687,65.82180077896872,1036.917353297759,14.076752005344717,37.97902614779552,9.549054820167617,14.848100777758177
11.06785011385351,39.066976850239755,982.3382104604204,2.668774708863042,59.85130794667752,8.718077263592127,10.710108041705606
26.879115079444574,83.51640677724725,986.3759090416036,34.42560942047815,58.018776330453235,8.14555618394637,18.68968322751313
1.9388572884151163,58.91862125859383,983.4388825724296,3.699444210095254,63.64353445734805,9.564645032004796,4.2055711421796556
-4.476294343430267,46.72364387359677,1003.4320472259553,10.16447777179781,35.18179154201411,3.0768884693485443,-1.3384332879632912
7.7311078820388275,28.545679437119247,1015.6502293475949,4.644985724705969,31.58314951530571,6.553487751596133,14.647641385391797
4.361949582704087,39.10761283228855,1017.2643409568241,3.1583865451515534,61.161788275416306,8.984770900499406,11.119387741634089
4.815406022799504,95.9424937404787,998.736673183861,13.387583276977082,13.286174842752496,6.617243424502917,5.4501523296413925
1.680387552495496,44.40797494556213,1043.8117820592192,28.594948383018497,25.303154353213998,9.796784271461826,13.196447891624903
-7.895340518181905,33.50874314936283,1005.7783952910339,48.23427782234209,4.212773695299521,1.903174425157411,-1.5447536033030065
-9.106303263329309,56.85382333239946,983.1885109175747,43.777832717480315,7.261085259608013,4.953974525138802,-8.293421952079418
39.386119486801576,44.56701946881989,1001.0158978078971,43.79669627226624,24.338327926060888,9.796266171177725,33.77809757165889
11.388656686793116,22.812740021695532,1017.1776595780909,8.803351801882881,1.9529280296919027,4.416112257129332,15.854080153181481
9.216332357984083,45.85161738235338,1008.5755275811763,13.245359674891006,24.54105920874615,7.65600737589374,11.098432627600195
23.982364134653494,63.528689915157486,999.1689763369482,3.819665839765285,65.4976323062026,1.2736261097078425,24.49091947905266
0.9126943932532079,64.13698976159736,989.1926274835022,38.923416995759254,6.110707846893304,7.253534031672817,0.224214182576073
37.49805919751127,48.524713694151096,1037.341515006736,3.4908150742780975,43.6736677794641,9.411640592748206,43.155374201120104
29.3172507207776,55.78422050020805,1049.7301669486935,27.83478354104266,91.31087869195494,4.444356566710025,36.530316806536376
-5.529449884387025,97.24143345878132,1003.0679493466718,12.393778616197537,79.12848289254009,1.1916985413423653,-6.090747407839086
10.879038789246419,50.18787817842493,1006.7134730923623,12.172281701437237,30.543750229485724,1.2511882395593545,13.694708250482314
33.95591537810824,40.65814506079864,1023.262626727387,49.53625276238026,92.4805479191647,9.028209751399801,34.59647048014996
37.23660111457051,39.477363525340806,1030.2909032314878,37.83899034892687,32.96464967477248,7.502644963866356,38.489032453386066
13.370075562493486,56.62116901633073,1007.4420674362514,41.84696791455251,7.251549633756249,1.9601774580392184,12.789146717473658
20.670569460535386,80.76161189735552,1043.345066188727,28.599134267200633,99.40559567681136,1.491312493460769,26.550369311437777
-1.6483026953962394,36.47905473507785,1019.2002792460243,43.55071436968746,87.00225271891718,8.243428272539315,4.487067951957234
39.558431306848824,76.74369017126145,1011.5273053484152,32.274526958317644,46.593278330109236,8.288745695248231,35.626830428586516
1.5835850691721696,21.691985867953303,1025.2670927211934,47.308685239817265,66.6376524192404,2.084696558128441,7.429762735811039
37.136588706756285,53.51463823871568,1046.6962693774421,14.066929302281839,67.12280778566702,3.713683634997731,42.93644814397483
22.482332449618426,82.06920521622294,1035.6186606095193,29.76597728914475,19.448223073046034,8.020234581165006,22.388731390172456
20.386839743942957,47.09863646195451,982.8009191374587,34.50656739684461,20.00486331536323,5.728708638586057,18.165543423861084
15.63442555082543,65.09896811563195,1003.2616937517972,19.646865251390334,46.958070335182576,9.609263746527695,16.55271378926145
1.5334905858879342,36.398338626072864,1012.9381279465856,43.985399120202665,91.15731401376979,5.329563808114044,5.308019045249486
-1.173598399724586,79.35963129009379,1002.0162300546374,48.990158155207716,0.9993774858570781,7.092621438089614,-0.8580983801718192
1.0243104535087681,24.18232826150077,1029.013129258132,24.68847456863308,78.25056359493593,5.588050291674258,10.424962402939517
-0.6780868927872739,88.20341159004003,1037.8388404903808,19.532032740216955,5.752678371465414,9.486689461165412,4.987856400853586
28.979223678337668,35.85571091373345,1031.194156662969,23.596896427822934,47.82221148831178,4.58793182860848,33.289049891832995
7.506262958336507,89.95184253666646,1049.2533300779792,42.63683728659658,63.78728330734764,3.0681680966074003,12.563897405406804
-7.107866171830182,48.20233930404139,999.078335352512,32.27342127590838,68.67592670824648,3.9397047425289387,-3.3899708059534883
38.45513150704057,77.81468595795893,1041.2492646517096,2.2386186259047536,5.8479263615911385,8.674976837487062,40.657629733496385
34.18929424817129,45.53802382289508,1033.663586562214,27.108495522285743,41.860361738396826,5.4814470716092005,34.904243032907516
36.387614159760645,92.47293369877181,1005.3525130290702,0.8650061370484907,58.38372605023247,4.188270731520151,31.986842085391704
39.745391132321764,30.13097004146995,1031.3887180559877,38.92676855017027,6.604553730600693,5.8983401962853454,42.66497134243929
-1.3052375390256348,34.2815831418079,987.2853169492773,16.415613677123186,13.509455659530978,2.1990673654915813,1.614615756097602
9.812100945132936,59.44241001270419,1035.2533437638388,23.600374105866468,66.36489895040386,1.0482337416303649,17.60037638041943
27.911923785204564,26.55507512305169,1017.2631421810972,39.9339052953816,52.16381965906517,3.525262153241417,31.433678448974156
24.80103090268961,35.678414776140954,1000.4603120896477,2.322440864288078,16.182866126829055,6.445051478051881,24.438708785321367
-2.305204683007247,95.50131057696115,1025.9044111248927,7.927076779580522,53.523933691473346,7.4051269269524855,1.5565247869330379
30.791656249530888,98.11917289183097,1024.9133999100086,19.898018822255743,91.26923734444158,8.4394986971677,28.4428097192489
1.222028591833034,50.10074634643375,994.664035590372,11.49625817727803,1.5587584775363927,9.339972034550227,3.6467600517809102
1.1908807411311546,93.86288168111486,982.1278190368068,16.895071288753154,64.26337734858546,4.709011122682913,-2.0283254131217388
16.84872114467068,63.58597405387454,1010.3535810831172,49.90873689462325,7.365043460534193,7.6646511960170916,17.51517870487623
19.646996742085157,41.579397269901364,1019.8658308541095,41.27072187869054,0.6449442964700847,1.672056371782563,22.64459070964446
19.00431039189056,76.19189768644789,1041.3623694859418,44.19509074800543,15.065448866063381,1.5177699889487208,24.51400291409925
-5.425658130112256,72.71214452598858,1044.9751756953317,46.85273167828877,42.29066318539193,2.123181927875409,2.456865073035532
33.87304313151902,99.13002552869867,1017.0163652709737,17.046794015709782,80.23439989819529,5.037121880476861,28.90061866868128
3.280002129435303,41.20378299274266,1032.766243863798,14.853847889823635,28.178549660455865,2.901532946488749,10.729382115342688
-3.5242539358597913,73.76476021293882,1010.7512290629597,11.703124628603746,62.56732123887586,3.582324477440342,1.3383096069613618
34.43740399344886,24.16190040235575,1032.2257509601025,41.50584556540613,41.115663795530665,6.830921561610724,34.869075198976766
37.78257491148767,29.09168309573755,994.3361067457416,33.97759311425925,23.433179196600797,4.226699609225614,32.5476295537337
33.106380863272534,20.313469996087463,1005.9745314362472,11.808599124143864,51.42471142828586,6.016344019462199,34.84249030757499
30.475803736243904,99.95685448477386,1024.395959916953,18.849691460522745,79.74644903726232,4.71163381062933,30.526638468584547
22.762099031951088,84.18189577179822,981.2710575924955,25.335588196639915,83.24923700561442,2.520723299678376,19.151182608366646
17.542868530456964,82.93784117868327,1030.5722917237267,26.407002863687683,84.65195318772368,1.666179912303047,19.10769307792484
-5.650662004429493,60.77808602305438,1038.4874850887718,44.43638642758573,33.85578125549794,3.1260834577889907,4.007651230298831
10.422660653534937,44.0053666324352,1007.9399162765766,19.028306647360814,79.34560647157531,1.5193042254193991,13.722940153566123
8.634425850615699,32.101142757014074,1011.3559692024015,45.42620152502562,21.217845510890786,6.567507639008262,9.140425892084707
2.9876891880163097,42.773979107717096,1039.5897548551573,22.06837801598948,73.84251012428832,8.161458413194904,11.936508735713872
26.171005684429247,50.077697754331126,1034.2958244728222,37.31863373961769,94.83844262726167,4.0576669141366075,28.279764746117714
14.79378675393854,80.50480775842352,1000.1704642323363,46.512715999252805,1.374383469095719,4.483999498171224,13.670729716017156
-5.947689204617603,63.17294311225219,1002.6783274593078,45.37878519816332,44.036393117879804,8.345719564833761,-4.027911934626115
1.0091600974905663,26.198690124438613,1027.5214762673418,2.847643364784058,64.77709884140046,3.003516211362043,8.191903931661013
24.162938182979794,21.442320716712977,1019.4238664713713,10.285214748828492,70.1775770487553,2.0724423867538677,26.223001409642936
-6.1934570254849906,28.186574362725054,991.3560699767548,23.845271276613754,17.60877582692022,5.510063055979778,-2.05017740282661
32.56034570243843,52.83989709579035,1001.6950936460416,21.577714497655364,97.21832752385929,6.815711525799134,25.784045458513507
14.757326350698715,94.65543336392146,1042.9988293815059,32.04458324186035,61.5265367970973,6.396889825418313,16.782557394457253
14.0293288663324,70.99219849673773,1028.1722105705585,47.23545254127061,16.43406012282678,7.424857407467627,16.571673266649448
19.62038923297588,84.14607199004121,1049.0182022379863,5.620235563897441,2.052251171251529,1.510760639557215,22.903330638218556
31.234048296257455,57.30996756036389,1033.6908770986538,22.592933256712023,78.32641987897759,4.8538145148253555,35.87610286276285
7.390460395109653,48.933286655603425,1045.9382102500513,9.620551894356966,7.970473944545908,3.147134715511238,19.15894544568616
23.900807627953178,28.67202981732982,995.1332001709333,44.705379919897375,14.105092107023653,7.8320913359142175,21.02323322251503
18.28659819978955,90.07464177489639,1034.0039412371848,48.229009290082644,57.48300268556906,8.854574356543147,18.430689500510017
3.3514135084710652,82.65280232223222,981.4152264103458,23.935084094517507,60.350550344961974,3.532021667257734,2.2413933558907626
33.9314993177579,33.44944780781801,1026.9532015198074,5.200514886407037,68.68871185923985,1.8569627116246745,37.94615801060935
29.871301080346406,60.980845110100844,1012.8497594684169,39.26473333613366,39.351401266362075,3.2808516579225717,25.687408406744183
22.922591732921276,58.98998463369959,1004.2732050344048,34.85706752461995,77.38986689668229,1.9360764015302772,21.376489444088133
32.52908645471209,70.00732421492229,1040.3683046605163,17.73354133051552,97.43585996158886,3.9017994950210837,33.51184953727148
33.364710047990116,95.6949515193009,1039.798738486027,44.37037369844818,27.109494307988303,5.843787204896431,34.672095300080954
25.418148835751737,66.38171534099837,981.561119342905,48.791594489135356,70.3028616537946,9.763128589583857,20.301341648737274
31.8506664181836,63.217381342289485,1022.6653585714602,27.89269245650977,92.84686523951568,4.594332289162226,31.393331220435186
24.87357308346418,24.025834634773116,1005.748255702467,28.28639556721462,68.62867626170427,2.98035931469159,26.952684952232097
24.00703858801502,25.032598081441915,1009.0962701050314,14.875675255688892,68.11094986442595,2.5012156633375158,24.40778855232271
20.930568910759217,34.98774330614311,1038.2428517453143,29.22530179916571,22.37725690852066,2.557357895248084,25.75957186437752
27.635831977882063,22.597661735339862,1001.6887840069375,21.982116026242327,53.51302003196929,2.7333791493531328,31.943414417486046
-2.0697447353463154,79.468231645601,1046.0134167446333,15.109551346402593,56.25228436045801,7.860403202837023,6.136822692841757
34.04353795994642,77.86642431951705,992.5743678460499,3.359259826195066,70.01295624559528,1.5492494028917791,31.28605711557355
33.5921763872616,30.884498754531435,1026.3905696357724,12.635392985456246,99.68214498961827,9.976624362487307,37.87343200171895
-8.537635848272043,86.88631206362247,1027.0473546909636,9.89273248388322,3.364382254376208,5.7041775204963505,-0.016865170611601865
31.290837528238136,32.382882787688956,997.6536612999543,27.102099227697448,6.523266126748684,5.898447048707431,26.30185044439712
-3.5565066263277405,44.094046959788706,1002.7325426277041,30.08350108817969,7.795006943091876,4.218074908296444,-0.021283217453057057
6.7559427129570935,39.9181519329092,1038.4358944805958,30.428586215300825,74.29791344889568,7.212298234709084,18.08261730513791
27.17541281458039,49.78456788584382,1033.3263678468468,19.409050052283956,13.635379511075751,5.243107067927179,33.057185007059935
-1.96200519758459,40.37310127119695,1003.0367116220332,21.0614866842748,62.245187449034525,3.9615515646809483,5.155624407028962
30.898351205953112,59.11607411507617,1017.3769582854454,41.711921482032,32.46688778934585,3.386245633372386,30.041731077256284
31.606708897887096,52.59263050837483,984.3176207377167,23.81164067585812,45.7319956210711,9.330860862399335,26.04114036857187
15.373386688041812,98.92555926234613,994.612211767904,49.38866660685612,21.56631598174139,3.6189056354717817,7.821403459314787
-9.68070641415832,24.474108010258053,1014.0074391202279,21.980861500443243,86.61065613045422,4.927539334868578,-3.378312483166213
4.351906658745639,31.37451011098813,986.0181614695448,32.47904723089195,58.61503241630264,4.153072619048214,7.082052834358903
20.84634591878711,24.2260715126882,1039.0332648424355,2.51814994966979,94.45632635822527,1.7756094468523236,30.53681263967753
39.059308901371175,70.06729559859006,1030.2604347075353,32.66699622094054,57.459624970432955,2.673409550340404,38.36759741470084
21.59067635083342,24.360742193097565,1046.0543569453946,42.5713197207503,12.390803059694665,2.7055177779374384,30.199184388235643
2.9901790532079904,86.91517899008987,1028.5426834174818,47.12289192666481,17.087043383847544,7.242845629506894,5.798599310412758
21.700285154980566,60.955090454554224,1045.828096058353,49.866030581988525,98.90739763678472,4.659268689692283,27.874183427821624
16.999268985792774,62.1606099665227,1018.8158788983676,14.108932282461655,72.55651973308677,8.037708067635927,21.498838571050438
28.99226975755718,64.92756061697554,1022.0153027743379,28.768503241285842,4.927875002908966,7.380558319007413,27.181346497682267
-4.650968058652079,33.66509650449686,1048.3879738238384,22.535899276607367,70.37810050346648,2.728447897564339,8.03216251447095
28.0513951251014,35.815224249159,1024.9490402804981,28.19087402875855,41.21730468096116,6.066252281080906,27.9735467566521
17.063328933805515,45.50538582984038,982.1550598202523,7.872647859492332,30.72083868231905,7.686179614439225,16.05906678359188
38.149600192949734,67.47971326574812,1030.6661943641366,42.807478629797075,15.406079373053426,6.697386311281507,38.69694688528122
7.093608301934303,36.809422075217164,1043.382808449619,45.47844716722938,83.99039545565657,6.400148572791828,12.690873510121843
21.631094656697407,29.3065381706609,1035.6906174856028,22.483083155646128,6.384137898910069,7.656497986606912,27.438420398676378
36.60140527550087,97.60935091347457,1020.8683290837796,14.021493078678843,28.98354623796403,1.511026653306762,33.75067387417038
-4.874513600466037,21.758545184769833,1026.9912459165462,7.041671382650616,30.638289382570438,7.582797526252896,6.280412975918456
36.86142436182256,84.21579242688173,1049.313425247617,34.18824123889022,16.090528396350035,3.453897368380855,37.72534163214701
24.394286115040664,83.04281196600176,986.3463461956537,15.61159198103676,50.818488328687025,6.146850290584187,16.9185142659913
-6.608147044741405,43.77712910760768,1026.7071380043267,45.47692849566943,1.1702626810892625,3.180744952268567,0.5051145553882056
5.048178347340812,30.850129280585072,999.8378386199415,33.5506237422435,30.09755154104091,8.549358149861538,4.8165987247899835
25.408604432264077,31.65029173643387,1024.806327761032,32.28426625871204,93.3629444033064,5.3250341887068044,28.706743406364662
-6.632469926561415,75.7945293789754,1022.5336503118757,27.970105794912044,31.05295693420057,6.786470908224852,-2.6023667582533405
19.108523008813663,71.42452728689389,990.7419782475713,2.2888169714362805,36.04593871067516,8.146738391290553,16.75660691622514
7.294152847647837,82.61965394011094,994.4722652018168,46.59612178427935,47.31650482340716,9.05783729564228,3.3128473413989665
21.045775888373857,94.99849379192837,1023.514070463025,31.396874664973,56.16933748514747,7.588558873624069,17.2309351616562
-7.712898309374357,75.35418906132736,988.9760963112642,49.70309916915552,80.8708644820744,2.3389171857136515,-9.455725840821563
33.576840307618816,32.46812292411548,998.5626612591226,26.867820238644352,19.03212231560176,8.690791326272079,34.24551285455756
38.67444845886985,39.475409341232854,1038.4671883416602,35.50554459531065,87.17463771925573,6.567201242789555,44.23297107220184
38.44389276428458,87.37549846984916,1002.8964054201147,2.8104778933111083,75.75493571438894,6.485047825422463,38.85987444784413
27.48259158714624,36.744486066736684,1014.1642109388764,31.586808841170544,72.26503346615553,9.292065038244294,32.34923597930363
-3.495687993468401,25.801785356358515,1045.8798234602089,38.23248057951786,8.680457371463524,3.239484000992948,5.540996013762403
27.913159796451126,76.26240432338004,995.9004362185863,38.92571474262787,2.164068997458468,3.1562885664462996,22.247097974224282
-8.770654177059924,52.202108439211365,1007.2738212150607,38.50558261151427,59.4012700908084,5.618741992254657,-4.511001943630006
-8.893822423550137,93.60320420367229,1022.4520442880482,11.314131364683384,86.31339625231612,7.757767598813786,-4.417024989805735
6.180510957477061,72.02040568749293,1032.873725065278,48.769923880261295,58.44414641406359,5.025166374056583,10.123431084427153
14.432159520233288,27.233518223332858,1043.1157370698893,49.75910603124694,21.323486544553084,6.70502250903162,26.883242236347826
28.520370890389657,95.82852538029286,1044.083109130146,3.7797937580800633,9.051989794921322,5.072722518004469,28.8354068164409
24.164768830325258,40.68458109121967,1034.3648052060837,46.82232114058786,69.9596452817735,6.4934846243827185,26.671829469933463
12.295135318837417,46.97699923250286,995.9831585615317,14.472459715218466,72.17702773178095,8.4003607235234,16.654207741058592
3.681333314083293,52.180833094683365,981.7366531029796,34.46420408754824,17.253170068710865,2.6242902648183097,1.2599917442959576
39.856225007885556,24.09794371234506,1006.8641751248937,16.905546036806605,2.819031549653628,7.2584068060538565,40.92146602728026
11.309065111798649,59.721233778448386,989.9084195691477,48.38771616865608,40.8283513223197,8.08683165404365,10.971198509428746
12.569351216483774,29.86547928602338,1029.7271353206809,5.075192915176774,58.271870213302215,5.024002667336042,21.473018876936692
-1.8188089404165417,52.077626135068144,1026.2791410778002,24.887340847818802,70.60024095671912,3.9091021936106882,5.368837695324563
29.740477437496466,48.05678303936674,983.0780149135019,21.40238959710373,80.99450091529027,1.1218989153196186,27.70366747528072
24.68411128907443,81.82720667412028,1038.5615645391665,16.301172613899244,61.053742730673235,8.173945201006841,25.61835699895372
1.0384806394380206,84.25364093061849,997.4120286403828,32.27669954400743,11.088060859848504,3.9514479313238926,-0.8523396710621153
-5.880947719207866,32.27303059112704,1010.255895284373,6.552787171083374,68.25816721424148,4.215785224672452,2.701372102415255
24.024965103735653,49.3240949903381,1026.755361481902,35.83312090668485,98.4176642894882,4.02405546788931,22.558062397470795
22.725560714056762,49.868252882546535,1010.0593150796577,49.02960619023936,90.5584584597404,5.488653977311043,25.2178509754706
3.6629763499104655,32.112835514886804,1010.8901461959961,40.22793572343151,87.16689092695127,7.322496158971694,8.773412949856349
37.543178112520515,83.87628040409524,984.5939596735018,43.00083764547727,30.217015335834084,7.946768179004597,29.046714537628517
-2.447105410954988,76.57826626683386,1008.1010484482002,17.981837158950125,75.07881764540006,4.533136483628425,-3.151261246658035
11.616740052130094,35.23054290376278,1033.539352525399,16.244330324060936,85.11034459651455,6.967918315406521,16.701253723816876
37.18079600837994,49.33775268750392,1044.062343603062,25.85241773450666,67.83262046312632,7.486158252441837,40.17621971725487
10.986365846306114,28.46440198852114,1008.9447995944361,2.2863307381136346,25.056175656798054,3.672255985096434,17.903521913129428
21.92629738320428,70.25652776744352,1009.6510078815355,47.26790672282663,95.38339718749583,1.8695932258338395,15.947854376019983
9.879719898139715,29.709753963889575,1029.1838974426557,7.18925865080961,45.08194114586759,9.051991485800162,19.615832881720184
3.7107601174335016,98.87473348999342,1045.9940400773694,45.15065195840462,12.98055586658794,7.094043746034336,7.1656781860874466
39.19888239799141,82.45456597502898,998.6942658167552,4.179111100017785,10.9777895057392,6.8329936798866235,33.871022132319474
10.46670031575215,51.21908396671961,1010.8100944576556,41.13124638392801,64.75189872990458,1.5301226369078018,12.871306283885312
34.70496018395672,66.28511458234836,1035.718127048661,7.598126293910756,43.77096464167391,8.360857517535338,37.712854208071775
1.4977302945543087,92.9073452973127,1022.6785498561827,1.906580704573635,9.44838751789636,6.094487404774478,3.7220793899116775
0.6552352012541647,64.32794243166609,987.7410440774769,35.974472512970436,74.03645721560946,8.630959755858095,1.0229676894434494
-8.443295855774432,33.95987891183641,1023.9412914893586,14.013265008721415,79.93251672586197,9.771050653630853,-3.641857597180337
22.58334126879425,50.296268446492746,993.0722399218129,35.724807639217474,72.54156307864513,9.61390288792218,19.44589643593144
8.426317186188058,87.45158920237964,1015.7151153854883,27.75426252364099,20.226087768401293,8.704804117511868,9.443160180064476
33.21791249198185,71.53704127916943,1017.0372287362306,5.440369511503279,68.97754559960694,1.09852636448232,32.1059295202815
13.66049533457786,72.05795074670402,1041.334235355749,46.606503665058185,1.0722802894385097,8.971544874132608,14.062774486832316
38.40967139573608,89.34571885507913,1012.3745991808706,22.61570873817388,30.511213967840924,1.6755608244488096,35.74202237571218
-0.7237242148439424,91.51784459700038,999.5609695565126,36.7223638899344,39.882153140754376,8.660745731590906,-4.335341535651309
33.43115839778054,93.5834057423549,996.1676443751222,25.051028600781255,83.52469488855016,3.5215666175046128,26.967379389897758
28.829842639587085,27.58793546025249,1041.1976313679036,30.218073748060238,39.03943730694043,6.4906150468003085,35.27314161874659
28.546092232202597,63.530080157048076,991.9707598092759,15.138679617834622,1.1269446189398291,1.342614080348917,25.260106282838755
32.239161405844385,79.24076169746549,1009.8107992618201,10.018015200172513,35.23464118280094,7.940635265064053,32.3727672401625
28.051199547149942,80.5541476101611,993.1021180448863,27.12851017040339,49.89240983592872,2.0053551000967436,22.90155488448997
21.31101608157077,68.53729615760031,1034.1312828080063,22.010948648550098,94.90047866727734,4.696193545081947,25.505435774894455
-3.437756115880621,33.34298681469393,1013.2060847982233,19.505660671696656,94.10343037895447,8.357014020927712,3.3042899761721363
-8.373691025437404,83.79364431533315,1004.5800583389769,33.62835975473115,18.087403822141155,7.258140968575017,-5.589625985405924
36.04239239078434,77.60890668119566,1005.2769748438527,34.5253316005568,18.514654173945154,1.0543842717226022,34.27959123831615
20.832515726036902,26.890861723922903,1039.6549944706085,2.2960028045631518,16.33814564645505,4.6272910108829395,29.664902118525035
29.826864548808814,57.1047859739501,1018.7641768006107,16.937224712183607,78.89219324141033,1.3773476526805721,32.31591798821991
14.076117575627503,33.918191961744284,1030.2507495791886,20.58822751131887,0.6022040368406367,7.0614987473662225,23.670103513420575
-4.134590551880276,46.99816365703775,1042.7926961375479,4.844608058208405,12.717719819187733,9.720536425779892,9.616787450009049
-3.7407103898724783,21.446487376454833,1043.1219173228449,11.795043334914418,53.7959631644099,6.897351360706833,8.212633802950597
24.27826436144857,52.02638947286066,1002.9956338036504,2.582089861137832,24.756206688676553,3.019351880058002,26.86751883838344
11.515294744973133,63.99015369249683,1046.671588420247,49.81210493085103,9.235645823926209,4.1970972885988616,17.676463574416296
0.02623633501683642,69.56660742616694,981.7413117410224,36.82786014849223,35.98780123338343,9.78985500092621,0.11123603986753228
14.579727337071844,73.07922761029681,1006.3784892711316,4.372507825137683,27.42076050602448,3.0164717082911503,16.42184719422607
-6.789553146243295,86.9033050481968,1042.705920025619,1.0124689895046057,51.11043065142845,6.053761657489984,2.183216128277448
19.09857009571994,37.237032582058404,999.2245815871888,35.964390007614014,97.92335938301959,4.604084278135703,20.20823387318761
3.449670221754884,29.638545795077434,999.1157015224923,21.959608284133346,12.430463681491844,7.914837681353995,7.840986751130491
29.877955031859408,88.12297375183405,1001.1835599557322,39.3398354532288,37.27267048340943,8.806503447818983,25.145632187905186
5.518097946178688,32.52902519141199,1022.8619369392845,46.17380189091919,93.19850178724747,4.067535469152671,10.89099696412183
12.761007454090059,97.98080650689562,1010.6832942930048,29.965019450818627,87.68730434938226,6.943567273294443,10.609186305619652
-9.418973004594967,87.40305835189096,1030.871438544734,9.355421145862653,39.42710347842806,5.941429277659545,0.6909228611053093
-6.377655610272056,60.07012847116793,1042.6437449795267,39.109701802322625,69.89532645197365,3.5060004104989004,3.1695149326105545
9.624677820334242,98.51371399376202,1027.1939562460002,47.79058715871872,8.785701358134556,3.4474672253170153,8.842833262284435
13.996941735856176,27.79013832864034,994.3126704138302,29.011564352997798,71.25410555436152,5.847684827790736,14.81567689075188
20.001027405965186,44.24526089400813,1045.287733165235,34.09987236403668,97.28577294847415,2.3860258617906984,28.661935687029082
4.583128935465162,71.05795320324891,998.5145011343235,16.873734751833652,53.74881528341916,8.297289068342243,3.672138351265077
24.74909430632713,48.0005494778543,990.4926006729711,19.076384733015562,49.84902270344143,1.6210435528036182,19.85270170282258
33.00611985946023,94.26980415846334,986.2977095202673,36.732724892653195,18.731861970191034,1.851170375874847,21.80473945006747
28.99254944466749,25.250087054225403,1019.4368618466316,46.38855492034096,63.37881989072919,4.080036780345408,27.761810394197447
-8.019058732582142,63.952946564877166,987.9633723736456,31.44941936121761,59.04372807789149,2.0628258237742,-9.90803047642795
14.025347362891448,67.26930139160916,989.7143118878842,39.49239542426737,65.19330594757506,5.281300191299432,8.660796279496632
-4.753491079091257,72.21824990217793,1001.0021336416847,8.581750870768651,2.608328668472182,4.5970830139768335,0.6737798525287535
2.102250793126373,40.45329786654516,999.7157106779125,10.597954512898678,54.872348834907356,7.496288162971453,5.885749795557211
39.333129663357326,49.165314201589155,1022.29676572325,26.601734341669502,59.4934843497373,9.577037396887484,38.78783614085718
-2.8752228549243384,87.49444237319821,1037.1721695630877,8.827709612142026,20.753013541280218,7.782027262652134,0.8041190112773564
14.944407672567802,35.595421517612785,1033.2944759342024,31.74975351104618,20.8332857488536,2.6150379659254392,20.97554371990898
20.907786715905956,86.14942777386896,998.3739118301534,14.582659269734949,27.621816851094984,9.419691569179628,14.431962172518416
25.1232485272052,65.01243383221939,997.1717348590186,39.576630933344596,71.17215917272375,4.529200892977605,21.01186088115969
17.982434174345705,80.97500089552656,1047.6054071074877,40.405517330717174,60.626606353237165,5.267704248342216,26.05659295582638
-9.511457629040818,77.08858930107772,980.5765369114372,23.189372787767653,84.57626461178046,4.794186136335719,-8.997207074030985
6.323065412199593,36.60091963079032,1041.580437314215,9.040531751881764,29.56585718430982,3.5249232095894705,15.811974718735534
15.885582169235573,65.50501891470984,993.9809963385684,32.33874805409663,91.20680598883183,9.055398590177354,15.138802589566588
-5.606675042758332,89.4178522244074,1046.3099026162838,49.63935091317932,74.37061619833584,3.990149793069545,-0.4976704737687052
7.531346560459038,54.56929894415435,1003.9615099379264,31.129544897126166,39.501167001369694,6.207368227115917,7.47249442093211
-8.339844560431672,97.32726161786533,1010.8246241725277,1.7887345357003925,9.526206562545593,3.160302259368972,-1.932532647636327
-6.071075142248963,56.17720800813744,1029.4984429761066,0.864698788354129,25.69836624874825,8.176378372931623,0.44239168759512504
9.846163810079805,31.422850933430773,1021.1368336031283,16.01809852461531,95.67682172148503,7.967787935762679,15.516788806777143
-3.364212297846983,51.15477440621386,1002.2557530794776,9.789190343020243,31.036337588407935,3.6668092460233956,1.5090076038306024
18.37704241307791,96.13619251124297,1018.7681641107476,40.652560357165406,32.99009601490644,7.133986658291082,14.839718837455768
24.47324845686329,45.57766794718834,1031.1494819054021,42.240283351800024,18.9588931097717,7.334861797854547,29.017665778041867
30.029334955454146,89.44785278936503,982.9634462131744,12.930938565523808,80.68506011387655,6.062602744942896,22.553887443402285
0.007512212240504468,90.50005453455118,980.7839513678992,16.282238847494636,27.564423024227736,6.405385440445031,-1.6023175644157963
-1.6258708870465117,48.01492194655688,1012.0646857351024,11.812348385755733,33.02582483688556,6.170091744617162,5.167869790764531
-4.771607983279988,26.66061264405057,989.228563246246,45.4191273685632,41.43481084316266,1.7367796359536105,-2.5614119400549495
21.821512477181834,77.96463273270547,1026.50410040253,25.13246673111411,43.37282797746097,7.032388102424065,26.451424055993876
25.323786324345058,44.92098392111888,994.9836719359204,32.80685220410099,41.13407904150217,5.227975088548221,22.20807623531991
-8.420692758717898,82.63388914060579,1010.299577475697,20.774104334980166,50.374369537472866,4.946115524872722,-2.5643276304556615
36.81061231218449,55.41238786083465,993.8369655811988,31.550709675226557,81.45128796164033,8.739992969036207,34.70390527516461
-7.401435817426379,58.82133938740972,1018.3938510024387,19.292768836086804,81.92850407420221,1.2090404211500594,2.3392760280771503
17.06481676505352,82.23275253988294,988.1237421569198,16.983921886461275,79.83131337633469,3.2618342616287963,13.6439513550058
25.453025972545824,50.58906648493023,981.6174796951236,31.72400365867401,10.11248391164875,2.092631498584717,19.667197105348393
33.54845618730428,55.450187625833166,983.5792146674688,29.55310390244946,79.96788032748141,1.3180694014875318,32.29299292479893
25.704346606621392,50.09523750156977,1046.7980909060716,14.67639770839748,12.025177348657678,3.481092979083528,31.45756643004074
30.08640415348959,49.387241222182396,989.9600353027655,7.467422515973671,12.472377005225798,9.896286455152099,26.11601325689663
6.972509627140305,62.07572615211675,1029.5934777195785,18.428834691906882,94.78627716349608,3.432062558868164,12.098581522431719
30.741255687325612,84.70395556009206,984.7548342955978,20.75988195709546,81.93978447055413,6.973352378161942,22.065600503590144
-5.994257680766243,48.941464953805266,987.5712246564627,31.434216671230242,55.241046686800864,2.064690010366493,-3.394165709801138
34.74083280302638,61.940377643018934,1015.6213375986534,45.726438181843186,87.49702044778621,6.4166286704250695,31.420019638319737
17.37961880768681,73.65818603540806,1012.5409651108041,1.809239876646257,98.93646425518628,9.86033334824482,18.0957355366797
30.864888498124685,41.5551557042924,1046.610621660791,12.183050627092246,61.06420666317776,3.626537711144188,39.228741208156535
12.615914225915006,42.201824392191405,1046.1384817114517,9.685797113978017,61.2898436981518,8.632680547380247,23.031249962023686
22.178884759826246,94.67305016187639,1034.5726049779726,25.11472043468918,75.4427029159928,9.97814242329882,23.239531903002934
16.320133046805662,77.88276586648709,1022.1471281089144,21.48504035215799,23.213895236533276,6.296986798486696,18.231056076689075
26.579476087766594,66.1749340978647,1011.8472222175108,36.45188119100942,16.712486151879936,3.7846099038523184,25.277560081111652
-5.918500898470521,71.81760435364896,1004.9324974029895,12.120795627243192,75.95807500150725,7.061781339092406,-3.5046094157403234
-6.98239580047181,22.34395544827347,1046.2961282882889,29.724918287487927,34.490479499410235,8.60363385641757,5.73056714091044
2.355161700507322,69.44823724493574,1022.203616799728,44.192863179997964,13.5070356305934,2.542152186657805,6.548611077781558
-2.022765994340583,60.76070985793615,1020.5350769380196,45.53388699591523,31.487772591774977,5.07264187457308,1.971035049125118
33.589178329610085,63.659974382354854,996.233078523824,47.939230236251554,35.86368678745754,3.8726893911145686,29.335539156801755
0.9606993679022153,48.75390614646537,983.2688472519579,38.66305760399943,96.52276595056907,3.550230972661419,-1.1998813782527213
38.79326279095657,26.51791181703535,1046.1632005831682,45.29939531294575,69.79597110879232,8.747391346661553,42.304563446486796
6.844789588555344,35.46713868896418,1001.9614681191258,11.726543599263712,53.085631739973394,4.7948860613965465,9.219952086512642
-0.8941042155650365,96.05957705701374,1010.9812316327121,9.879047217523851,96.88731386826049,4.051687076235215,-0.42178510734556496
29.484925357123956,52.69596498167472,988.0247960509995,0.32440418902632273,90.31397404741807,6.431594872834123,29.608370646632174
22.935388775043805,57.33465246646914,1038.5847030936504,35.34221787145492,51.200085661415976,2.9746142167364313,28.38098041816524
14.90978582265695,24.21678318827512,981.9342282999152,46.87335939068722,90.56796353769808,3.069041415112711,11.528595332280622
17.76817754688156,23.00529836351845,1038.3793533469368,9.34676725208382,40.43046580626566,5.6825985778435415,27.42708827802109
25.96008891361319,77.37451576374062,989.8199508951577,31.84717877134394,23.042066535662464,4.683454557815657,19.975583385881283
1.4227370665649364,63.0475731296889,1042.0594878841807,37.32298796108888,23.267817682208513,3.65484145530092,7.243525269834619
39.816695802837096,60.696478737301334,1031.084084613531,46.38071175740283,66.23155244421267,1.4855601904669198,36.360571306141935
38.73965810733915,39.449962433813496,991.5269183755114,32.343011200861085,50.10703207072771,5.686968147746694,36.82843698045734
22.516284317346845,79.58005853039379,1019.6072595001627,48.51468663743761,65.89508470054467,8.349482850409675,18.560065281131564
-0.022877453542744064,33.458926328679354,1001.8859420048653,17.23365705062739,68.60759642621699,8.662394847574522,4.621122150373002
24.011412121564568,35.1947794928816,992.4763169238108,17.49642668857038,2.2322872897717616,3.118959817534722,21.698121656592722
-6.390079551041207,56.85697370786204,1040.1427539587776,27.15062550071728,5.403959234790234,6.396770835527395,4.235444197906633
-8.467374889709697,42.90238896895527,1008.2465936555061,19.175094055795356,53.26777265912499,8.702931785166463,-3.0199290808614174
2.8841444255606845,39.79703849865171,1007.8980600055768,0.07128641437663119,19.10354777600769,4.678533354486383,8.17997905091144
13.131147836965816,71.61901156426653,991.8920672364634,36.58860125434937,63.253376880443966,9.389231355767757,10.184866233171595
33.413625270419026,72.07773961748356,1006.8145973260046,37.58585207392417,55.21857391706481,9.126806762165977,30.38339997553353
26.358453488315398,85.96136558399434,1041.0131792430195,37.348730234338525,58.57603583708912,2.8732050767692847,27.838326121051164
27.135326059999052,53.41668535783807,1005.4190097342745,17.25103333052333,30.245537983101066,3.330683496101834,26.65544573806492
11.274666722403769,25.84680728209202,1046.6122493749851,26.114473665558595,63.98435062778967,2.6239779878137197,20.16503190393613
7.296749627348145,41.893310793716616,1046.241622944587,17.998675908833473,82.9492636485023,2.7644891630923207,13.737623219310802
8.551938149230136,98.40043705574536,990.1429061515142,0.8018200015322885,99.80712535922372,9.170758784561482,3.6413554659527967
39.38247818680289,67.70068601861617,992.4117877465851,28.122447063570938,83.84443861722143,9.380241182733606,34.951656863463676
-7.994540429375876,76.77896678408162,1040.3871849232323,6.188033304200552,55.74987596799475,1.4670751706661784,0.19936043892620214
33.35157480612243,20.58862637003316,1007.4932643247304,4.00206620457203,19.342959167995655,6.342430201049843,34.29761525863741
18.93377042861967,61.45645857460167,980.3061787598107,37.77495343483936,68.14458761198209,6.078084065718144,11.52291103175213
11.930770959479524,23.00229260254425,999.171027379376,0.47531012090528124,93.76537855579782,4.514928820520138,12.713566228034487
26.262883020756824,65.53841696731584,1021.8340295236892,47.950422180436306,21.18665397323024,6.685278335407963,24.5515467695332
14.333447071235142,93.66166797088603,1035.9486176171977,25.762768205628845,25.59956205265771,9.52631042959765,18.570756513267714
33.67116190408303,97.47353044003263,989.3372031965282,49.15082153530742,14.900854341165115,2.5322939444993153,23.65150419873719
35.035093200562926,63.244214031113934,987.7378955091715,2.8998786236354213,73.67216436264017,2.0836981874481006,31.536953543666222
11.08604634367277,56.656384420177275,1044.5464857500633,29.176477443295664,40.656150342365926,1.300515137460781,16.90765797005647
3.841389861752578,95.60136753987952,1032.5803857475807,17.46635179879556,6.269563888638407,4.274499770561291,8.908545643554362
19.61751642966811,73.8887865597356,1021.2845720544655,42.17412464071429,87.49499914902802,4.038656293700795,19.144264012955812
35.61816728083455,25.191942363072755,1033.8430752997149,18.061136761714312,55.767190470256665,4.877377193427796,37.96972276543407
0.5331094502833285,57.25804621339981,1010.0198052914646,13.024378952867455,33.10942920003558,5.529790277928541,4.1863450459462825
21.148329178174137,39.21960147714431,1033.091902311639,42.877656354995665,34.39829760610969,7.820415946274092,29.326415048833343
21.578011004626028,57.58434571589453,1006.0262093892175,18.73265458266305,29.025122019090677,4.529020514117665,25.281629007011738
26.65565112076405,56.43724576050894,997.0866200744822,0.8416659930280734,45.54801723926418,3.975517984251102,26.63630010888838
-3.42161574363701,66.57158422517936,1031.0309394905078,19.514455041966688,33.7041688488145,8.441909382336643,3.1707004205446183
25.79124823410443,48.541639227940095,1009.3770604510088,32.726113450547096,54.79463040706094,8.648170035882908,26.41728686006769
35.45162603328205,33.141635956474246,1048.6963973028337,12.717976940319092,77.35172522712942,3.0948936786401786,42.784816677647484
-1.0158445564879024,60.2975547671965,1004.463962761567,21.599379621257864,67.44612834443735,3.8320464044017752,1.8225796740475195
1.877166246193882,86.41623074766096,1044.5209194371746,2.835756914111276,29.445689275411713,8.426047338190795,10.100530959167784
38.56975470208198,73.12097824540818,1045.3073783996956,29.40463957569786,52.874101153977925,1.7146741986798835,40.6769417426136
-0.9511523645255124,47.06942927401727,996.9297062945323,37.81474619301969,84.01261599122508,3.9326210235166412,0.4427400120321593
32.71925466847895,94.84184182070858,1035.8754827111609,20.665628070055515,6.820623474272547,5.035150963367751,30.18154652695449
14.613892822401738,92.97660569993457,1010.3152153601195,21.011631640073002,7.829726698690475,2.683644536805139,12.560262680620657
2.3615537201588523,36.7478719507279,1044.2267309061244,4.414124929245822,55.61700680497535,2.6192277694962836,15.079831993680362
33.53749506362557,23.15340680962904,1011.5086990844667,10.097043225599128,63.91151283898032,4.823758522121759,35.813126511710735
12.265262750133274,79.30469666806098,1032.1012602136157,7.733765156395633,21.14130157759041,7.790695522613701,17.110172161565984
15.74086769648451,86.20882090793226,1012.6877186414658,24.084388433076896,74.5220126691518,8.562096815928648,14.615939188534457
7.961668469988286,97.42916527610842,995.9460528998999,26.462777047537507,64.62633770407274,9.81311583282556,2.9226590499882277
19.64754257174637,91.18691152706486,993.954509026128,47.447006564213,92.32892682362865,1.6658564508254714,13.649024859784125
-1.823806370748862,68.04278145651318,1009.7801835979442,3.6615752138616955,16.89542018585367,2.9501398103139342,0.24537904584225334
9.554076832588034,62.404187136990465,1032.8846259909951,29.99339865775236,75.13742653580107,7.80966858145778,12.38907595529514
38.470616116764376,22.2272841010069,1022.3550039626537,26.324926366412065,8.364309058326702,5.865388354500957,43.37011846498543
2.9066716350563766,39.73251574758223,1028.204050293038,25.81165489679146,56.52924095178975,3.949117965661764,9.391922419239053
22.83683322706461,56.76918013863411,999.762844551236,43.657964369141325,55.189513949914584,2.8503069512251917,19.168332845222448
6.259503211234744,70.28031200668542,1013.7004742170324,10.276923534774324,38.83850446467406,3.5242979647820323,12.475297093592648
28.67365628433003,64.58014666547285,983.1076685478529,2.038663717068573,84.45711476685672,4.863600552708567,26.20038327557568
-3.456316964082509,79.41087917453524,1037.2272691170685,33.61357538170962,0.43706447860122344,2.5943609755542947,1.8696533940381723
38.491052253927236,42.38135447096327,1049.2924513567912,17.257873206799008,52.01794018985208,9.678033602890755,44.713132752444544
12.689477069181962,65.19620861219786,1008.481534383727,0.8794958106262296,21.715354983518743,1.9682960013988695,14.327037550335167
1.8025231673231978,27.05137947126337,980.767455719208,12.56870036452069,74.34986191164329,9.870196910402973,2.469358315619613
-6.325162633499367,53.09324188665656,991.8854847685664,15.466338710840594,4.306742630609717,8.577039574006054,-2.664959360694054
-1.5121047456229633,80.01286663636807,1025.6768814425293,30.841918839212102,83.15546881815776,4.808364557623651,1.9745141390894179
15.988697427800883,75.47206827432352,1022.8455522742702,8.629289702463605,83.80922267069515,7.658347009493891,18.698991725701024
6.850158821564314,99.25141897377432,1035.150530370988,20.6527173976699,83.2866012403503,7.043637193267474,12.16519163599177
31.44416829413047,42.23129007902048,997.7718807672748,24.123772220891627,15.256852673266986,2.919582261540379,31.631059555326644
11.544376183090296,59.85514393391833,1033.4542340882995,22.961869568204545,63.04065185610449,4.051630775070517,15.794163292035824
2.435713629381496,46.362433101919734,1028.1588815066568,48.69703833333909,1.4367359183389605,5.618103065249121,9.122405450726434
20.8572493302015,55.24824912473398,1002.597014839969,2.2752118895148055,84.79625912891998,6.7405976189895425,19.32888113992066
25.33886084427229,88.55601038955105,1018.1841703639874,47.54840932261997,72.29751935086205,5.886054832209593,23.70458429756588
-1.6479046049525063,74.73672601507893,990.3091665948829,29.096860699701665,53.115373089925264,5.256887149058264,-1.991134429566387
-1.6190391855841177,90.59529530780654,1011.6795152404908,39.78638574849192,73.0591433096617,4.988370461094101,-0.10324020899513975
-8.166428653322852,36.280888666550915,1041.6838137688949,21.519630900803772,9.432409665177222,5.484380493655161,2.737765562357081
26.820100753282027,89.86888942731504,1009.4833965877774,22.691894062849023,52.86558321768563,4.909163678613733,28.063631818433656
23.190226381090255,24.780981934270756,1038.7696694532794,43.96632495079118,29.127649181644543,5.871970697911443,27.543748624396784
13.731543787490693,91.08794243497219,1021.3177355681786,44.79672481459511,97.2619463222973,8.991867691420001,15.285704341003273
32.20852244845986,46.325902356858236,993.431369917165,11.934444071564881,85.71179506239017,6.695463817491505,28.025758537102053
30.28350764750266,45.16701067312532,1020.6774371288527,9.962093929230909,73.32756958339769,7.503587874896861,33.73981986865223
19.267718219837608,60.96708613589311,1015.4188330409944,24.811758693497556,93.37476352497319,6.377348203576989,21.724010571968364
33.41356402566293,95.25521501785855,1007.9048934637469,45.013851356384585,34.68433045654737,6.78715914172602,27.82610541525219
0.2920605018384119,23.82250917451243,988.374130766125,16.117754670308816,90.08798989881812,6.205148456033622,2.802033752917549
-4.404019030113606,48.17847800565963,1009.1696064693061,32.600730766956566,32.52382321067103,1.2417986997624086,0.42997979748935367
3.4874805758494816,88.52575909466685,985.0933663367739,35.407584387030056,73.2796719691153,9.996385439800179,0.4099441599236415
-7.145657195534257,51.68435819483734,986.9138335979126,38.93373324470779,73.6416911776449,1.3024831619160702,-2.538295921727044
16.5584764000516,35.932551807765364,1009.1141573052901,28.196222896048162,1.8349876454093472,4.556332074102883,17.412732675813135
36.830284614748074,53.98353450651294,1001.3767037377925,20.12275891394848,36.105969827819514,1.946041104690401,33.075599784358275
-8.032822966574518,50.84420011933354,1044.7881028103557,48.350799439948645,1.9432672408497886,1.872356053968392,1.974711032559567
-3.89450429949866,93.23329611733628,1006.2994063766189,30.566537665142633,99.70920176102486,8.141742565070352,-3.864515851515565
12.609951414171764,80.95475005944778,1033.050068545047,36.428260581663544,12.2196761829238,4.833332014222693,15.17809387450285
36.69375087639524,60.40924445952051,1017.117326845637,17.249142284793916,54.281089564810934,8.210248374688884,38.20279427150768
5.807805248837525,99.06964533772569,1029.2859968049636,33.497459050154006,79.05562387626372,3.4550782361274837,2.0885563958722093
15.361740434419623,57.22220250207386,998.208118811078,12.889883108206297,20.126360226089247,3.308165126256113,14.370528145306524
-7.921357047480395,24.65902646562202,1045.933348098683,12.254845876431808,48.505266809547265,3.261082436330159,2.086645860870253
-2.582839951895557,40.98194574519879,1017.1061947840096,35.73611009047132,60.74287609211508,6.545310637671273,0.9135212205426111
39.33150614794234,54.88563841754501,1038.1926849899676,26.069736813146754,16.020475439554538,8.3349945086104,46.275594044330134
38.25593482180228,32.55220993168961,1005.553198543328,34.163830521119486,77.85554599115385,5.070349090677165,38.2344923273455
-9.75300095327952,95.80521010592344,987.0147944335367,13.471924537404584,29.933645718936532,4.413240015769741,-8.672714830484976
37.590589271161946,81.34791182542185,1027.1598153404593,29.93616705283652,21.10230763388403,9.762215987814844,35.86027258330812
21.95599689077502,41.46297603422181,980.5431753836198,22.196682485155627,55.828874643741685,2.0507863241047493,20.834629107370024
33.39591472600111,67.26436268143327,1013.2705083595856,29.848014342276397,41.03136276429379,5.379694138404033,27.970425024369803
12.736992781692955,77.71593256876577,993.4961331866522,14.543986612210968,92.02859446364178,4.67638977863291,12.98298672986423
15.77980142896251,95.30231431254384,1023.9162853104754,35.77254818245619,88.0062698198154,1.8831393692820133,13.947773219943322
14.44232901284601,90.53082793403286,1048.5593911196497,40.29646830797328,48.335066338888325,3.4138032587939726,17.239967040093447
23.34321287730522,61.2153780910571,1012.5082034424452,12.995823692886182,35.92637747255976,1.2559709132120083,25.18124217105664
-3.0174372621843553,81.97220958344141,1037.2248779567967,15.031027992782104,32.55179816312652,8.892588600846613,4.342475371512819
-8.501320506366103,64.9715803062068,1015.5448930865784,33.05771348595465,26.756362308150738,6.4706457609136105,-3.5757604694316005
5.396497079559545,64.21631120364322,1014.7088021772817,34.77925871517721,54.45478537124772,8.335166480832257,5.1908827050069055
25.234038136832332,29.17935666705535,1045.1296445225144,35.2049842198725,80.49786047345435,5.693990071626908,32.32340868796987
0.09267260614741879,30.091012641292167,1042.2976108122677,34.134925238791844,31.07566082035578,6.395588464797049,12.230508770788958
23.67162166624587,62.3626892017966,1035.0060325631582,19.64038584762694,19.00940896880815,7.307690300282484,26.33577468005805
38.49560230536352,41.50892359832053,1000.7379027321749,19.74268372018392,47.54838061832868,9.172104647177935,39.153973386190984
-5.30496421052908,21.68295219683749,1018.1505891006758,12.740881182219072,6.903441679766653,1.8257669904326117,2.096304679465679
23.630105911256315,77.82713631201699,995.672806331398,7.841684994818149,70.12790061297068,3.9785355526215422,20.831351603012042
12.187510965228558,22.598927735213195,1011.0741688632578,34.628868969845286,51.83582663019336,7.381235716300004,19.55180744937685
33.40711271887527,67.62214728832436,1013.8949146031854,4.659439298615641,49.63748079728541,9.625155067012535,31.474739428125833
-1.142510527630705,63.13550353018515,1038.2148028118531,46.88961433933908,30.044537955002248,9.827266856410048,7.473736440664252
24.631297611308227,97.50517524622435,1042.7219855727494,41.33431518357257,90.46734375317367,6.7429270822353615,29.427075751091447
31.90576448240551,58.73705114781133,1009.0234043677534,42.8752869978628,9.04862918495527,2.7423862997938055,29.97277016133795
37.230710973701164,25.088114910223787,981.2393111551266,45.33344073075951,86.98240088870314,2.0728802027256106,31.504245796792492
24.16240141448229,64.13503742451694,1040.3241687852549,20.430248536162004,37.670520241592264,9.51439279852383,26.88887349342867
14.858738200421364,87.28769364928812,992.1995074950953,42.33503616752005,88.06235159750223,4.905349205162567,12.96929170099805
20.892362010060694,99.74794274251519,1023.5317374723276,7.903065014582467,72.87614583323835,2.7533442993641635,23.466668057949686
33.44524922393591,54.4274538951258,981.7479630303892,1.0820897304117838,10.41707266620383,9.40503264199841,32.1809737425106
18.530487331941483,45.6238993997394,1007.9654532682395,39.244569733192506,83.15362865093536,1.940718444078807,19.267915082435508
-8.480647015158157,92.53226375615992,1049.0172211480744,3.739832399846965,68.2176833699505,7.566139871713676,2.630074371895801
36.54743477534889,35.29937032608971,987.0485520772662,49.42623336629608,3.230191291534845,6.627367247890008,31.729662293982365
24.476337551578055,69.23431320263413,1009.658520639975,33.7398214800778,13.370268210966996,1.7896119794280265,21.26181864140626
23.82566928886233,52.45715393447582,1001.5004965132966,37.672485512105276,63.562805583569514,4.048739160754979,24.64505035238885
0.7837576198858578,23.286589196444424,1043.3561686371786,12.290192813893297,66.2600502880285,2.349376205860096,15.95992305262596
22.944273511632858,47.78307794445582,1040.8538075535148,33.693269695984405,74.6651432837595,6.440487332798452,26.082189951996824
9.693220282707923,41.218281800213965,996.638913221436,2.1609968627478606,72.02454007749819,5.294017285096859,10.250699910561293
22.561648852074605,74.88729231547894,985.6831450935301,41.891285996180045,65.9519954669955,1.0384761219444187,17.024289471705867
-4.6703484846004635,95.90323981535346,1023.8996875842782,8.481204651578622,76.62389017464226,9.781395096555173,1.4310947194061343
22.8922652301518,41.44377499029102,1003.5458098318596,34.867903341688525,57.50857058923729,4.146261849005864,20.663761366592357
39.97068628853333,84.91727513213453,1027.0459073424245,11.224025061636416,26.079138552445492,3.32383953553345,39.13141765687624
-7.589398056972199,24.428785355072762,982.248382924747,3.422658471302137,91.23766137307182,3.001986602146924,-4.420020569804744
38.858709211065865,63.049680803185055,989.3379464624243,24.074683927469714,1.8214030931977931,2.4293430655621107,34.584544337791336
10.345398036143532,25.644005096791567,1028.046056294085,8.464310513639472,36.65617198714902,9.99223368594859,16.929987198417674
33.537672516862955,94.72263929045114,994.8659458711749,36.47219941632749,72.88702930971634,3.6559852109344435,27.879098406505634
29.119274202913672,81.30810244459121,1040.031137303368,11.878292169174243,42.715604114967434,4.6496214750185345,31.341061242320396
18.35081304933339,72.63599289636738,984.1013621397095,17.123627811791444,2.483440748001431,8.8422032456028,12.672053543228758
26.922460462566328,85.91171052997313,995.0837387949903,28.371962563223647,6.598090311621318,6.776987531885903,21.98249715272466
33.9257780650674,71.80158364561305,1049.8992173939548,14.248413878865579,64.86373691382886,4.318249705707453,33.98929994983148
10.20701608255165,97.51555177394329,1010.3153271810755,18.89940581049808,96.48645994052997,9.084955923314677,8.358859170679988
6.351658078161936,77.11663582918172,1029.207596448125,40.781088552019334,55.1863635834499,7.747517819922401,10.246465680370223
23.379669278179236,93.97268876657974,992.7864134199909,8.960492478051286,50.6757818023769,3.051104567875297,15.281331616158257
30.39229709706293,61.37055136085104,1022.6908114489877,4.110079474096684,31.832521305626727,6.793650951399284,26.9796524610679
28.11425673883079,29.36515303854901,1030.8274247858592,16.417889256650962,25.669067386606315,9.301586484631613,28.672390600342247
29.890682442931727,62.25421771384137,1002.0133645106557,21.218838350693908,2.0984981756284715,5.468147906053713,30.32206252944906
11.77916574064665,30.149826245047464,1038.0227978383114,27.132964106828382,27.295486764047116,7.602511625485005,19.793558224825684
30.89171080875108,67.3994783341124,1022.2392304930598,18.621184808750353,44.911044086525244,9.739933695902433,30.20589046621651
-3.9895472314695777,58.59944484221303,1007.2386106730521,39.49558501114026,19.794978304895018,7.213727268056916,0.922251087608279
17.224454898042477,69.80603182662253,1019.0349675340211,1.9659743834236632,8.734798848142923,1.9219482078947254,19.004351163200063
-9.712066975093922,20.803758484386528,1020.3732593205146,21.5883769099279,71.77278672546026,3.201035958381604,0.5939362447335116
6.229291495013516,35.58723933242913,991.5874704885706,19.11279573282023,89.46202690680671,6.355867936083841,8.281910112658263
8.323076743569892,59.30643455297047,1008.1912658906876,32.37892454034295,93.67720696870856,3.480002338347155,8.997845282876813
9.808634580462769,96.04028492713078,1004.0401411613645,48.3138125948698,61.799872849698936,9.617875348502258,7.432738911462292
24.773360334493105,50.68872322841267,1008.0631905805388,25.518770331443108,5.2774582599281805,4.648168306199564,26.482320939395088
9.427905063517287,53.949762084290775,1033.277741193968,49.343842347086024,74.08626299617734,5.115073651591286,13.852394164953362
12.434681131126531,77.17568712052977,1013.7776885226671,15.112469745659872,11.009530526188637,7.314418841231055,12.785342636623005
1.8772065437163725,68.30342058288944,1045.8221307267486,1.5434066271230507,66.97481176878239,5.7182475820768675,10.242476377184989
8.662589581467003,43.91409200786666,1000.5573489350905,8.283158373820637,77.93658357478758,4.439313701998915,6.923693139618707
1.3634813631575735,52.86531164539422,1009.099250479945,19.756244238728364,72.58647108264728,1.689740876391209,5.872928680125555
-6.340203811577818,37.415983908578596,1035.086976733533,15.81669545942761,95.18838057611306,6.368010305570775,1.6715372065540324
20.172429669068894,97.28171673041669,1018.2217215324525,4.852706549168884,73.81462844673898,8.808220277146312,21.114088230922505
23.410639927750815,30.450750524588777,1018.2919702497113,21.633005384535842,69.32097779818085,7.171861975840506,26.944280963500407
20.974517300480723,49.746942765313555,983.7338114103628,16.905788582978136,26.17431721831024,4.433455090422569,18.773608759649928
13.174702190028619,22.067117777600895,1007.9019763902919,6.130961022871922,92.47686864359017,2.149534581608165,19.71253418792885
8.989289008961492,37.742359354683714,998.9513612695213,14.805856530595445,17.95438707941669,8.347043682138196,9.87087074045912
33.16668247859126,82.4376910704124,1049.953458598178,44.321802767769526,90.48966114731265,9.475735260080842,35.61209035920973
15.954089256810903,36.094018583110355,1001.5848549442617,15.102443274467008,31.266254334591036,4.494456917166383,18.691302564681674
13.959093881486549,26.40507220231725,1041.9147574355704,35.69777116210258,13.016359387766874,7.557779702656553,21.885587415023032
-8.717896709678216,57.95625438756186,1027.3363614528334,30.60235398288778,82.66830272711707,4.696870959016801,-3.33274843697788
7.062391381307819,20.797538778761478,1003.8641486434464,21.359058120418588,0.2495453600829145,5.5204024496697945,13.04137569041708
9.009780939292853,26.781292354106654,1018.0474064861886,11.951281840183459,83.20883176808307,8.528287425547688,17.032266379828144
9.941139044845023,84.610069565038,1038.8375115964436,18.450734967297272,26.23118420459759,1.7508190799003822,14.811456665972676
19.008618461366613,81.71786758876851,1041.8357808621638,29.605360673552138,88.47212727556213,5.773018139080346,20.27439054927781
16.680127336343922,93.21110563239168,991.2275712504302,17.537660737467746,69.1479182241579,2.9315824720410024,11.473574370141229
20.39525463967223,88.36123487285997,1003.7701198845718,10.744821678711592,66.61833328505901,4.058253509461862,18.174679107802664
28.244163077106414,74.65404505918545,1003.46562261495,5.823137444581605,36.53195631648434,6.799859421780468,27.640890630783222
30.649286935804675,24.186628584053025,982.9431357253161,43.988346895478266,5.940297389077099,1.2450557110316351,24.192037820507
25.90615381132472,82.6278894389326,1021.8766431896328,22.015648787595282,83.00730982055772,6.3444258907584645,24.463106694967802
37.77618479774674,87.64086486724483,1039.8374037094532,31.260416087146503,17.0903795176528,3.550980155083747,36.705732520881384
-9.088370866181918,83.92657166175636,1006.7102071477863,24.520518056840263,37.225864189475224,7.025359247272649,-6.825178958675272
-0.2111007158226954,60.67832282464209,1031.8025161488924,43.62832591789817,60.03546855090818,2.274232167217488,2.9526091239686045
-9.621856251092893,38.63214709195853,1023.9390289520518,27.34674262241054,48.22537385606217,7.622304434345607,-1.4806979258450663
22.373735707730148,87.62639805509814,1006.29541148451,24.039070897455666,19.866063517131806,6.810757477866804,19.12895455634132
34.90152744749935,78.17302477921108,989.8741859644608,46.23004952108563,14.06163568822839,9.74117649592316,25.506898023673084
2.1741148288149645,98.46089395110812,1029.6526696943176,35.98447980226773,12.324627225029062,9.201118269323333,4.383867384100961
36.35172723981533,32.45540782047463,1039.819561825887,5.577495367342866,86.3007881499201,3.549725768797321,40.91425684014995
-6.986630485521958,38.053166644164406,1028.0098144681044,8.885223059840703,3.1559549061333625,1.2458491545289327,3.7654940580162273
36.72180134027572,36.943851990520216,981.2514938824372,39.356143146972094,97.70142595998944,6.89831705000582,29.707284783001047
7.5811343619817215,83.40318140970695,995.1363026073694,41.792566058997714,19.85286903854141,6.425986501042053,5.132195027320345
-4.928958577539174,34.95258371600946,984.8635989418473,27.259541454514824,11.032229687907813,1.2468589188980146,-4.236036394096241
14.29358795931628,25.332786385864487,1019.9270269703359,27.722761393331965,57.69716547767951,2.104097762823334,18.52633435411584
2.8388283860253978,99.8848645268503,1032.9534375188289,31.596648142572224,7.998595794069663,6.2623153408238705,6.379981442080096
4.243645098096142,21.98537691561193,987.7405430948062,21.955788714131973,60.245326316359495,9.206445376391427,7.380995674331407
5.364498246314328,86.81952481270925,1038.683647441537,34.009956174195196,85.06266448136131,9.158502488620663,8.882266466714508
30.15129489163317,49.22934732405223,1018.8856284876838,5.424062878320784,4.789802146742483,2.3633654915086737,31.713072764535212
16.958063833762726,87.32923678062522,1028.2978308499207,48.06396211836932,79.98686045285442,4.461165517647246,14.362278947598893
5.565384957800182,64.36963929689159,1047.9981294026052,37.507741189746085,39.44774409821187,1.3888257791695662,15.7108670424437
20.51668916554592,92.13049835890881,985.8576691773388,31.558710200450346,15.949063383120999,5.223446617266362,15.744373584335692
25.807533711159678,94.09543891317013,1043.0856816084452,15.816102850474035,17.609648026745905,7.777751137058851,29.383711741917402
3.631200036676688,20.72785450246208,988.8271887191187,8.047774372836457,91.87645436942262,8.109754402290502,4.159916826291768
10.677455076267577,26.032974079423063,1007.5071164645677,20.467148191447233,11.060575194066447,5.490905199369156,13.904928963607817
-3.9056953331526225,40.02869836566844,1039.600708743178,33.07883702870292,86.67827871156571,1.8628270723739655,5.0949354997611165
-0.9425325232659851,73.54523330908013,1043.4377965716508,31.685487171155547,54.42446209836146,4.432275776634098,2.3845008336193168
24.05589269824914,91.06177572092048,1015.4460171481602,19.132057753278573,3.905617881643908,9.38891763976928,24.3027666125504
-0.9280826152186528,56.79535610351702,1021.5873246792797,30.664319691656488,46.44761457173383,3.066513008677432,7.280152983188191
16.258169183353008,68.55784930194123,1029.570313421899,40.68741477837738,81.74495144763007,3.8777900492145383,22.859862048067974
25.452313086121634,35.07998822364489,1038.29310679169,1.3142386168803533,72.62027876391004,7.721444579167638,30.414553498185807
-4.656153845262808,84.39734671053483,988.5057818676366,22.531052396513786,48.87824176847179,7.602227099973443,-5.325556851327819
18.365610981445176,97.38624890827758,1036.704851576046,37.927761423339554,86.00498796962171,9.209820592224391,22.074845625106946
2.8281391850681885,41.4879146331678,1013.6893305358132,27.30722352316886,12.03647617802297,4.493068216483379,7.265686582974158
38.14634376187899,59.58607612804371,1011.5436397575718,32.5738043964535,90.99410533923688,5.631388514868621,34.62638602348138
14.177282335996235,26.889288840509906,1009.6729826397899,25.8338196302671,84.64412084833488,5.206532150984298,14.326767945722153
30.299627488757906,64.73093251703747,1015.644810967223,49.59372723411555,70.8276825657236,9.349769539202079,30.708488963002385
17.511327107813088,60.222675347734445,1046.1535387376223,2.731076824451911,81.78877421287493,7.923975299421713,24.814769471096383
-7.829373357259042,31.554918732406207,1018.3742640954506,24.552241088618864,54.3815506842666,8.482976018504633,-1.1095170103021599
21.657568779701116,55.365297049446,1046.7224276784198,4.570827455725884,67.51624290976669,2.197884419464698,29.32724705742466
37.570167110332854,46.72837216692506,992.6203091430948,7.989278105678521,56.05980707077789,8.126620235813439,34.995965482966554
20.08059100731656,61.746470024415146,1030.6895185182843,19.15191752091309,35.54285305079493,4.896808894517473,24.11113486067204
30.959442971339513,66.85234683430394,1036.8567677026124,7.777004575024366,56.88607973611776,1.2100481454758238,33.67280758088157
34.21032316742039,20.679646288576762,1027.5390181934404,48.18435829783255,25.74653325319257,1.5407951746895616,40.39075412087235
1.4039885974466237,80.88047863596444,1022.4845596158578,47.33948883625796,44.027917084078524,7.101171457613601,3.461342050993411
0.6022419954113332,77.04114334893927,1019.5368946760327,16.80548231103019,28.07754072602432,4.348111970313729,7.677518466684498
20.549049442549585,49.30291089652178,1040.2651337805087,31.98738560188398,12.288778946138901,8.813040159011324,27.091093794227902
10.551423490335235,24.23487484550546,1037.515261801515,26.687666029689304,32.186185638990615,7.6084582048827984,20.02516623341075
31.99306514333602,80.39460318280403,988.560210482642,40.77934902578843,85.19872181847707,1.1951201050026559,24.781051731761856
35.00115616990056,96.4140128382506,1039.4011359921615,31.37228049084711,38.10807706423057,7.181994806524018,36.327331478729135
7.671068965135905,39.21212768176113,1008.9848033608309,0.0126227245281052,74.8003648968869,2.731172254591206,12.956511308878856
1.8435279487241036,45.88196909896303,997.7587780997068,38.15871928048694,17.519785423816124,4.8032431183352085,1.7880595492030515
29.026275762193094,34.7050311585452,1040.8837997609749,37.34240606480591,42.44191591676416,6.622616819106665,32.23039718409038
3.7403017774068044,66.15488986758717,1010.241735974362,25.486135278324053,11.485606933517655,8.854460571661235,6.993788197495446
31.130715925683923,32.387311571796396,1036.5855283123772,45.14594866165269,13.862106336748969,5.104880995527453,33.285897654528576
11.186912682438141,48.495515476910356,998.4382528369091,45.42231028452008,61.74363798900691,8.276414087720209,10.999394839284953
23.377494964573522,75.76104111474103,980.2750524995553,26.19558383521986,60.74818174490111,8.046690965205695,19.65583519098269
-5.223234308266591,64.80927864074786,1014.6821435032061,30.399411559826884,21.33719073548622,4.730846615661324,-0.3342001500081878
21.19296623382865,50.91700514623482,987.0159779650019,49.826103596233615,47.44231942887986,5.508821470896126,16.057482661336664
12.588383936861455,53.61996814460335,1032.8063168867436,14.941011740570875,86.3306166977948,7.304365090448318,21.404400863979248
19.330423158773705,64.96887060985836,999.3252595248588,16.230862115573867,17.42015086764829,1.2803359118224575,19.416346333108507
-1.599289612756829,20.469178230972904,1011.0551952622435,9.138695133174817,1.9210533073514835,9.017302724193215,8.240000077764828
26.843687247209104,26.28078947628879,986.0923495564087,44.7933469578934,65.19951406635724,7.928345434939241,19.85373940117267
33.13985387716143,90.50064542104093,1000.0661473913077,37.224419497463316,5.3498208088684995,3.244742932620974,27.739231052252418
0.8369900045387819,26.23031912730326,1034.7043170281,5.282142443512095,97.9940238572446,9.83061957870078,13.238872078472875
-5.214272223991914,76.54428769684041,990.6111538331623,49.08836755989828,60.9620283798881,2.6145131733065687,-3.017842424564938
-8.81807069768318,93.60305312872421,1025.301169278887,36.548085408055805,47.03963528439723,9.226780063339616,-7.943470390200452
22.098575022163303,41.65468834413849,1044.219809696315,42.526105480248724,42.999254002430675,3.9202611249080004,30.370309060131607
20.35470180443904,49.63931496476114,1027.5885731830404,2.4075394586600463,57.30706585169314,7.868320391477223,28.63702091251783
17.334870635703503,65.5137124675773,1036.771518250456,25.248045947108384,9.062443672021491,5.107389339231506,17.71229052859681
1.597354805798771,90.53671757108677,987.6280140512741,34.92991433635196,93.00190588194958,7.6282064870500195,-0.5302972101449788
9.545299795275735,95.35244698083362,997.5512278201438,27.147329228592064,62.56420685518778,2.4020474314542963,7.995868407791059
19.72381675930865,79.16505984890145,1042.6177196568415,33.33237328496387,18.397849761090878,3.425558125478345,22.50406341647445
14.83834294295847,26.929580868375524,1030.0573929532663,40.89370317952363,56.25810537646628,1.8987204202482306,19.941959895925844
39.38927601074437,73.53233244278806,1024.7687678464117,18.71685314800981,13.325650583301163,8.786295832940228,39.713478359846576
-3.1780123721633435,52.82429774981296,1026.463671528519,42.43343378093549,1.7552717558312114,3.6666368899254937,1.6906611970859247
24.757227702379687,57.656079959284924,1008.994038801325,8.145805238264536,63.0516985213998,7.250286064749971,24.938474051729266
10.215938405214608,23.931871227614163,983.1189642132357,13.544302751318737,64.84833418701278,8.381990779673753,13.184497242290544
11.409980746280738,35.28497114770865,1034.910907944951,2.167280996366289,58.369658280341554,9.112764127414113,23.51204418510001
25.87988828290881,83.24108860269182,1027.5099265350748,18.221340566762557,18.348320436002307,1.9566740378054603,27.630008449264267
24.62180756621848,56.31670664382878,1013.0963124878907,18.995477241206014,60.342985849476705,9.037134401613512,25.704841901731736
39.56279968510942,44.13297933049191,1042.983173075778,40.263529860362546,5.651094092451981,2.7752749995764754,41.49924588493069
-3.5802855272937384,50.72152591719665,1003.5311765489569,32.6565335144828,60.92383555719223,7.632118104318654,-2.2253150462581326
-4.794517530791683,88.35196106605441,1000.6025220961865,21.836127907783332,55.40170191076188,7.559641174281501,-1.92576838441658
26.216940856437056,79.91992139239656,1041.095742755561,32.60569893118741,65.52548308390995,1.076528275668588,28.1179827811008
18.919345850320454,41.78523177448662,1035.789135833129,2.639167525784558,89.54756057523939,2.9856151747922883,28.27644397882703
3.708033327990293,29.400147216989865,1016.0485867453841,9.013576800918804,85.03581052395366,5.427176631983806,10.097321967203314
-6.02903155055067,40.15985773152573,989.1514317620495,31.34739276208775,98.06541915625388,4.780312359969539,-4.830697633009117
-5.717087520178473,93.6605160843787,995.0550030025537,32.068340961265115,97.6241032936575,9.267161318961486,-5.8559344989271676
34.70954373320591,66.52710702798043,1025.9359593286165,38.706732935371356,77.23196933737526,4.237667825522708,33.9829289849737
-0.406633764062855,62.67841669958263,1006.9528866488288,20.14998795268011,95.6419622177728,9.432853433523661,0.2644643550487986
6.168578105776039,67.71148797539692,1038.553123416618,36.12770483080781,86.7283885889112,5.13486386553278,15.437692282393893
1.3328201113494007,49.282261259721224,1046.4968506532543,34.199016628009474,72.75824498949729,9.679176069761493,9.200925412913694
7.749815291596864,84.56856162556102,1036.3945847692444,48.169668918492455,7.5384254643755195,7.63619329022375,12.727745379622911
-6.528807862695332,61.862899944019986,1006.428179609689,10.756511321233958,4.9049888269887765,8.464011324689404,-0.38840404462801814
15.95298954541352,29.33983222150364,1035.2080500461998,27.583978187631974,83.75995675057702,1.943891995141009,20.595937603600852
-6.619371820389254,30.325209986325035,1004.6009171429479,30.088222105523464,48.96558578716983,6.27527289918131,-2.8715316693038293
30.01782539111808,62.948731720209466,991.6970061435944,49.932394246711034,81.46066843749209,2.2843032384641573,24.134165574636967
1.6856040955216507,94.92561744566713,982.33752434061,10.059207108332584,31.291827065521936,3.6785890184587666,-3.044910707941729
17.00059573022553,44.6681697340959,1007.0001698932714,26.16090099836461,39.76498583230128,6.612088655505413,22.071945969793884
34.00395437807291,89.56329350873746,1043.2491512588097,17.309265385681943,70.01867210119319,7.536031342245018,34.9598558866033
22.54386845235971,81.12764692631035,996.7290611428973,26.29464842894999,91.53267369320932,1.3526540381012575,20.646201266016163
16.647889327566766,39.82499543255255,994.4559215450848,11.606430105155297,8.776147447888594,5.778493579651283,18.580047798332917
6.21668765576878,22.907259865299395,1047.8874549668728,2.3806189213744053,86.14781446346062,6.087825876608978,19.043735915134427
6.650095652909897,28.14778121139062,981.7502878995415,28.628272694884444,79.30127248793653,1.7094519739918104,7.312530779728339
23.474347759909506,78.27951470779522,1035.004750527563,16.79271579304161,31.553927072985466,5.506192307806872,28.576172624359213
39.706968061058376,35.97357904325173,1002.4958969018609,9.097070087421683,35.52166141315596,7.424580520448439,37.14238161267749
23.09195949246893,49.7016736404315,982.6241569808761,16.196778303901688,4.646147722190963,1.4790455638797786,23.68848693021358
17.889170868501246,60.13593328051399,1044.2461778146708,2.464010072387246,1.5740611116717984,7.8424099869156585,22.334200383358006
26.532525511962305,78.03745347601303,989.7749631146709,47.522111704505164,47.70061263577291,6.1878385441372314,21.96281274030714
13.260280614185909,29.05849786073003,1018.6245498607987,29.057395748663023,9.553964549731052,8.499044874446117,15.477043665006702
-6.99288286996074,52.50931242219692,999.1837945200683,40.73843406735124,19.4001814415213,2.962563155686629,-4.9354590630536155
18.11484079389549,58.805832731415634,984.5634961529283,21.15590987738652,84.67671995266636,8.499463157918065,15.506496861489774
37.88126422526901,63.266165117723176,983.4945739964365,45.165733378309284,57.10283912504524,1.851048777407212,29.43029011495179
-1.2348528821170177,85.46885131161733,988.0889689185437,24.165911077612666,63.36324372661134,4.634467268002043,-3.2454224100617055
24.50024454103329,33.734255603457356,984.9956909722566,28.69726611003347,18.747933083192002,2.7953631237218364,19.66701685607694
0.046684432952822874,84.62651614612979,1033.2390680863946,24.589699003132843,82.86618044544196,8.884187490617867,3.051034801674958
16.791384223654063,75.43027421573217,1013.9896341598401,36.66391479338258,86.79797724397476,7.3442783467159645,17.50003345154603
-5.1661775176640194,64.46966513591676,1004.0024463944286,28.332803880103118,52.33275937130434,1.2282559944465536,-2.305753685773732
12.518546812909257,75.96222963220575,1009.2858237092405,13.579946179019887,91.25577718786599,1.0857102005256052,11.896606616188475
27.808166444762307,52.96141911613251,1045.0262714900837,7.276976566132315,84.48286249545816,3.6212432903350273,36.43867537022264
7.3785762119491025,31.071806877449966,1043.7526268916704,30.306219444148887,73.1324176674438,2.2895480285250884,14.393766491523419
23.2455862243609,73.26121922122938,1030.0973536085803,24.45899807735181,73.40759156936286,6.672740298041762,24.46632295869974
29.772498039486457,61.973784534849784,1041.927766419518,4.798784834805647,10.53934739508633,6.9741724049430385,33.386633735606
36.358890973972635,71.14998404342204,1002.3753619311337,19.78087328966342,27.08360376956658,9.477558132952307,33.810394485111956
1.7321040927726763,47.0399024822792,1006.6776528205799,25.73882110002268,6.684721981767606,9.568359320912567,5.52013053063467
9.965795790465407,92.54932618718686,1022.959852729796,41.3446616912795,0.8681209226308662,6.9300703487021105,10.227394658756879
-2.3791993334791286,66.98958948604616,1023.6538163108085,3.8050527916681176,15.830953138391013,1.0510760156743784,0.28789980696243145
39.62417510791876,26.832198743269906,1013.7189886608638,17.424767412300145,88.048718264694,4.230981249126529,42.4506518320481
36.35004839621477,55.9843192563543,1008.0460493906568,41.13280613551927,23.98740590360515,5.618273619225396,33.13341106843329
16.99785651402798,80.50848437949074,1049.0326218126086,32.42119658857894,97.01539625917218,5.492617808576194,21.9726547642477
32.10166471882106,83.5307649385818,1037.4786538282408,14.497916090189339,59.72909995612061,6.43006566552004,32.00372964545026
16.04789886360211,59.5677642211007,1010.4486138521631,42.26675610113212,23.72584876346904,9.644963345242845,14.517589643507456
21.179284400137984,91.57980566650409,1030.9104734067698,24.664679028134618,49.71308034842128,8.966734227596383,25.077919863357074
-5.543778394199169,41.41347497554381,998.8693185276721,24.917594565523025,21.909482270011537,1.9801723010543943,-4.987248738762954
27.763521024840394,52.847895779061325,987.0118528366131,48.829366960019215,98.39735581823739,3.393823522540539,20.87307273071489
-3.6143258182382585,91.88775284551761,1004.6701717886918,47.35582516181892,84.72649839049639,8.497984756776727,-1.1294783575929364
31.303381512626416,91.70053731772632,1008.2080960086375,17.926634168492196,2.6238788782329103,8.418762179372862,28.888206755182676
29.101404383519295,74.85702150597447,981.157598719247,7.028956433154115,94.77760314674711,3.4783365170950384,22.91889892825794
25.43723488714882,88.71844376977761,1037.0354401145128,16.2833366139047,72.10651073028873,7.575292276175076,29.758515967553272
-8.191980973761893,27.101861356498613,1005.1435381672427,1.524163015569402,8.238125202127833,7.048336408460716,0.45771007088245386
5.15641779726643,89.19959809662211,1020.6292716046103,1.0383943355195602,67.06377463264455,5.261715684729654,8.754778487811096
3.1556284955421425,45.64959252401814,985.1774231089669,19.77610681257096,64.69266979656855,2.8130945741112643,4.269248979210689
8.006820373575955,34.266520994257306,992.2497780125409,47.05099113486171,21.878874580758346,8.997788628046777,9.479869217566016
-5.617862661808073,39.149586907363705,1042.2785607729293,43.567867061610386,75.84467000075756,7.100660658761513,5.267625550327818
36.84789115155314,53.437480641110966,1022.6081269517961,25.57214169588115,8.706470331296712,2.520936323905372,41.55026709129856
17.690112035618814,40.095360368357376,1046.519883511934,28.261319058541535,48.94451812312478,7.343221103567747,25.004097351325083
5.276215532901178,45.64540688131992,1049.9125024073921,0.29667483730282385,0.9923207163087922,7.672903476192819,15.97709789540768
9.849075853714172,30.798278885731367,1006.0302080733167,10.775057791688274,96.87374888947464,8.981922566089366,11.799844111070195
12.360127025241784,43.69414124471988,1000.9162144858292,1.2387063467191872,75.15636317769093,3.005553297177414,14.98227875377431
20.029716668030865,65.78270516336009,1040.0849238611368,37.72697663476938,15.885207615965601,9.898786948720659,27.61480630127911
15.783971384824888,55.34829664728512,1049.9027998926217,7.282289801324887,34.167403995128296,2.380540802742291,26.07878744401467
35.96959866072087,47.737500898872895,1024.074886396272,43.452355123840846,16.05623778081763,6.406200026736248,35.106438505201
14.848174145291512,79.71617030856912,1035.6598505758066,32.16621568378941,76.66174641293146,6.914588547461307,18.04440393003634
39.607900741165636,91.48079771146543,1034.7222101170692,11.470933825785668,5.889632542771517,4.770576057392745,36.39015988817466
32.571247887254785,80.54313783219176,1004.8737795753683,7.886015854162487,84.04066555637142,5.275339378933479,27.640637132591735
0.4255257178667904,46.56005616941434,1020.1989266179961,31.381235046152657,94.21963388357298,9.018190870499236,6.3965519122528445
36.52976073219581,79.5553734270043,1038.313985888495,45.041849014116174,67.66279428063,6.807468066989157,35.19196297513361
-4.181680105726196,32.15841459792409,1028.167971338274,35.91801094571908,21.296545000143418,5.473008624112176,2.212994316997101
30.872485424559578,30.42543904730327,981.4814669787427,17.42733258016888,36.00900958135508,2.155146061901722,29.138112434370118
9.031164673829004,47.650162962892715,1003.5693968228273,29.369179763432356,47.72398748089313,1.0660386270082118,10.766927297669072
33.898716022253474,84.61618952352455,990.1132987616223,15.538084768621069,60.462477220225374,2.1247175633665014,24.649603289463705
33.40283450537252,39.70785977938415,996.3080548454627,49.957478338932944,66.86630898116874,9.60566110728855,26.01382092475309
30.296270005881055,25.060272711894367,1043.3842634243929,37.441959423092555,55.42147153188828,7.876781046921977,35.24252623340314
29.501521815353072,30.536762816508407,982.5825302237538,30.719081987837683,35.13139208218558,9.70404694759223,23.308247665017568
5.233956954902039,88.69959748236641,995.3860498373347,21.16295713829146,89.09172805649031,1.3213783873735467,-0.13516758117826022
-5.954035847437391,70.70266277978301,1001.6698546566762,30.907614512977865,8.139205801795823,7.121983634727753,-1.7541076170477172
10.149008938258074,40.25609306959814,1023.1818850376476,17.08080312336674,46.6256054243495,1.3986417376307618,15.833990971699729
-1.3237742506745658,64.42366602625451,1017.3871183060106,1.4432419729015378,77.55648384674807,8.038508219819409,3.7259114956317685
24.747554445123086,62.206369794028035,995.278863799737,19.754426117831642,6.08726652914009,4.428551554616749,21.986208326599847
7.304986326889278,72.4348782752529,991.4968747056208,46.52404097899335,70.53352168113011,1.8618882409584536,2.5371129711431712
38.78051004299574,38.6550043537293,996.5758624217283,31.31505473869329,81.9711622753325,6.112419776087638,36.61361214460096
22.0486038672666,89.15223897555181,1015.1770738691159,4.19778515354508,66.08312985270523,3.521081769412493,21.41440533835752
31.124028181718046,44.74948496640103,998.9824449997842,44.24968066975129,1.2936892275355993,6.936165476846367,26.995530561669504
-3.3737663629075785,75.53053231809895,1046.3321751125407,13.443742467075742,18.013702713220624,6.923572835624113,4.152237780557953
33.10072411363113,21.28997170977719,1012.4705655000193,12.188474654136371,34.211307889195076,7.345067267086775,33.23866142567578
36.13785952566972,49.81257039153178,984.1157211581246,14.85454843901604,23.36900356380459,9.932185708999832,30.794319971460943
14.353095940946794,48.13678543670466,1031.0486484085643,28.860111806297873,96.26521402274274,4.480279389526649,19.084224624273123
20.312646887548873,63.47875428664116,1003.0191701746293,27.23440467169883,65.15939141137936,5.187839270365908,18.41403814583477
28.24049004514977,25.81890094217572,1025.7442252440774,24.570687731144087,29.69709573515703,8.241505309228067,32.68231297774082
-1.258068636979372,83.21050989808867,999.5716059366263,35.87684317563135,92.96974986654456,6.205330207196968,-1.7413238110906992
15.128303823172121,37.422464141405484,1019.9520619213324,15.82688656674795,74.0594199476187,1.3353148961901966,20.52826315557554
9.933151388615656,74.16302519056082,1034.0506753365225,39.10322607862155,28.460721182704198,8.587706682338709,15.548770735468935
-2.681300391887545,84.25696985952746,1044.9606119242187,8.766083918929956,37.888156940195536,1.4634881374423687,6.47217162524586
8.376721114576572,64.95015649932105,998.2789001103154,39.13103945385046,19.942885830395674,2.5373812284260584,9.618663152319852
-6.591384530725321,79.27065653775884,1003.4399865699287,33.190505262514144,97.10739982658218,1.9187197027676848,-6.783325111426091
-8.70940465252565,72.94882497720045,1012.4986494200158,34.160415477379324,51.72964958900732,1.7013441959300817,-6.089353101866751
-3.241685542258862,48.44238377216061,1044.9022386415193,24.077669856363,89.60566874979847,1.2311638777423917,8.207822258608791
38.15575557945869,84.70868312268523,1043.097079976746,33.35007663404323,34.64997710168477,1.4952494257513065,39.79571110039898
17.476476794750848,43.576109590842236,986.2914796070446,3.98985232797287,86.08416030974757,4.98195270260929,15.755904597855126
38.291108057661,65.69703342012137,989.2350878027668,42.577555852468365,5.388684842716396,3.275670429843525,32.77123240475722
11.6248939165066,79.63181913132317,1014.6856424131447,2.7773616743823,98.2090317524288,2.1388319507693687,11.68752834348546
5.590806654262979,50.316472785000606,987.4633490963796,7.4370754935748735,91.20343670333027,6.928349884538735,7.436627871385267
15.307093142012206,44.221408609394004,1004.1906611344089,28.839485424861817,36.32029447766549,3.0350071957083267,16.60734897914581
11.975584431645505,56.747680813825816,990.3869764752235,36.97057277283457,77.47221653145773,1.1705423981032852,7.580078926621734
-4.716765786912804,85.43707954793229,1024.522824859232,3.812578217312673,75.2257926473826,4.765778053905949,-0.2245701082101048
22.041315734510313,94.39374105165318,1046.4646802217412,46.03824070611599,90.12547971029316,3.793896927804746,28.215944707547877
0.8019091254799804,63.606673028791214,1049.7713639206067,48.68038244003493,30.725498112881112,3.867439882118435,9.03033510605394
20.97939774489148,72.91729642589215,1006.2668792747841,30.297508650385552,46.55200053141495,5.007430253634054,24.025160781221235
22.51005461990767,92.26188977911313,1021.9308845980229,24.062172768841826,86.4999612606053,7.020225345108499,18.951266236103738
-2.3987573435675946,27.88374811303539,1039.9387357466858,37.069748613987485,77.8579454135216,6.548312080341946,9.36916292555589
-6.932518644466592,38.566286229293205,988.2223450957468,16.417867616360272,39.34667187402792,9.435354488099879,-8.634157746210278
29.038079303421988,76.71200050012659,1028.2695087736377,24.663221705255324,84.5725232912122,5.659449996722693,29.55220162885188
12.99002118846601,85.89955695298397,1008.6190563207548,45.80755134072007,4.695403923240149,5.25312918752565,12.434469090337247
-7.091810224726211,88.56232226644623,994.4302312196115,47.78277126207668,78.20463029629902,2.9207299169520726,-6.66184816250253
39.74331585848836,53.208574148394604,1008.192753312321,46.35345580255925,20.676585943370064,7.798431599633411,34.837833305402896
-7.110971950181668,27.147192183349347,985.3172200875442,13.122403348192007,28.61209078237872,2.2669819859285623,-0.9964578426468589
24.75176144292766,55.022518183969595,1028.6785004012513,11.62345201083817,49.32148435955936,5.420196008384357,27.29036871132734
39.18394626317068,38.458767216564304,997.6919868123917,14.883225296465714,44.97345010699739,4.791899785487,36.81109520118062
1.9590052107962812,43.29571639972993,1001.7983951531414,22.065555619423012,52.05701068698809,6.924707905639629,4.50133417048524
-2.8875315656401916,81.78140454700046,988.4756908769024,15.70837063959818,54.477559567202384,9.258593229609929,-5.783757796463415
-3.9307530288785557,26.04216688207095,1040.5261379722924,18.7106397869529,33.152769103149694,9.519360323484003,10.858314456225488
5.163757378379778,86.20649739845616,1014.5410995497917,31.031847606037978,17.522751301703,2.5101934044684255,6.218282166229334
-4.947709449467665,54.213526865933524,1020.050281445048,38.1262838546988,76.8481229287306,3.356354964404604,2.7332296000173137
24.608067084706597,67.6851144880476,1019.8602878166398,36.77790991339585,39.997614908714205,8.304717879682359,26.731618023312176
-6.885410093496866,27.172178498854322,1008.734518017894,40.7211783539576,50.5840862459059,5.664517862042736,-2.688134502940435
15.471106407489486,46.98872626858237,993.4770940806698,1.6092201607701084,64.46967183511181,5.077311115201587,18.764699944284637
39.83484269264884,27.17607352118766,1032.159292394888,2.386689483937804,90.9637922306656,7.395629071426352,45.396918279191475
30.698513475300942,96.92349783048877,988.8939385750372,39.46914803443147,70.75528311402199,6.4173245734627455,20.61868628315492
20.760971911550545,84.58093194610004,987.2711653195167,26.653941116231593,4.545922559038451,9.736426489792011,16.536030973928902
5.312681039330583,56.770620348516815,1029.7101526317551,28.907033688106015,83.85603633980176,6.255771870594403,8.939364696171484
21.194791814581922,37.888203865893686,994.6185914316388,2.6293430107188542,98.93550151275191,5.19376443712528,25.2587550332903
16.35207319558258,94.67640841998818,1001.4740925946983,12.765690058563544,47.248502537138215,5.885356258703581,15.535552418766896
11.304169194518575,47.56772765815774,1013.2659226901218,31.917715244273886,96.95903364546007,8.276858350272759,14.054831119610673
-3.464481162990026,32.87875453498998,1011.4545921710683,42.959094505533805,54.73287423431494,6.514075511066988,4.524731985477198
34.330210762023334,65.0531510763164,1029.60053875455,45.84916985907013,45.96159958719498,6.823432822480459,30.96007409243643
12.489232441066125,95.50192962758528,1023.6402255410353,25.020974791754085,33.140476472745505,9.742949920329327,11.771995696026893
-0.2688744089617465,20.306423240025808,1025.1077313597307,27.27371163690988,65.75548758333389,6.565559359829116,8.044577571813816
8.38796754386448,39.0499874603199,1029.9838031458821,41.65248155344955,22.982042052504458,4.422567235010858,18.892089172520095
10.70648762644635,95.0758112328326,1000.4828909196426,26.881230037367732,10.493421851440432,7.221934243115169,6.081855918183985
31.37689477834371,33.68687734857296,1002.5633318260332,25.842926276865867,2.723710258421408,6.9351345727958025,27.653151950286656
26.6807190280701,29.05947613118559,1010.6598423526888,45.25420188804768,29.238011271526375,1.1246287195574372,24.80134831286913
28.465244682066988,65.61497726398436,1001.5223521123469,39.496636052794,39.57708321670383,5.205963671072498,27.012212551261722
-9.44843677856764,88.94750586358639,1048.9456508279604,45.45362631806473,55.207669628124776,7.686132425941594,-3.2661899636562888
10.807699908988077,58.168785415514094,1036.9836348495,10.91235273905769,29.274982518700643,5.49137311949016,17.216796351133635
14.06720758176618,99.56514053476198,991.5258281779221,26.218774332767836,98.40595723854112,8.016590223418504,10.935515995119188
-9.040386158847166,74.33373596303943,980.3915909117309,42.123606429667895,29.174516824116758,5.0579532678485295,-10.994638052702832
2.9906604372517105,25.925992576835817,982.9948287773087,5.557391373355447,44.09753884464087,9.84989437873512,6.047629922461737
28.01449115610675,99.42657053455802,997.0844415730048,39.73310771469809,10.327616553190033,3.6360243028349983,22.504632985361305
-3.1445147135500475,52.63153894241523,988.00039000858,9.148669170743473,26.062651333707564,1.8291034733146618,-2.0020883630813655
16.765506572629583,42.992202707638604,1017.3336680424801,40.40593774926606,4.833213978899109,4.870106210386876,19.0584235691734
0.7600936008618753,64.63033468623084,1040.059665590915,30.600046877843408,55.950863343732806,5.875381223865271,8.438511085221242
-9.393961267805336,44.34460734566915,1031.5725154639258,9.661799574243357,75.10646831324317,4.141843585142153,2.4567102216950767
2.0600728799770742,26.916600569612186,995.0926344157533,23.667708966640056,19.570981433606793,3.180530441061631,4.093505088081233
38.79368774550269,20.11426744633414,1007.950947921805,34.09525832303858,36.791093781607074,7.048528222469401,32.81222061642981
30.076855594149478,55.966668233620986,1015.5525946671894,31.69264504417712,1.6616226727160566,4.394125898706269,31.195417042978224
37.97883221605167,86.94907377812739,1036.7144094652335,21.36235981158522,83.9522055722212,6.682316761905732,39.620556748099666
14.392702196318123,65.78521485040612,1038.7385122174314,44.96832644604635,77.99635249316695,8.011643037388982,18.933408513410654
-4.5131900661248245,99.93658391547527,1043.6802818335443,25.963170724392214,6.325403087429238,7.8490236498402135,1.9593319072809847
17.397974448684646,42.947731651775996,1015.6471675352012,25.29336492643442,36.48676093204113,4.377783795721221,19.306246844917986
12.718866727998044,42.43640518080443,1028.5992322505103,3.1125294970727135,95.52866138494954,6.111084060551573,20.550749510126746
32.2178541369808,32.77995681871553,987.8260259863756,46.10601948988185,39.202705607897705,5.046924019984681,30.337716033767066
-5.095870960787771,33.125087061226814,1019.5702271967788,8.85582843391865,52.62086767240161,8.837247274386943,3.6242380590901018
14.41205685108891,42.81492768080383,997.4084266629794,26.41723467182771,35.52428610103552,8.908826318199992,20.097953034831328
-2.497566765300787,83.42720362188217,1010.2201819518627,40.17838007001551,59.613138812826186,4.093674245992331,-4.400481926320365
6.2337963445029985,92.46054325091583,1024.3835355814704,10.772663847782166,97.81568756368222,1.8256370309085765,9.346703919298422
26.867853869389982,98.0069735766145,997.9890156497647,26.368664498542056,99.7502503481197,2.5082423499161752,19.028331100755302
13.800906468438328,38.58317232771621,983.6529540457733,12.034245461167043,77.47149780111911,4.303015679177954,15.350039393676704
8.794414257288466,90.50380364912733,980.7163699486131,37.98474988999559,40.43110980204393,6.078249592866916,0.2802149684728277
9.723813928501766,46.26040714218696,981.5511674881166,28.217058393657535,49.44322008289883,6.911083098679863,5.718388385950757
12.97233842029933,29.02724356135075,980.5844816259639,42.79879301975718,35.673132811230545,3.982339416574002,10.385666884154688
29.250827191852842,89.60199404161325,987.7248539590513,44.72790014386914,98.55746299043462,7.007492076615872,22.149041016120893
34.60423444701172,70.88845077148949,996.7642100199091,32.436674122269906,70.77603058254037,9.439659853063803,28.444378237790442
37.76673432519642,33.17847168648494,995.485505992761,36.269562307947226,44.89314454335113,6.868127144520554,33.78591169981676
29.345169312764753,54.386500601040204,1049.0757615925927,27.461004994343185,1.2115270109602339,2.4270870649991614,34.21900694708639
5.770344787400637,42.980615590165414,1001.420427364626,19.221436653369146,52.04834143905484,6.217020216798648,8.233855775979738
24.406735304327107,78.94356549681575,988.9194548351579,32.40589615104173,98.39282017016178,5.877059650902845,22.12276196329143
11.880156202769598,56.27329844994144,1018.189378091743,45.41443117436644,52.30609089730519,8.836300998085786,15.425776290739913
2.7335311023025586,99.1423956085108,1040.0570218778255,20.834019021571898,18.242668548911368,4.15272749691677,6.709808639302251
32.04357897129613,24.37959858076761,1027.4642263751373,15.720501318689767,2.2093747104774852,4.80651049051012,40.814306951903625
-8.07868255188375,48.401221290899734,1000.7257462394815,19.421846927628707,35.470375812420905,6.387931499378443,-2.6178859331203563
35.08809960677117,58.55201336879819,1019.3131311854019,21.76988151057998,91.82280556966069,5.719827805678229,33.01127508790582
13.073873231236707,60.25068437986558,1030.0399181940286,3.6780514488858107,99.65541081758809,7.4711493316465685,19.12785013280564
21.86007384041402,45.27486579085094,1030.967314465742,24.92209202174972,94.53679748120027,1.3635009182124622,27.429091159588285
22.967696110289133,78.33921992780544,1026.6576918708383,24.71571240250298,72.94199932542568,6.071644172862638,22.643022821899226
34.75588703532682,89.97976587911798,1040.9567297342933,29.42219138202616,55.81427284406553,2.0950470370348775,32.91150477912896
21.833484108360366,95.09754415822904,1040.9073820840872,18.141001523566576,59.068614638225206,3.836880932677492,24.352633375967624
20.69667923800309,84.4074701439621,1020.5255591584902,30.655379797779485,53.89920090919609,6.954641753791513,19.665201082058136
-6.667397971965502,88.04641578452795,1010.0899458377849,43.91081551371015,70.70493049229883,2.4167278053295993,-2.4347946620398084
15.920401097260203,64.04362404959964,1024.9099206895569,47.77354952475822,41.887322669535244,3.7795765195416595,19.238973284068653
-2.4915499591479175,86.07105811414516,1037.2748400959324,29.18061080705248,66.92040049557654,7.327058345517807,1.847142811456732
26.87168843607428,44.280312731836176,980.3956473388829,2.1295476985156547,12.161211495720103,6.857247182741506,25.103256089920073
15.611096040633726,51.87830096873715,1049.4397906310396,48.461799863355445,26.569530656148377,1.8193570228876426,24.646302443977348
24.011388960417662,45.35304110548354,992.802564063044,35.29310304481281,83.60030388086295,6.195416441430915,19.14955789333299
-7.9163549698807865,57.390986835834035,1012.9174289961983,16.798182427682605,90.37489307433911,2.325290157267755,-4.268031925195284
-5.760399197709839,42.84636929909091,1041.0420814390006,7.357885048186169,53.90082375602997,3.270442408430434,5.44203186690109
25.81616940313411,96.92891538035575,995.752827933094,7.1709306118137475,3.16356172129324,5.132901507722009,21.26501235741901
-6.395783200066331,45.02757024045345,1013.3756656730268,8.387220306980137,92.69735707917681,1.984121409683702,0.4439724853866325
-6.43716361173707,27.843563048875186,989.2807526126826,2.2786260806910152,70.20642580272865,9.942822711267102,-2.0424468835940415
-9.394576238255627,62.14537328403307,1007.6553427771735,45.10770943264558,41.40279237553608,2.48832604948601,-6.716224365200226
37.82506991497401,24.56792627561411,992.3994818355102,27.038411641366817,59.83789431994963,8.03181365585744,36.462393292580224
26.875417972950345,28.84345330468644,1005.4539424139809,34.997970635691864,42.97748344413661,8.468549605209025,29.872706950223773
7.662570425103208,37.551151135699705,1006.1424951754906,41.405425463415376,46.5339226732051,9.950175729064012,9.398290314257714
4.826779064382761,57.148019990571335,1049.5219552718834,39.577050316660014,88.68098656594017,4.857878960670416,17.85716007077045
7.485161487292476,54.66007458472223,1049.636912051264,44.130281186442076,16.108424691711154,8.86685068125406,19.14998691726897
28.732676559059094,83.9753489602233,988.0350395062429,48.362731126247596,10.366913548223678,9.61785495115166,24.150377787166587
23.068530553520716,79.15797231072906,1030.8178145529844,21.953530737096976,0.2728744513015746,2.5560473040520044,26.045575500850216
-0.7402216066266032,54.105463519256105,983.6221835768371,47.51677333341953,31.400037561212667,5.314924801535794,2.2258396356217953
-1.2945332332957822,46.696336606050394,982.1134410736032,36.164497417140815,14.741376648442738,1.5400973697047895,-1.907499616600822
-5.080217514330134,45.31750272491989,987.3733725971475,3.533409515403924,21.998549513811117,6.586516108217814,-3.6794585153527417
23.015135985066905,81.91960698352072,1047.5839959905554,34.08915606061727,1.1238982665376929,6.232655411709097,25.390494505369695
28.218633111086795,24.16579249770158,1045.8604483526287,34.33583298024243,22.71954146877032,2.8371365619687743,33.208964742309675
3.2523214162502008,21.025731960848468,993.5749474196476,45.293028189626355,33.27115819323739,8.181124830047136,6.097607995037359
-8.95275194845436,83.64355135413184,991.3170634887598,18.646606623504603,3.1567496409881324,1.3354185048718588,-7.936433144122526
-5.891416626178633,58.17171007912394,996.8374560561163,29.24557501359089,60.79041242971477,8.256045917148013,-3.1964216034816464
38.39300174225152,30.470491084286078,1016.08828958526,0.6093775505871257,56.880034888375796,1.2398076204748065,40.554324050066946
4.772238873871013,38.8452747675601,1019.8793242424787,16.6037621090668,9.703577850992506,6.911459309227152,11.366800648647244
28.46115739190668,94.6003162477906,995.5115401307613,3.1121863079390466,59.500977751840104,1.7089256252341114,27.267727805214456
21.23317844271319,88.76023804999184,1032.9635951662963,26.093648638244847,99.86539186088777,3.2610296738109064,23.82734321061723
9.096981982644795,76.78280401791781,1001.6687218581856,40.87238252534766,94.44689528115407,7.497220143806523,9.641517109484745
0.2843631097777557,58.57801842698613,1044.5491927870587,10.322134606453448,0.2670993367663299,3.523643196628481,10.103319230261912
-3.9306790920296786,61.62589009531086,1025.9705894519711,26.372052277888926,79.53783113303597,5.600564638459613,-0.9253400288850262
20.75064840194333,98.0195628227167,1010.5445836012528,10.200431825538352,35.36052762364859,9.237234425681029,15.24038712380648
28.731689031889402,97.26163551074296,1035.293840119199,6.034423392312021,6.365137033462743,1.4467091863292052,33.79897966492785
22.19521267705653,37.221523662866744,1037.2540238232666,25.54983959671712,29.598321371620806,8.299718143621062,27.135175925660405
16.515106662457917,84.88836530442545,1000.333712392626,3.9574310474863816,32.17365163129623,1.5874479871164058,13.86545405695091
-7.902438828418187,35.779413293361344,1003.7800180685259,29.367731556899468,52.32442393090568,2.1411535990300896,-1.9894834524359528
38.42443887971919,37.082998230716115,1045.5168607610021,1.5668730338363135,66.10837672688547,2.073871935002898,45.54412460842238
29.935709582728727,74.08744273316614,991.531872685429,5.335748593418776,74.9055612208408,9.946920548896536,27.33507547447836
4.641101835048238,52.40008788700387,982.9505291874054,27.49987427436789,24.590304256326668,2.621676873983801,7.36935225898312
38.99851646794253,94.52355256852161,1011.7838725826684,29.570370644945694,32.177057024849695,9.070856616306413,36.87738991273828
20.094079481816106,27.120778791680706,1036.084693017054,1.449346504687904,30.83817068597352,9.918389466518988,26.62867543425529
19.121132910362324,60.922051264759446,1034.016767441752,28.66883940007792,36.27368681208765,4.454062933710682,24.985741165729717
27.403658971476602,93.4817224354497,1044.3671440238982,41.92512626618185,99.96563089563388,6.679436891758169,27.60520578477317
30.58848940450688,92.32909283836041,1017.3240465058328,36.1158088646977,77.79433028274258,8.011821283872512,27.131687610540503
22.823930366575134,32.522337073259294,987.0045270096573,6.559255196039931,97.4990465268697,4.533805736525874,20.33329172547199
-3.5952126816899987,49.331016007716514,1021.2082282035211,29.623732378180744,69.31110595470572,2.4563272644802656,-0.6885101560975082
6.913375299724919,69.5297120037357,1034.4876930047249,33.612625003710676,40.62707016472843,4.90386469413305,11.74339131972594
36.404182016302485,32.751590781712174,986.5329684188879,1.8615600876145888,38.97441836269749,7.946988805026502,32.2983308775501
1.2307805921925965,97.4417737636591,992.0860180768312,42.767383434181134,48.85811449750451,8.026864864735629,-0.21901750076931936
8.608351191875666,93.17994629821283,980.8603462808969,45.31336986449151,41.68697833644374,3.07484912953822,2.16392977110701
11.603844147209799,33.35601432275753,1021.5556805612767,42.52261366811293,82.83262460927457,2.5746907590167187,16.919188217993337
11.970249484722608,29.692436900878832,1042.0714074362133,41.23157339945566,46.50020130266929,9.285046318903147,22.783501063233995
20.646979124726276,26.832678624661224,1026.946432120147,37.248259923044664,29.561436021084596,1.395991275024795,22.612279424350028
37.15379188723538,92.75549312293049,1048.7428061313688,31.671601564098005,77.48602686966518,7.612646281885782,36.438889718716666
2.034635591625248,35.48990478363686,984.4123556749834,33.931350249412596,85.44204093813946,1.4177924690207862,3.2173009580990866
-3.9249311849540973,53.30279428354838,1043.2100759606046,40.31976466674915,42.042895614045136,8.54110045774889,5.490157742504904
-0.1264755070031338,55.908109252160244,1036.9847801170677,33.12492291806523,66.7808571905532,9.148733320024917,9.518312953076055
34.34624501046348,67.9208835370854,1001.9969064349654,16.38634783410355,5.8804533888304755,3.676772118061891,32.97516240754795
22.290540632760298,25.738827499794,1048.1468586286076,18.798055108067697,52.946485197146664,1.6654207916502781,31.36384662821196
4.295339461958006,38.140689392041274,1000.1556423719991,44.85287341861461,4.498113774550805,5.3261608271268575,6.987295417364645
30.797346948430864,94.51923095351408,1042.2513306679753,0.8561042898580951,2.9190840494468073,3.6861673307092913,33.57325259756948
33.0684998181718,92.67280858148555,1041.6524003951934,34.9410290622141,61.2924850522739,4.754225285293411,30.255784035747975
32.3257169345139,82.50325179245537,1033.036033162208,47.73887762126077,30.333538239498715,6.984869081398122,31.132309389498626
35.94632668197772,21.552099649457233,1019.4429331668996,35.31140849789868,74.25371624554654,2.8884343235384526,38.478025693858676
2.612051008668079,46.16054147968817,988.4001924731822,49.6955994115891,89.60825606325922,4.212564125626777,3.2197506569609
27.752096437313917,70.23669882743263,1017.2380214147548,34.37724527641654,13.93911737303507,8.043062412634063,24.988460133786297
13.026974863707,42.01521694187805,1004.9757378958454,1.7181514608430537,72.45228385789238,6.793857549575395,13.83456856507759
32.099927644503076,92.76693560430219,1035.4551923208746,41.35049408234618,51.451999828834325,3.936479420361148,30.64527260846116
26.424533858080657,70.71115694659535,1033.069044454779,14.231495596965955,11.211925016269886,6.9787144023393575,32.987475334192474
28.822372324986233,25.752537385315648,1043.7428755160824,22.302861283222047,65.15926064807248,7.8878163060277,34.246606723206966
22.808091884053574,92.72044710685624,981.0381113702196,15.604595795354104,60.94668031064728,6.332370228575087,18.692585743371883
-1.1285615265146571,96.6213326540978,1036.6372251776131,13.427705310483972,51.564186740078256,3.1554714925090765,7.304693887342726
17.251345944846918,26.21699347133804,1045.6923437187268,21.57028518348927,92.6471204559658,1.0022076146079377,26.432554926513777
39.23348697622541,62.58881878890519,1035.2510314375704,18.93757242203369,52.10796961040165,8.225641962894532,39.322438651906154
36.869403324855945,44.269142577133636,989.1136121909257,31.66692909212947,99.05151154502126,8.40370199784548,33.60679592130569
-7.8413132101494165,51.42712611851219,985.6895373388621,40.65756004937553,50.922881384811106,7.278440512549258,-6.568753135548445
-1.7592592135281429,34.37209743642735,981.4591667865391,14.854432659362038,11.58520383013676,1.6892283823085241,-1.487192701780967
-3.4135613272719043,66.24576816099301,1024.012165807965,10.686057641100872,47.04712510750304,6.267000587572415,1.5487277553355872
26.298995499264777,96.63834825991125,1024.0770856301922,33.34476354351711,18.232876255507126,8.389186041444464,25.47456268522579
30.889266492847256,60.24580802172872,1049.0839599952749,33.51600329153908,59.713348521742724,4.507014880973491,36.989886528233235
0.6755683155335959,26.633166511558493,1007.8630221872867,45.05656196430859,69.31321751936011,2.7820066079822867,4.724624574525672
15.292634647591449,69.60010667819267,1003.2334399428248,0.7972843226655424,46.843527870709366,6.288645675173236,15.737615561711657
32.03515140056,47.217839556100564,1023.7097449029075,42.652033105825495,9.770296768314823,8.436759645707902,34.21358874715496
26.64007723831253,88.47401516730383,1037.7926070755316,26.050108647417847,46.864139858355294,1.43982962836359,27.58755629979231
17.111860274592413,54.774251865317616,1045.5741764666102,31.065104458604942,8.14542147344004,6.372560954446621,22.84735838464766
19.517384522938645,35.42716871537965,1036.2186916325327,4.568572028070738,68.2125955506534,6.788564158054077,25.44929685128939
15.418027345813996,35.2884498152916,1009.8671786431063,21.630746643602283,79.03682248650875,6.421303354134516,17.135417476256336
4.877422565941028,81.50113445769283,1024.4439964718445,11.36512036192619,96.2380327227039,6.850303158133437,14.061827393561318
18.251099642950805,41.247007864588795,1039.9409528701283,12.711251504125453,14.880210712845642,6.682377768437391,25.17685110249589
24.44426510250453,81.37867153273784,1014.3426781818217,25.20475573380137,53.242033553330415,2.1736349648231412,25.88861219811746
33.666145793040386,36.47098486132795,995.1680650593775,40.622797520155615,56.75373675354186,3.114430992540238,34.310601693115075
21.814567698962403,45.73490949610475,991.8806407823511,37.18904650724281,92.24765337809797,6.570946047601091,19.439068997433857
28.0560768521579,57.23895779517595,980.011042120464,29.54999795429769,62.727664059651424,1.159238450230937,23.529564737944394
-1.9964182522713507,95.45566797547606,1030.27665964869,26.97090963767335,14.550964564532109,6.7127006685092,2.0645014770171524
13.077873720989494,94.53851398030596,987.7768046192193,21.365302161724497,43.63513239631892,6.988479614065288,5.427002427895911
-9.533419008645335,36.54975003378303,997.0687369787158,48.63549867806932,65.47625285062504,3.152572838754926,-9.002796571643593
2.3339432260811517,48.65752329944583,1000.8513432065955,28.009627711711666,70.02844320692974,6.383195467778257,4.916166907425604
26.32308575565024,31.951951076301786,1019.2265902095738,12.698319915611107,86.30739985905736,5.806810546513881,29.217712264636887
39.59049756746817,60.79880634507977,1007.8570094107039,11.504539602001978,18.050711984439715,3.346223933378024,41.17450353303423
-5.0410950206392044,56.84660405557332,1027.2271794416213,30.56765153875709,95.15421467554984,5.1667661068727915,1.2498893699269105
10.074715793064414,92.06081299605859,983.8947061530092,26.14137636554644,5.913941201559226,9.186620764709634,9.377638483230374
30.003548434957978,94.40043022328581,988.6757435985107,0.38489014773563923,98.3762134568902,4.839425024138945,23.280315991970156
0.20178173144494238,50.68539128058337,1014.9448052473286,41.50326860978897,85.77670928664085,6.668597591915515,8.107641367109249
17.75424746511431,59.33903544151916,1003.5875351492781,35.20611771162173,66.02727827621713,1.318157389366248,18.134660890730952
26.65356480148374,91.69889993169065,1000.7069353925951,33.09146448390518,73.49955002644217,1.700201019898889,22.897668962962328
20.79927251300895,84.53662461960492,984.6919655326266,3.4390328848829474,7.269200591879644,1.7317726597298662,15.424766938671759
-0.5987632692291935,20.292504907571942,1042.70034223236,18.10279250862457,4.147986289445238,8.00416687263801,12.521396898779589
7.769228434286973,45.6047651346866,1028.4273010287536,46.76911303663931,10.176579655136553,4.152312053231074,16.266529327012577
29.18958922426986,53.74193935489007,988.5132709773754,43.12946206706819,8.735981466413778,3.04850519529232,24.342658247370803
17.71132570660083,38.37730269465854,984.5532170415999,14.277146893476672,54.73812334694351,7.725921116065504,16.27477421587093
-9.738519322854364,35.9657292716751,1048.241077340187,7.852944204956936,21.544398711178914,2.5296405630055703,3.1949895468998215
28.04953800140469,23.022760527654373,1027.6820785307652,22.454397858428855,86.02056372067265,3.2184327256325256,36.27010155568785
-8.234432252988046,71.46957800558084,1009.2219249765619,17.791518933383045,44.57486230680722,4.878382989430188,-2.5124184416689985
27.286689136561606,41.000823238653254,1029.121172852905,34.111318835299556,69.5510476458275,3.982942621131519,33.4715898740981
0.12402800826187033,24.187774274505045,1032.943225053611,48.32174050421598,65.28730929701598,6.268529899329799,9.323044018861584
37.90367400596901,38.47834484224509,1034.5973541672145,18.150072499128072,31.985303892971007,4.040565571673628,41.50059353137548
8.397037565104224,84.15311622689012,1013.451411395714,3.1112086326121,24.316757352572903,4.536564722730027,11.11527198805514
6.3465808169039555,88.11913453172373,1010.0917930687393,44.880700417119265,34.24562852966352,8.765979474245373,7.755113940110478
-2.555597483377766,58.64529961546421,980.771965898823,1.8974865119935402,79.66583738498375,8.960782956652022,-2.337197756060186
5.280210774510744,53.285653632694896,1044.8589980599286,47.63829485766665,58.627684841961845,8.449400717320668,15.309615820538067
33.83253809141003,98.22829548014253,1022.231551487226,33.22897140045199,25.353866251917534,8.783478394341694,31.304339006480184
39.81671688136237,36.04517276704559,994.2207756032977,47.08446042209746,81.78464430604302,6.127558024052053,30.9269325711238
8.415476525342417,37.22874262836868,1044.3722393595006,9.982984332448913,5.4759386110306725,6.816098932762456,20.098529177784588
12.430531547727128,43.34937416291198,1044.0452331239208,2.0349897626903815,69.91833749902953,6.0145584989944645,19.058427336464728
26.10354691013685,33.82058546248699,1049.2428915056266,24.41049891382459,43.91008057493109,8.070292756476281,35.366622338118106
34.30978902325373,50.34924785633493,1041.1839594197286,22.53117072850626,73.12903860658882,5.959004371852998,39.98945221426918
19.652216709339207,92.8667381591803,1049.8449071474045,16.57461366274414,92.74612802434268,1.9996926809570248,24.58283573393978
9.576284908891466,69.22782725028594,997.128033168629,47.882823719434874,75.00340979469038,8.28622108411174,8.86404157961087
10.631092042431188,52.95572388898109,1038.9574709639464,41.12918660807161,44.19653553113824,7.845266536097828,18.78487321482438
24.780907324840342,94.75286356569718,1037.6119816157036,33.079101068779664,15.097568151388074,8.382705357543628,24.48012898215362
-9.839086819786067,23.877138598065784,996.1658251454513,8.142914581891386,80.63509758054337,2.713865170507857,-1.6688075225353325
20.979466872992035,36.82209423214891,986.8906284300693,36.71617041092624,46.070552692137156,3.4445534744347035,21.410611653349477
7.774650522067869,65.27108840814071,1048.559435957432,36.350622734986196,7.531232345712979,3.66176527537177,18.373315323048878
29.709866563854213,69.24420985545433,1000.7217186064428,21.253408680800373,71.9055397776866,5.572724825671062,24.547876575646725
-5.350468008843392,23.16460052500905,1040.9624253327465,46.23929548570068,29.18519659165897,2.204893757471138,6.2483653060848745
19.410113347419525,52.243100632570574,980.2889008272223,8.348894111450523,4.888822950518524,4.468435779473806,15.022060315088837
14.048644494306188,71.93231718646982,981.4717365053722,13.366878120583214,90.27510149740777,2.6394234497112663,8.731334979616346
22.116276295261372,75.84564371227214,1012.6109916087457,3.1612169625316824,48.31010920939101,3.3828644172946283,23.182826791987633
-6.7573202758515825,71.05119220130155,996.7100278754544,39.772547908879375,28.096105317302154,7.357488711025846,-5.755029195111494
18.999189371406565,45.64505794887396,1028.2888898405174,31.087969304769864,71.63865578849115,8.69330040685553,25.476644297668756
18.074229397976186,27.48160988783276,1019.5895027897568,15.747015284062476,88.59023776825637,1.2061527993746548,22.623287952325118
18.033004720808545,54.16899571354673,985.4240058215344,8.19068317971577,0.03070750337554884,6.093072670195004,16.130498197453868
20.17438332982274,30.300354989444436,991.3839807421002,2.0073885014370187,68.78521850421538,1.3245378585604042,21.754433642113327
23.82339686131811,95.80989268165337,1007.163448904089,8.337278431296829,76.70116940184214,1.7672432051039526,19.51909162876372
30.249449984038485,58.01366928181026,992.9922844768803,22.66423231688291,20.9927427279493,7.345756311526982,25.440430309543924
3.4910360064107167,45.380733948549405,1035.455564307075,12.358848450530308,48.96238314101744,7.620472958519049,14.269511444645008
31.252470509003103,81.30432568951201,1009.1249164887296,12.949108871598336,8.928589891793582,8.325826058555188,27.683625824658975
14.91278411317268,59.83588740658111,986.5402306789749,43.778818333385715,74.67498825153476,5.268173605932745,14.046042321746613
-6.1470860432834415,44.80272192099601,1013.9040031590488,25.756883673055032,84.74560185633526,8.738267338145693,1.2031405610705495
-7.0724535378010405,84.95741939126414,986.358672674299,36.46259865642073,10.818665732466059,2.501544624774619,-11.772570141086074
6.7119159348030415,89.37217208008975,989.0256113793872,1.7855474514071545,81.64602534328347,3.2474477227150236,5.880676496188706
29.24484885557338,73.84065330309416,996.7726882419744,18.258167783901435,77.15701704845335,2.210519328417742,26.59882375627918
25.384046737045786,23.757153792613384,1040.1669393673242,23.95846736977209,34.69133203708973,8.17783534523689,33.34884217671244
29.43074823362032,65.30583041332257,1044.722877263308,9.320842760509235,69.02895299335833,3.05807606547957,33.75030556421618
15.863452822080468,81.06359295978253,1037.8380410532448,6.009577072276934,0.0048123894311746795,2.399601184824661,18.49393985557496
12.00994989777453,30.920240966686574,1003.3854052192493,43.515188924992124,93.17976544659986,6.607996188292506,16.759315004636445
-2.627373664685803,38.29366011076827,999.0712508776182,46.97158135498983,55.03832353083729,1.6937382372460696,0.012188962603179199
6.409637680465579,90.59960840545091,1018.4408983553168,3.9403349022703704,62.03388640619995,1.4041024949815528,7.002529043472933
11.700968308693763,21.609737748245923,1030.529721237318,17.450935627122156,66.46594135390987,1.9604588369721303,20.83889281894763
-5.569978516019138,80.21817102607808,1049.5360951712123,47.91428140722368,56.13690172183667,1.0021679558845085,0.39720484315163374
1.0305976355605626,57.90186340115383,989.2099498315248,4.158086656623245,85.67638875394631,7.272911387996132,0.5192750034614861
19.91126470318694,55.74177270716855,983.4504399316663,32.18206864393631,60.97018321515439,6.060117895430308,15.62275051428367
26.783155711959495,20.567722599590972,1028.604912229669,48.611068548350275,90.77599912404726,2.888875981339515,29.649652425594983
39.91737556964748,85.55185847731943,1038.2558048452734,48.91118342906873,58.23316222340089,3.0970445317983626,36.55394760738322
36.65566656717788,48.785992050925316,1039.2444145906497,23.561166545187163,17.11224219805666,8.298717386230358,41.575864603888796
22.12825997675958,63.26125050404343,1027.4924484354012,8.13745538911903,91.35625558393029,5.516381042742704,25.237459806851604
11.062402664703601,74.18405490685275,1046.7811062883432,10.104215748871942,68.16274983597768,7.286755213735657,20.484832919289502
21.808868235411637,76.21036611503327,1015.770333448121,44.480069756219734,69.92389944355561,5.07479906147424,18.873236284844527
29.282580904011596,96.47840470608578,1043.967035883535,45.5841502164868,98.54817505716017,3.1394622341871306,26.032647188356215
-4.083190453830634,62.50719625892873,1047.7468495894066,30.393982193677736,7.519655420957916,9.733625206146161,5.468581440755594
10.495244484814414,51.977564077954206,1039.3010219902176,38.30881997349557,42.85926070951713,6.090828070378577,20.454422829326603
31.990114281780862,96.29629011933663,1001.6830994281034,36.99656257352041,23.90953929866152,2.1788371339112116,26.9525043742303
9.1916475966522,71.36881880204169,993.7350955819206,33.09107989945535,63.042646471365714,4.654810379655161,13.939853687732027
18.593613561359327,43.85202850212445,1018.3684045487273,41.363847743596956,80.68116837480719,3.9640367075221064,21.647595784012896
19.38846804310991,30.117139632285692,1011.7110325266132,34.270331152016055,96.63107088924127,2.9267872172966922,22.585069410027923
-0.776187343318032,87.40436011721451,1041.4430839534914,26.700115287374963,45.45961069547201,9.400959903162336,0.9186234353416376
8.111772082614419,48.974528223532126,987.0022169747008,11.84781812940784,78.62182306426043,8.928279959137772,9.290880533251467
6.725564437096608,72.83757770915449,998.0418042918063,37.19440720593095,91.70515920403795,2.7923240486810474,6.0736093583127415
-8.69016457339676,57.66531354927185,1032.6259261163095,23.671893391913724,68.33254325358847,4.169331001499651,-1.104413119887325
-8.790411805432237,35.91438238360307,986.6490651484119,14.739584200375466,24.273255244977122,7.860838525037394,-5.358177797180781
31.584852183788676,68.1349286896372,1002.453508981519,40.097313787088765,60.78541511077914,2.876554433261941,27.62328957023845
3.65354049864062,24.854645516054585,1007.1008775837788,34.83568001765141,96.99520478171866,6.3240837634382,8.080627113380283
15.90393831194077,53.06739678969538,1023.5815657593882,46.866978156235,98.75538288615654,7.29814547912335,22.64627170432243
4.936278679438653,63.729195173093686,991.0692852003555,8.272082000943886,64.2359823716778,6.885750931396897,4.602565888071468
37.03396225576702,54.88375792948632,1040.2423143244796,32.45946423182466,88.69877578719893,7.357677762479505,39.840168667831485
2.9648379432886873,79.89377402007926,1011.3279564826393,12.211973404408798,20.03493638486028,7.360296301258867,4.4094029655920775
11.482840636946754,86.233996363625,1044.191519831639,45.17914926508209,24.60786049522168,9.683253278640356,16.798327717094242
33.63651252423009,81.69944592265423,1012.7508939543752,4.974970712830784,95.28876128848597,4.118490005682876,32.072492929242394
32.09667833959043,23.105035824944167,999.2528181258514,32.808090322243864,13.52353754948079,8.907313819382555,31.121470779080884
-0.6949291076861339,35.53030163567777,989.9280180081372,39.554286076401496,19.110643809347895,1.196263562635961,-2.773561366801296
30.13216548978552,62.928600741101945,980.26215662979,17.74589201823536,42.05485991200517,3.593826669909549,25.216697951163763
12.909344336894634,94.7857632355041,1017.2510239489385,47.70690396919046,58.95842877533504,1.437902037992184,10.973237474241861
14.148443604267761,86.79654200416935,987.5009687848847,42.536534229301864,60.381721896827166,6.860835639602562,8.959290995787454
-3.326001379202811,87.40276066814414,1007.4209434541825,14.73091498424517,29.19760086655644,1.907113336584576,-3.8076421513494676
-5.9699243121437675,44.25665550077399,1021.2490232865961,0.3770546357999338,92.06138979503481,8.611361772868417,5.420097001255684
26.396965348688262,54.355831766296205,999.298012783189,14.832858805903044,91.50999076078628,6.819325154112338,26.95549933395228
14.823057617764988,57.65647578527499,992.265700465628,14.065523523537127,39.206805305237246,1.2593386094824512,16.985071801226848
11.842535130758979,32.589726667992835,1034.2305135826539,44.49823037504545,43.42917694302971,7.432996288911607,20.66260084791342
26.475411432619836,22.485450419556507,1046.2753820597134,48.356058912737375,70.24971168239118,8.758314525312649,34.4134026517374
28.275644949555485,95.75223195684134,987.0308292503377,3.521999298513018,66.29958963989007,6.950089068959345,19.96807905574697
-2.0545916165323224,39.25700685308054,990.8913227069505,23.564741426665837,38.22970149609623,1.2747179434152898,4.255272240554087
20.511257473882065,39.1959122978905,1047.2008860076903,27.416599926489788,41.42442515210034,8.721275936143659,26.152928472022552
-3.2322958861157236,26.670324301500763,982.6448955268572,4.645583066485165,34.803894342153896,7.592175216406315,-0.2534375197640235
27.568754301452287,94.28062015550228,1048.434263558533,18.87488545687613,23.53850069533079,4.406061812355858,31.62619136598426
22.847757813356978,66.37896919518175,980.3251138159492,15.85412086964753,45.81383629241397,3.957672324839524,19.8794192090237
37.8307310541729,73.36294857002831,1041.1568058955932,26.802817716354365,68.64341319025404,5.318381632666961,40.26493896285507
-6.5520991821789405,92.9261509810442,1001.5127626691425,33.0595449865969,74.1966705314293,8.803915758440837,-7.230016194952286
-7.147263942437284,47.64961351206316,1045.7012200724107,35.17425552482833,77.88736482559626,3.2685341668260177,1.9954635478724954
4.109353734660008,69.72058489104673,1002.186170204491,6.837751180669377,37.47320134531215,1.90867430117081,10.970406992029716
3.085284186795299,23.103956378310997,1025.8014425073839,40.64738509723107,76.46359942849736,8.781727356649448,10.533394292757482
2.3489399535999915,34.94180225849035,985.6022798836156,33.92710148953795,0.6516315691875274,1.2366086399265064,3.021698918668528
35.312729026051834,86.4996644071954,996.9630868017617,44.45374583733598,47.70499377168822,9.198973200196582,26.99050926608838
2.4773099924753055,81.34146850706685,1034.1575542535475,22.466802971771706,79.39044001326909,3.751706748712606,8.08802970062411
3.5974863064315503,48.05141531657175,1017.0080097575174,44.69448813610958,63.00447206413533,5.574004315194409,7.9262727931193435
27.969913120898184,50.144850221937,1044.9578343250932,43.28870611780377,47.40631241545077,2.1906597227700524,32.309625560473705
12.486992122526999,62.684354684286355,1010.0125985838948,21.92046661796348,64.46420066063492,9.120294724390167,14.768514679666863
28.83552784775906,20.019280374810762,1040.8868656069747,19.057165764648932,90.69460031486639,7.748526010459642,39.615902798308795
-6.731692121780738,39.299546883042225,1011.4268806234767,46.64060074851284,56.63818006102074,9.317400279472308,-2.674005410642943
14.378559683669216,36.65854468865716,1048.5473795091389,35.75823672692188,79.97861914601062,7.1490614600634625,22.869454730455235
-8.319319990835869,40.038635739981075,1047.1884066979214,46.412267321903784,98.07427252251976,2.662243990680935,1.1874378820829408
-6.867339827232274,84.4724674026753,1003.0395693889257,39.848738944790654,70.55682020755667,3.774403026876244,-5.542141062610886
35.321872667220546,42.37390852371546,1042.0146569291762,30.464871964570715,57.332576388906354,5.38163717593126,38.275695023639294
-3.037731444120242,35.32170576401185,1039.3327961950954,5.792638850188226,3.7485947125340258,6.465323848241862,7.151593315263366
16.621034113760857,60.341076863442524,994.7476278129294,14.574033628954924,37.447789825458756,9.338134936026464,12.864988590001737
10.554780130035326,89.25160290981856,1023.7003280548289,48.442120354919574,56.54427335151183,4.45556319210225,11.159967633862248
7.367166312942135,39.30797630699999,985.087762091287,15.971104935710223,79.72065717060325,7.327648197164313,8.941601572158309
34.99166728436362,26.282899423423896,1038.5697504408422,4.662743489268539,43.81047896475763,9.649079640197396,44.91356333588266
-8.908830161225525,48.512378867973176,992.2182118452448,35.37766779596599,96.00582757647734,2.371366570739077,-5.450642597111437
23.189484308779456,79.81214596519823,984.9570290970036,36.70021272718421,27.17937526236749,8.764386299015934,16.33526546684336
38.16972171067752,64.05524357558357,1008.0153366877167,14.272886014357539,74.45671952103164,4.786354633538788,33.08914199509667
18.008409173092097,85.3434695659478,1020.3845497019751,14.883598967315187,41.90314170841275,7.591795983364031,16.350598727452002
36.84112310165459,96.76737180873872,1039.844187099184,23.444649275439193,48.598849456590585,3.641845048633753,33.78670381386899
-7.387106035698812,83.41299814012936,1048.1969767865216,1.089447488112777,80.25020338654403,4.005857964394014,5.979078232917031
10.939665953708069,68.30424630750028,1010.7644758798905,39.46615051805818,29.621526165170554,1.244199023812595,12.05136120598524
3.0078895481025576,59.46732704419044,984.231284608969,15.85443936370628,9.681205659514314,9.742637378502636,1.4753582369881832
26.541048249036493,23.205526907861334,1032.438090531811,42.68815510009888,52.02555846134271,8.32107317707706,29.515035473512288
39.064854524862334,98.7457583051233,1019.5621279356756,40.13152108000169,52.879461180374875,1.8452616213359843,32.520993137286524
2.82650312221239,50.6784898060034,1011.3523941391124,33.070101655939155,79.71677722253737,9.995579160973971,5.1790037184574125
22.708730073703727,32.178257113349346,1001.6488215154533,16.243743354964437,96.83192062321018,6.445221374826473,26.795806485660297
-0.09511836201299317,73.33670843171654,1015.1678969490475,25.815828083058502,5.530068632834839,8.683557741679447,2.9767189618403385
18.266512728580494,42.743063127636745,1003.7075723119922,22.24146287989795,59.16894737431089,1.5999468695008208,16.65622063733851
13.19662433441681,66.86226167448382,1032.9908307423152,16.944094312433712,68.12785303147999,4.505060606427313,22.59048819548192
38.60026648157685,66.9414326275673,1018.0725587544848,42.40681446515891,98.58013507485217,7.026860100732489,33.76513271031792
20.42636363482333,55.658385672229535,1041.3793441907878,24.175353728883266,94.25902142769115,1.9579034682973138,24.726201558147743
7.475318604340938,86.8894892436034,1018.0480740254609,41.63615488985732,71.24507647119775,5.400125547886006,10.648553808795555
-4.295210755603332,41.19736492443544,996.6783689337951,5.260923707091214,52.17894112444659,4.984100870897274,1.1222900837151746
-2.4376585632532723,55.890607329418735,1039.57643175625,7.051239430016787,16.15239222992613,2.9443620202622176,6.100798427569465
1.2658464975617552,63.01537028727772,1019.0053331451031,48.86601525564884,38.41765552044174,3.70242852266622,1.9795052567406315
2.5483330670149,73.08997766138397,994.4788726700493,29.38842313030448,58.51223250571543,9.704065190454841,0.08791442019406914
32.53080289205689,82.71774804044716,1023.6455466969355,25.48848367495245,72.52003965957537,3.597836374089424,29.493178197652355
18.061139414126245,51.584582630260485,1005.0401735459699,26.157803157205585,63.53995574791122,2.9208352057156994,18.68740136132077
16.169545568718323,71.68375552772768,1039.1083928604446,10.763438701642992,71.41228018277413,5.825882539615001,21.719623919739508
-4.2615564065391265,32.04887624548153,1011.730981705258,35.935197475098654,42.91525045518977,7.03862230663268,1.4793450795743102
33.00698466747175,94.61184804339828,1030.850895067519,4.239031186487718,72.7627290571009,7.525837999626084,32.824244196833945
26.140715160424186,50.64470451368028,986.6875345345366,28.66618565515116,14.37412560197192,7.788224660472245,20.636406032300417
-6.61658190499992,78.36171375811507,1007.7217042411643,28.538439829295072,16.258631176311354,1.3314924236327779,-3.5754258627414726
25.391754861488437,21.627286550574212,1048.8269005530678,45.70942120667555,16.283214582946282,4.54384360341607,35.45241000451962
17.176910867132303,36.41497143238456,1036.5922202634003,26.30914050524302,89.08649570357761,7.965622718047811,23.534969173220453
-5.913732712661087,58.966603545886244,991.195856165685,6.853134798708976,7.603406330863449,9.143668916201165,-3.7718528173744725
12.915032076432823,90.26019741858772,999.4434834634078,28.63766296240813,80.15083727334759,6.419801109995049,10.407602946977342
14.234814356502348,62.18041199605417,1003.0871066199453,4.566382218266618,23.357089804673713,1.4707616815871711,17.59631584493991
-1.7112729918362124,94.38963858351032,1025.525589234681,10.189691764996084,46.84299404952507,4.569812252696181,0.5241546683334724
37.284907350014116,58.70375172662371,1032.9896331642758,1.5554292093708066,91.5956595465678,1.6680440428160919,42.7682392950192
32.49876857403309,59.23592773887599,1032.4668626165537,25.664679122974913,58.59372296875067,7.736840764161261,35.31431898402283
23.451116866455415,29.57974308004255,1015.6911839414482,4.226630764678618,21.01176862323586,1.571549223534987,27.766777334464734
13.11477805003036,84.21249953217759,1036.7574376486705,23.46971892656645,28.40900603188071,2.671579600616595,19.177168754252488
10.588277079225424,39.757232997365,1010.5954657930232,46.647251766207205,92.04466238957856,4.752625815682968,10.712290010442619
22.548673357547706,91.9689991497852,988.6716395706893,35.988070650966606,42.71439251099783,5.163835304033848,17.35428589747721
17.271593470345273,92.86593762643169,1019.510928915767,3.8705837112646524,58.698548300678944,4.658335302835111,18.845308720493993
-6.886344705905719,95.46480894993198,1046.6610969220774,11.210490610442159,45.99321966253888,5.170569819454,-0.9228478370125067
15.625132438516584,61.6184391282472,1035.5095555974758,33.68312099467171,37.84380880484496,7.419152368181798,20.91544097827475
30.320180861641973,74.16750278269154,1020.509045338457,44.735093051209184,22.327912693240194,4.323419406599873,29.244966016749412
12.961993879847903,82.28127040493308,1025.276396224437,1.645929338197688,68.61915004846021,5.929754132355573,15.786879892851852
-7.402171122286579,30.481169492037246,1045.1393418924902,40.6225565860297,71.82420262721205,3.73032331775859,5.7350695517261325
29.313909969201653,68.07657559979978,1009.9839956104472,28.090694016915435,27.488509160739948,4.182647455814344,26.420253561843403
0.06818910679871948,22.743832104264932,1003.1975897259846,27.30456626481963,78.90108430548304,6.524190631378727,5.893506809781161
2.931041744401938,59.805286671098074,1048.4069095500315,47.890659137667896,85.45352003016795,5.41445186473318,10.310118459764496
-1.7646823283852058,32.38741452961819,1040.4410193457234,37.38223062983865,92.06750962396303,7.50732665373353,6.8766745828543545
6.510753243574879,34.63383407696678,1002.6130509233021,42.5059434028056,16.121241391836993,6.0448472924657475,10.035863369473885
27.83757528443175,49.20380533540812,1012.4646418152646,17.699778477233334,30.39236836132664,8.232166768454857,28.29487041866406
15.969292975196868,54.59497333732024,1009.055469030546,27.718202041420493,86.03533475036956,4.990673916952449,14.232698497023495
0.24406370753562712,69.85379396257498,990.4366975070004,30.770283871388536,19.8540202827894,5.419302578801213,-3.9559911425560483
33.89150390760204,25.95427347508125,1047.0473526669282,16.079197018123253,0.346845924349537,7.029742140108456,42.5626944287547
33.97909274757646,60.29534089899557,1008.3018701853831,28.512406247369977,87.08273102516345,2.99119549970844,29.437061564505647
33.52892125230034,34.61001042024809,1041.2730357846535,11.832768973985692,32.644944175136935,4.473365832381347,39.8888681366354
1.9398105690769647,65.91801400253935,993.2549359376466,7.168783553411978,41.449752513895,6.62357119610537,3.1151028637449585
12.561967209049406,70.99236898089468,1018.3509567446054,18.69851296386663,44.633402572063794,1.2598864233916274,14.078936918776092
39.249482807043755,64.5367405242283,981.6772969586989,36.96448143732185,84.82746006672285,4.932742902705475,35.515828530418354
28.600623815499517,79.0636408382646,1033.4954338689615,45.80935740369438,33.78921445934604,6.389649426755051,29.078634223193824
-8.64162893872201,46.8487395392721,1020.6639728772395,22.885702574911626,89.22798858564818,9.70637978780378,0.37329400714900296
-6.739770436975397,81.20852733065047,1023.7912708428827,32.14118441377158,61.6939138048048,8.89314905455904,-1.6942232214576838
13.196568840616639,54.62136653665549,983.6204617788258,5.151856548755024,52.72867240336843,3.526677576483923,11.669771784742855
35.461010293078004,58.734759865807746,994.7726831146031,45.223187927616436,32.56145071274624,5.564890936260323,30.35964353018944
16.935089897635713,71.84817018088572,985.2031610647506,28.43021067849672,24.371169628118583,1.5077293539408219,15.923021955628219
14.890625401714512,21.46867071993792,1000.2240021062669,39.01691238125785,62.405844277734865,3.166789733360264,19.1985032159403
-4.726315002168471,72.31953771361987,1023.9207305377506,39.72206004606969,44.68941600565761,7.973702812612811,3.7030486728035195
22.839005236214703,69.48681192576923,1019.6330189022162,12.824026318405297,91.05160099320064,2.109826110478101,24.601245202078896
31.105158030011275,44.78776934026239,1022.8504875129373,26.458722659092476,49.16387161140497,3.3192147235056093,31.207125640873073
9.021000375378115,26.86354279195916,1018.4475889964526,48.023987578048875,51.17949167011911,9.49638251562227,13.00367197756049
28.780592546266377,27.27483599304329,999.1120156973102,4.481727241041389,41.672328113600074,8.414702204432121,27.548676393830235
38.22383269504058,93.85789975881829,997.1155248141098,34.15249490147817,78.92629969912849,8.03644941384021,32.37541804487214
0.18832295638445373,75.14234569806698,989.5941778475607,48.1132039017586,42.48391981092704,8.781017412719411,-2.989679293026898
16.166481559737065,30.16820910165923,1039.4349612432445,15.028855402701108,26.934199974975492,7.746451179241186,18.38121812135637
4.356897904228777,48.537853544712505,1023.1535550978871,43.07239607021741,86.20308742935097,2.0852759450641143,14.06729979284951
29.64272095169197,67.39863951212772,993.0557708752842,46.682877270413584,59.682822136524024,5.649051938367082,23.287441138763278
18.879668294057875,86.84573640725189,992.4046565874868,37.35431046974125,59.151021976900175,4.998195287220899,12.939860251033377
21.72912087751519,23.492874297040682,1041.1124921068297,11.566415615347914,61.082220716392655,3.800364204433421,33.522099222702444
29.895707980794704,38.93065051760071,1031.9911604634324,16.700035941329695,71.88397482056668,8.50636368747645,31.84406911312079
9.798523633122745,91.1799192236304,1026.157935593376,1.7904647208865365,31.306798931256687,5.1772528213681035,15.141730426292291
35.75450342035216,20.73324401470532,1008.4804875277509,41.57266171226776,3.3844370833002846,1.5426784122179473,34.75122354282412
16.651443362307,36.11192822351099,998.3382894994962,42.480559325554,81.05931608770096,3.4746902534824144,14.243897169533085
-2.1022588582325996,96.72193407783728,1048.5615534178976,31.635515498309637,12.890505388163742,3.057589522265006,7.5892180048007365
24.794955908440123,69.07214772177369,1035.806770251596,17.626392563192567,72.18197372105442,8.987309963301552,29.885830508137026
29.663067521912723,40.933709331000514,1001.1245456195394,3.840551381996027,8.231529828732874,6.8269429057509985,31.755566890006968
5.838083853376334,25.35928755166781,1039.3295357394945,37.65288049574547,37.53078420284921,6.043386392938676,15.685725700950915
32.85896284993765,22.25530723577777,1033.1252364030277,36.326309680496145,6.302606983153824,5.5598431751083455,38.50036708616948
35.30716273828832,39.57960637095418,1000.7956384914598,45.63012608694505,52.22136796277246,6.851017247873189,30.21824323774437
3.845224368890447,90.51886556711284,1009.8586997969148,36.52660105026811,65.31357727815751,7.793879920994123,3.902628099700993
39.1760736357611,53.273092343800755,993.0167411773718,41.43474711220009,17.143314117818832,5.989462352483589,32.06106302298695
-2.964423597562079,77.62666953327944,987.7736711064676,37.297730895199976,37.16276184384021,9.444568736373494,-7.206610537506084
0.10078342012449859,93.46280283039663,1030.5933422987787,31.53435941561582,93.02394910430536,9.79150753585346,4.442831716126166
-0.7887580380986936,52.64323692822533,998.7258300147706,21.348319709550463,44.238911710745676,9.958080849479407,4.175854341415244
34.69948550039352,35.30218968299177,1037.4041556022378,45.10586543211389,80.25435689765567,7.024519990797803,37.25897992096899
22.714627616248094,61.36943446855356,1049.6926098060098,32.548428595373494,92.71847450602091,9.393584200802906,27.800322972790312
-2.3947858388863565,92.64669496478835,985.3633869750754,19.917766098295452,97.43458249772866,4.640317257771592,-6.914985109056014
12.016170918417448,84.34995313101605,1013.112458755859,4.173464759097861,89.83220196913693,8.736331521226468,13.238378897773307
20.764901253490102,25.266387469052304,1036.1443791517563,14.535242795219105,31.740532915896914,9.182568688657128,29.843902025721725
-5.826795750530835,75.40582400620654,1035.2265627578863,27.18633674150824,96.2572886161193,9.13726425099048,2.522480741615347
34.12081842036694,65.75180179671631,1033.1998010831678,13.781768500809727,81.2395241746047,8.477616546175433,37.12378560227114
30.180176772076756,92.59705410771404,1004.4296454711338,11.061767395895107,83.71755836394877,4.659392454771254,25.11988204413436
15.26033867883191,29.79851334802378,1011.7697278979537,26.36967570439236,1.517298417183477,2.4301673378266093,17.73412412178435
38.35633076295852,62.72288905637253,1021.6477850139029,8.49101729478673,95.42388633182937,4.005607207100013,39.998475857832894
10.888048963754986,90.35701548095139,1048.175840850128,40.020503166255175,77.80902238487407,7.905597123682837,16.87562921435553
39.20551595182489,52.80190293933944,1002.9283089656946,24.2184075671329,76.79674965078999,3.0959696019697773,35.98487231953776
23.395999940181355,58.55959341862936,1044.6200721401801,28.693138698132508,8.152473092858624,5.304448583433752,27.607842546652826
21.733563662697073,25.636854213356663,998.8549842726346,7.369163379867427,23.256854107333126,6.0885956618620485,26.2168644350172
-1.7022552352107496,42.251491235912866,1049.2352125831594,16.228816781468367,96.2261665137899,6.434727061940878,9.026907469971835
34.0963879152322,45.96053193351579,1026.9184580779315,20.504484163057647,50.06770748054763,9.421529935409188,37.80949612585051
11.37448439603076,95.60979589959095,1012.4458036250985,40.41064152582515,39.785801823725606,6.953437183728858,9.59218018241619
-1.8883297108760324,42.613388843292725,1022.9373299644524,38.50797615430763,83.99408171469138,8.076689344695719,2.4059837631704295
-9.369624001212047,56.86949882157216,999.0771818328145,11.148873739384069,8.734041411394433,6.236905131024701,-1.9849824387556332
17.987784181919128,73.70435388514238,999.1921700258026,30.808954080350386,41.69420162710593,8.50222286975767,15.971773835135696
16.369981106133817,32.974669792630195,987.9488180690446,12.17281788859988,37.57007744220836,3.3729725176278653,15.438704212953857
25.967681118457925,58.91539097134996,987.9835208393779,49.41235778451227,34.985138703039276,2.888899045019103,18.304596574111898
34.512902650890105,79.08312315807261,1004.3370219028238,47.60619390654353,30.769224365307313,9.336880438821726,26.69955939423351
-6.029670767848524,89.34841704216528,1033.399883452746,28.163236026031026,21.007495679007803,7.241327887216406,-1.4170956076233137
26.574824517018115,70.10074197299414,1022.5579817318713,34.94512859470715,17.29108029905222,7.04373019352399,30.46724007873839
-0.6294027951208889,73.52428122535584,987.1809192231715,40.07151911043225,64.04061169196741,5.20565714765605,-3.5126967032755974
32.9088526578582,30.102677806765517,1039.6565567483137,36.04992100224519,91.93948412086785,4.390275333641594,40.60520766146543
30.953175693082805,95.66211977970778,1022.0957338893046,34.99143455412104,50.88516452498815,6.001220750307749,27.960490775227232
17.03968774927722,30.60592619875859,1047.2598903749347,47.9277003974764,29.797455234664426,2.0850971447950037,22.365558245147966
25.512139931165578,81.97383497454386,1026.9129827187846,29.822805315364164,15.916019772222633,5.09241304974797,24.72679690867593
5.71750565918742,41.185305742265506,992.2622404592927,31.815133590952783,83.01433650525942,5.098309340189328,4.251658892799444
13.558394946640732,94.68745149610012,1013.1648353615476,42.46343752190906,97.14920564732138,5.845028616498387,10.08925610916559
31.08184488552358,77.59676314955837,1025.3948318283042,33.49454339292034,34.91554014678518,6.712170529304821,28.574828581578142
12.963259858660695,80.30509703826951,981.9785290734984,36.64663110087613,29.095042555212892,9.615865293868259,4.251203187818453
7.889913266272089,37.52473384479067,981.0437184908366,11.708434309832121,60.149295297494135,6.869522143825812,11.301175764511354
14.710622362514993,55.44319813081287,989.0582100418998,18.563346205753543,77.53289809534257,8.953526367580704,13.921171414114568
31.412462621860918,69.42505556714292,997.616510453183,7.365067285594651,45.540280354966434,6.006734753222474,27.04825517567186
6.760402368543637,81.59788945652807,1010.0684386464472,25.288272116740274,63.00731498609492,6.642350943647408,7.907878540736698
-1.31192034321281,28.316750072991166,1014.1208331631852,22.786370034012315,71.6549068023292,1.6285325779861264,3.9273733879228656
25.60070101653904,96.98922531636227,989.6619326256528,49.858140713972844,96.05922878561792,2.1993735059597403,12.615716766158961
31.29891063540409,91.21765364436447,1027.1374105381083,30.560432640777123,16.50373305200834,6.217033916777856,35.7626349636748
-4.968126073823333,41.627887239646746,1021.7296643187574,39.322241159721166,99.73824938253695,4.561415829622263,2.1193992012600953
1.9937056377972358,85.82081944258655,1000.6124869188812,16.700733537882712,39.215665524122876,8.189294678789516,0.9077945190292473
-2.901400511950305,61.465913843185874,980.9561918404704,41.57726656713982,72.32001427265537,5.888600873867584,-8.186727718253925
7.39707057910833,56.944518524961495,985.4353540747303,30.75424832438417,57.241437797299724,8.940619350562041,3.0212396149503773
12.517548945270633,45.15472846491243,1007.4186342857588,34.84961657992192,48.66686170088401,9.750985106160622,17.70683649926458
27.44131684816532,66.47748693052739,990.7782045815978,14.721538897472719,69.80753687315865,2.328716666093365,26.891451206461305
22.557379244083705,78.39112941628782,1006.3773724303579,27.431919584778857,39.57538502235951,4.553449764900639,21.99392196148076
21.046428373921557,52.87463239702066,1023.9727823157249,31.701848670680434,12.61099813368064,6.984829227142278,21.440164363076754
7.618747330482719,70.33753544066337,1018.3066199515498,29.454733790829053,48.889338312123975,3.7493987986031474,13.14213667480228
32.072377654238,75.9450336924243,996.1823118196176,45.759685571228324,52.19158706823186,3.4032910394934563,27.224846040978274
13.564358369908227,76.88974536122288,1004.0675743881127,44.913633224627674,20.190215339993923,8.32364704565953,13.052828379212752
38.95524690075773,24.15728785049442,1022.9821838914055,48.54920289384353,93.56193563286571,9.823406221528685,41.09158616550965
21.70710691478684,88.77982445480535,1040.2598519630415,33.37140030034947,22.747564664629127,7.964229981227332,20.705088331370927
-3.6867629217748634,56.66026518120383,1032.7249407117215,48.59570650628423,40.92275940840977,5.7130896052370215,0.4160641819452975
23.808878103771697,40.99328653569715,1018.738001878339,41.623900001595445,15.49296868447233,4.982601087507833,24.667152414204523
6.255200771584949,39.34116059837453,1005.360509882154,13.541607016997965,53.57966461869441,5.856829484773284,11.583903354516675
24.31635983430487,58.64112902751604,1005.5535894279263,21.371783477564854,30.763760810008968,5.165557319689623,20.981200612782274
-6.517942591879713,90.94652315751674,1041.5592117185076,11.91962210945049,48.9272519976084,5.525992511071013,0.47123476671614556
-1.2559281412020304,50.26780653461175,982.7470503228383,0.20985804152826026,22.461691645820192,2.831077454763049,-0.0406178167674387
32.786862945289315,79.97805974268346,1049.1587851094182,9.40243765734543,5.377512794871575,9.133677543783948,37.959763986281864
1.3589778511757444,27.74549847897749,1026.5062787596094,0.20302931434378335,77.92266510822553,7.790815013709413,12.250624714620722
31.852056262147002,58.08453617208494,1027.6796389350673,35.9919230675245,64.10862839596584,7.128796804238981,30.75938275783775
3.9638044227205214,99.33489123141885,982.659848611332,21.276714886059978,34.07393557110129,9.549324738770258,2.6509563471703386
22.144095502935386,81.63502422338695,1022.387049242389,15.628736353892913,4.749422468232223,3.559548987215542,20.54182015078725
24.707528675491552,36.84227907524904,1013.9344642063313,38.0860445547594,86.55750626971209,1.730434698042528,28.42436333516112
15.632737657252648,60.11531789583286,987.4045234825846,41.62433873098225,16.979500493567933,8.435247943197986,11.40777336613991
5.265533834836564,38.68998109188532,999.4545407538551,48.764976932493994,93.0742218281428,9.985752672843294,7.188289445580565
0.6322188185548061,52.76487418100074,1042.3220119349555,32.10067923376206,47.85953785959585,6.205891942181794,9.51143881005536
-8.34053227187869,82.40672189879717,1018.4991891106167,23.076447927002587,34.038670990848374,1.5292844912141368,-3.6655193313406893
5.197320062036191,81.6979852232323,1008.9391602621736,15.263215080371795,74.17594768909639,8.024212361394472,7.808594917048766
22.65813952656415,38.248030232190814,985.0877509088567,11.115910460711314,87.68394060751858,1.6637414396125738,22.189862288164267
36.91524092242413,93.77786545238881,1029.9885069181614,10.64629752413006,37.07135636457107,5.860125876333531,37.40898496912819
33.5602241131526,67.40545462118615,1029.1995576377224,20.459468735989937,40.73437521701872,3.4977922678947437,35.41995425603395
28.30323882676513,50.39394327696116,1022.9830524880795,49.58931776439649,43.315821934719736,9.23524102533156,26.465319007733875
29.422367162664933,60.15484646246885,1015.7183852354455,0.04268487187016334,92.23230614786691,5.061980919335365,31.091846062106967
23.249245173799764,68.4057002750195,1010.3649081545161,9.86029486155004,69.25639915143327,9.086170136306981,22.22338405081749
3.01434287830015,64.79124254766283,1021.5289765091595,9.419649120178692,24.764611704565553,3.691729767291108,5.918731107292526
35.359751535291494,58.91240284289425,996.3376816209885,35.85597427661462,18.49996975019794,4.486263254392162,30.420970321529172
23.5366155952917,60.39462432715201,1045.8881344924353,17.624236379903092,23.036766342481606,9.524072694223724,29.5430328627661
18.022031549021996,34.112952834230896,1021.215617042616,22.863040229591032,26.356388918551744,2.811830058384718,23.12823119081865
-4.4505265393259466,85.01863234437435,1001.7834711048064,7.4312065234952485,23.01834913340015,6.206510364860306,-0.5764283161502717
12.35277719032127,63.34082559528123,1011.477589561961,20.249851943847386,65.85064471923961,4.496592957041003,16.756358639195525
13.017913560096314,30.486388936376247,1036.3979352213826,5.159990595291802,11.593351065750635,7.9675019656185455,22.500567826129277
33.228180476133495,81.29256812662223,991.3131242511208,26.652164394429157,38.73584897079607,2.1636673405422164,28.139121126549174
17.332411009389425,94.59551827018807,1000.4984935722182,4.896918269142797,62.505357297036646,4.9349347210420165,15.185454085092866
9.020027448520484,95.78455193895697,1027.565561591559,39.52541905865781,29.085997394293084,7.290393641607368,11.697273389225964
38.840016425532966,49.52141859289382,1002.0842444537557,28.330085877024473,6.527438470165803,4.663146115055438,36.92240912615777
-4.463970333684216,30.84134988486032,1035.4751177303026,36.19839368867584,8.18239228459683,1.5267856534783903,5.140689012975581
11.12742141559723,61.47197013064521,989.1317441024153,20.925819332634195,12.596677630468633,7.346010352018095,14.167986375545208
-7.898766241429735,29.008738347937655,1033.3880319318225,19.074564662111364,83.58430248681552,5.528784949164848,1.9274594567338859
26.995206038346517,94.71899348100938,984.7846200395396,4.91044445244318,65.78635056049697,1.1017781801209048,23.74949035083925
35.90382760995753,34.68637018841168,980.8814828867246,26.19278035214113,6.452241109764478,6.513903057055358,28.857341416138727
4.001866477524471,40.22126879609313,1042.8756463182513,25.7251082428546,39.10688791514198,9.278929202759079,14.956209610706221
32.91708383995604,52.530922150797636,1020.6937451852609,23.405102222480267,27.858517284706565,1.9992335339052008,36.58399086201762
4.610911523094888,50.65315748473006,1004.6278827960768,37.025918234122464,57.80401116288002,6.316041115082521,2.895470561541815
35.53850808219576,83.57303139183112,996.2816245874695,41.62522000161773,52.280594967231345,7.558019935863673,29.16077319266964
27.6980951798392,56.50534564407699,1023.1820048282572,37.53948374742541,48.11240233697149,1.636963031262749,30.05410787069255
30.24533884207193,33.66146080026695,1015.6301528475717,7.193287140342192,31.451237037261315,1.2035391234776767,33.504406930114556
-9.099672219977275,41.376791638885926,1049.411844287099,31.102975464105402,13.779977204399074,5.177762799804525,3.5680750229819527
38.1405178537013,60.72907081500176,1048.8251190657622,4.016155284476669,74.23763828726379,8.120680185109274,42.95652093083979
26.33354960351616,31.79631339409079,1024.4517196299128,34.731114372023825,87.98567688426544,2.4464746908939548,27.582518664624008
5.237554769306666,68.93245405168113,1011.0009354274123,19.091954828056334,94.41509092328172,8.529735449934307,12.368958986796084
31.469733242942347,65.25978452409167,1014.3798678394263,6.62494781331433,5.861897061358046,6.9091952988123655,30.347147553190293
4.0760599207464985,77.17618531058062,1027.7735346365803,43.102542848806394,73.9908711588883,3.9895595900963707,8.169781638392609
33.6376919783064,95.01636923034941,987.1102180964767,30.700416951946867,72.65034594069625,5.642432186432045,24.2285611558358
-4.3709804794031495,92.98036488809245,1002.9846451667503,17.736248397376375,94.71096141455892,9.690174817540646,-8.144604623437747
25.184298873039786,95.68604944550651,985.2690568702523,1.5363589825249768,25.291459449776543,2.947932735691049,17.61628492035695
17.034923832245518,39.577247761896075,985.1352531661844,26.865512950180527,74.21790382951563,5.495818579696362,12.84530437932536
-5.173276490227959,30.525224531148368,993.7087469325963,46.16129392431163,5.4626288766484565,6.620379004968586,0.09207944293721493
2.0946914129419483,44.18213603971588,1013.9677278215258,29.818991635118287,63.12457207616191,2.242131449280996,5.636390377207436
-9.379798186134261,91.60681382130517,1034.9342024813952,48.582530230974655,35.08478240521797,1.3916987976097868,-5.5185523816179085
13.438398273225292,97.76427796987906,1013.9847123816111,6.822555913522926,76.89094395474751,1.1211395763832415,11.229413931009217
5.063263038000018,88.74599608563808,1003.4833627392609,28.41525522974184,86.33042864353935,3.9222357094001463,4.493906342281215
19.91787421488794,28.801417690203486,985.764709323573,39.90625240032147,36.48210422175162,1.6655256503637883,17.06255641323579
4.8618903854308595,95.79423984478345,1018.5206866228191,26.27703655628581,52.55860926993006,8.233929572870032,7.918028268135704
4.995955575349235,53.86864218806288,998.9888010538224,4.553317799373629,11.740406236359991,9.975875744455713,8.161803778284817
27.15965993658017,20.744823260988294,1023.0453924542003,29.144300077360885,41.69069652234766,1.5517343956101763,30.282067378027183
-7.592858201082327,55.391499259855486,1048.4031417392694,30.586895292123582,36.08003932591692,4.894536483400956,4.546343188249846
35.144749759599364,23.685533574037407,987.7920025034285,36.43546242376763,18.312345978451773,1.231589106843173,32.34110291010884
32.61319371955907,63.5102336928894,994.8487779105358,38.06057575827369,89.44786247667759,2.205918016815369,28.00767767624064
23.39023416132033,47.0843221949641,1013.1166176669562,38.538634410530356,14.808783804016024,3.9063030481960666,21.230244383578217
19.661078505369215,57.8747946875239,1047.802967074215,33.1722196819483,63.573935753018716,4.543283917518849,25.451594966026136
34.615124906982615,69.05362885944936,1034.0266843388997,10.790559320932907,89.01426434798877,9.458046517857762,37.10612982560358
-0.7334910235642784,89.50408766542563,1042.876043521398,20.21178779197397,91.19685798632257,4.562531278812063,8.304156399744013
-6.051541890458569,72.95212611775429,1003.3600393933056,38.80649863071993,79.32396998405684,5.46649893151662,-5.9200869786569355
1.9755084954769053,54.723909478254456,1049.4426931645016,47.67134917004066,17.614113387417664,3.2102503144647976,14.890323225839246
29.728913935009516,85.55422829362921,987.198297124491,3.9473482418311,81.74314092138697,1.0011262488091794,25.421352371507815
-8.266486663675835,92.44657100585057,983.708103423227,26.77683388985974,27.65648124156246,9.094010110598216,-13.243689277669048
19.140341754174482,29.580797314575776,1039.892183893782,15.626113566215322,92.23980274325089,1.7354328133267434,25.414952383467664
39.77187580956549,62.554638204223316,1044.908540914489,11.269694715841489,70.90866814238495,9.678239569326061,45.816518111607735
32.78480469187697,42.76095677939553,986.3409750282271,25.29053417598575,78.52675610088865,2.1775969369023422,31.619285277103355
16.072284452179474,23.764895830155794,987.9399198722089,30.30446702782684,8.503245350193723,6.443906326753963,16.472201710501082
-6.817954535667883,73.48373560911882,982.3221910429041,0.4886115709740624,58.27651134435444,9.994695290709732,-6.050226720044585
31.568675719285494,89.02166219673805,987.3155293849907,39.010328610059545,82.11421268986795,2.2461813646270827,21.529233815447306
19.94892540886053,33.03221235819152,994.6593871760197,40.994106562972384,86.15903527724993,4.815487764458418,22.106097837601144
-4.253350147021658,84.99309260991204,1047.9053633237002,48.27554122839665,2.8631704733641516,8.023813020743289,0.3816982298248841
-5.30713575883219,88.27165868295533,1026.7502155567777,9.032186661234748,93.91592325551193,1.2897113486497145,1.6776071330579603
35.48134097182962,93.14723541331868,1034.498711786298,29.7276281180474,4.333873330247973,7.2080447602604005,37.09987109236227
23.46001314690392,41.22280712688419,1034.3297582584066,21.331268673819725,61.451867967484986,1.7233600410171954,28.822398018226618
31.464339965837773,92.31624521519115,1017.455162484545,16.741392577767535,69.33875276153121,3.1286812804590376,31.075816829784582
33.94894501411336,45.653020378914576,1035.8242284399112,28.281672571875234,10.73452911679098,2.4406854624402436,40.8591916851275
18.58861760241611,64.18704107644022,1021.7065272672978,39.11915466117751,4.801186560919268,9.166027884822427,20.50132063139575
15.872317587752065,24.04059766658257,1002.0182268322351,1.1526391722605056,78.49121544507291,2.6241104510351274,19.46272056962099
11.521370516049508,23.51048706949949,1019.277707613788,48.47000562830934,38.4670624797434,1.3639068596364148,16.24677611863183
5.847329389555965,77.62985701857623,1017.345601029416,40.49407928528554,10.711251531512367,6.288631106029859,5.8510018044404175
11.729798042935588,55.55839823822328,1037.6417137631524,37.557685182278924,76.2667816387642,4.115628328687318,15.762861697322563
28.693982786507817,40.50339002953741,1048.7209052167161,38.01936910902518,84.91630701436206,4.651355985772298,35.441595020876214
20.09617155075658,35.23307968199282,1008.7729795794652,19.45303548093263,58.738619075880734,2.071564703762923,22.278494962158245
34.6261644977423,73.59627926873745,1033.4373474908953,37.58102754224068,16.123680843464562,7.734110422898751,35.33622658180675
12.169000718959385,20.03212352202719,986.9834102826693,19.33851043014788,1.5222471491490808,6.4139828467916615,10.841794450541158
20.3544789359377,84.47129353574834,1034.3781958613802,44.93534147873965,70.08024813019439,4.27795340273452,21.26832826758294
21.565377654599438,26.339968490394305,1005.9991838395263,8.861119165323483,55.013967482531676,2.5441744938682236,26.740430845021667
19.584858115316276,35.319169192649554,982.7573114022781,14.617371210757574,65.07971417200795,6.341065652535043,16.266475458458668
25.13168865427582,50.89891162392717,1005.4272324993524,27.566877134953806,81.31846701995957,8.007375515566396,24.75881627264454
1.8716734187403148,58.78869917728829,1022.7449925645151,15.960551794363626,43.422777699297214,3.811575554804754,3.7923291449084644
15.618188877289533,48.399609265115345,988.3475117377027,21.21186226476367,12.451546883362042,1.2327434518473739,11.984101407357748
-4.788759859582616,45.656973198743515,1044.682414470118,24.621134469929736,93.99832853908265,2.929095862776856,7.363623485832596
9.225566382240629,97.11328096585507,985.4370689290987,42.817667440675436,54.52621272468573,7.141580370035463,3.128777328341264
14.38335343106322,71.32637449947154,1045.1004703883216,26.15961268043464,61.52941190885402,9.901867397112305,23.620976111749606
22.611212977273624,21.874636429391057,1029.499626255498,18.122992430728026,93.34114295517512,1.1203861546789886,29.85324065396822
37.526552629310174,54.41407267554506,1003.0798522789943,12.38680820175579,93.1583656310263,3.755382059188907,36.44827268241005
20.032553327417794,90.00069597951762,1007.3525243396365,20.433798939609858,57.20946067281736,1.5581878340395496,15.755839254118897
27.179695808827987,44.11649491285344,1031.856655531292,25.786805220718495,29.76114247214261,3.8471435898672897,30.29236915944449
15.313302974760138,27.56450758195106,1022.1029770616846,37.305742860161814,99.71136340127393,4.653229088146791,18.7960339741394
21.705201568816566,80.67078172719343,1027.015004501846,6.052438808616934,68.0817089953536,9.287758827516296,21.6145040510635
-6.453389193311328,68.48110655488651,1007.2415231559436,11.080459411957545,40.84366768920565,1.7250471946448087,-1.1038775837196193
2.7195790420923487,65.62500062612031,1014.146943726532,18.98270079343366,55.98368028535897,7.99420647759193,7.96358038653434
8.092654660256933,24.286124768592636,1049.2907238826526,18.01992025597573,41.583405026802964,4.55980956456667,20.22635343766499
13.624667750325678,31.239920783641388,994.9746009349802,19.587404380260587,88.83051522966474,8.30136564700235,13.692459459867544
-7.717562724880813,69.8039516970491,1009.2499330565493,39.676063232016226,48.24993748657461,5.620619667930592,-4.079097584836118
-2.9987951223341156,36.625907316706865,1000.4276231301777,16.207720148108656,82.35283759812472,1.3535383495906907,-2.050647780130635
3.8407153895652897,60.325606379873946,1033.5578057307896,25.094909020133233,84.01762978230039,9.515852962433549,12.86350351676844
38.576634545052535,63.59053488235148,1033.4808837966004,31.195351642894824,82.43323377352483,1.7446065709106966,36.56896120877698
6.567350355152538,42.680575221675156,1000.4711822698177,11.608927509180255,72.21886124756745,6.379151522803805,7.417114784282367
14.102052905604125,95.87401244331943,985.6973221643088,35.93476935737694,85.48777168075819,8.899009866401641,8.605268370215818
-0.19511436308035357,87.397128546846,980.8002873670542,27.355565986914048,38.722957962296924,1.717928179751745,-2.9970335661694563
20.53900355378841,77.78988061062388,1009.921537326974,22.339058151568903,11.466320614196036,5.985040495744116,19.460743066434325
4.034160775798716,26.239509312752727,1008.7236316035039,40.48920133691569,84.24542043725145,8.41860887972007,6.3937047061238985
0.34962892192133843,28.490401544721557,1049.1872915047904,12.1747629592591,49.816841568734525,9.876922377812162,15.054004025017608
15.828631422298955,59.422507669196456,1012.8861452988376,44.15879853071616,12.737603252785101,7.518946607326191,13.053619561569725
-9.724710041978959,32.857067935278856,997.9492858702795,28.052436768335188,11.531252218200795,3.5050093791696426,-7.57133590927615
-9.616798367538733,98.26123708235792,1042.3860608722027,30.45874396898291,15.92423940098927,7.296132968608685,-3.414171190524255
0.9534404550928883,32.68161872219275,1014.3747564757505,43.75294820844714,75.09732596671059,7.3519009237687545,3.6359929863049723
-8.163931874958942,58.99742683711792,1021.9422944647405,40.879134392466796,71.08566734662811,7.299694108941557,0.0335017619550495
-4.598712293465431,49.12968454732044,986.6968097299749,30.078103441095017,20.381868018488326,8.688343933837952,-5.695093196615595
6.943032466937581,71.15091371632784,1006.8041485130842,37.659385192408706,84.69234181097953,1.7864205626754184,10.461211821353537
30.129283978990642,30.322912711153993,1046.0956572131652,21.66597451164484,28.12947955282449,1.9757786087389002,39.08535255318541
18.602432168465043,54.42531424339127,1021.2653768922797,27.368887674987313,79.29855833149475,6.765554118030023,23.749515824831747
15.63338629782082,41.97640262457149,1004.1151298599723,3.1035068354255566,48.88059077349419,9.58492986488369,22.166572246313034
4.674441160406083,91.02012197373504,1023.7967026442116,4.492895900002342,73.1548682538566,5.192547750273214,8.198981678269515
36.587685971640816,23.246856970775607,1043.7287762704682,41.4712702093166,38.13876630735658,9.645064314631076,39.699588256697126
9.850752061859584,93.09819952051674,999.1793420330813,2.983582784124833,34.714059709477596,9.442767335645385,8.446989705157977
-5.645361660211425,86.63953108424003,1015.3581702929472,8.469956281630363,84.13595989593323,9.126187644108876,-2.9828233788762786
20.853325805890066,43.805657315265236,1047.108345773823,39.791632947522075,3.5302254514069653,9.188658773776767,25.879162023455237
-4.30808032616993,83.14325237416838,992.0677300308917,0.05729753141281435,97.47369472575073,9.084869139951874,-3.204326965501139
7.261157140084606,22.497084827099805,1030.3764747917699,14.120216442293215,64.81795582653734,8.37900445185264,15.599268751139254
15.370596935890443,97.34924402347148,1023.0136705742087,29.20193289133109,43.24833881994421,7.254810627447973,13.76460244655992
33.71112623425879,62.12759540718315,1027.5772591798445,29.772496573464828,62.80545311504252,1.2196736073334742,33.841408929674245
14.677329017005935,44.26248208523562,1004.5853741467299,38.857645411473676,12.27409464589828,2.1902823294044724,16.77761187747941
25.112938301583213,49.00665700757416,1001.9715561438635,25.296312724608523,51.40524552935476,2.2080884907832043,26.369217194274285
39.64084194995352,25.31242827683979,1027.894676941186,25.470093476548517,98.50955233397977,1.2118625585163088,39.3745704362818
-3.425544005100919,99.14796112336313,995.0880299573182,36.26552877703502,23.526943784670685,2.05031591581273,-6.000023412115936
3.7365762759759757,23.143355612055394,1009.3758321401303,24.931223163314176,72.22780990363495,9.277717902103957,9.201748637519582
9.72880377988232,72.39256985182872,993.1722252237042,30.424554328180843,43.497137583170066,6.974238582197073,5.567643647445002
11.091408926941568,55.41887421651666,980.5813388786331,44.88870341275255,65.24581484879536,3.808657164658802,7.597541845654943
10.551053763277288,95.91329745509721,1047.9040152026648,20.072550380618598,20.488722869177543,8.140240110130119,15.773297882826768
35.380550127827746,39.679979224543615,1010.2192085059494,19.256253545961112,47.04649826176024,5.395325382593659,36.50680695984643
25.70163222334282,62.566945915040904,1047.8544730093877,0.17744959323856557,98.0092713859275,2.279143332242889,32.16464623964769
20.395260704535186,58.58849668662024,989.8226463837478,30.671313076061598,19.52871510160096,8.960518731038434,15.826824347689275
5.468635893139105,76.22931552400811,1021.115674562024,1.488595370356599,63.64450278487571,4.047957516128252,13.666976738177048
31.189519211064734,25.44081855619364,994.0681822953868,25.207424486415814,57.55977487667954,7.289733074769048,31.983935508139954
37.75302557424945,35.50313040186839,1035.3051888874293,40.211689451611335,56.50515862904033,3.6153474444964666,41.64045465579611
31.059914127511327,37.165185607427986,1034.8592092132683,27.496053525983154,61.512328965161714,5.5006412560642,37.29145337950334
-9.921744740426355,79.05206038733517,987.8825004327518,13.4818082608338,50.22379736882281,8.346274403773739,-8.760144864857175
21.82006850917035,35.131095706139206,1043.8445117013473,39.30842107246856,1.6930750257658,2.4109961178193093,30.920428048926237
-7.443230927894964,65.87934111127814,993.6240753042257,13.485850204126942,90.00968114631178,9.795262557153505,-5.114030891613933
2.880361016686093,37.21950564007629,1022.9084139112553,36.651589047294934,82.69788274840309,1.6319433057465358,9.077923967848983
-7.023764982611416,88.92999600671827,1048.9943534061392,30.51292275951156,17.416768092112132,5.806080187664537,2.0093639147705478
20.189772647469386,95.37483635917108,1041.7677574336456,8.499814837400061,41.3273177378869,9.244229674167531,26.524207807373966
24.329495674630337,61.479437995379236,1046.9594749992818,45.256693742209286,77.0548980693568,9.511244963942728,31.566900077165872
-4.275618096704744,48.18471073673426,1003.9819139852683,10.032184147859786,98.00623153872844,3.088980665917984,1.7923208457794741
9.191944152248976,38.72462200139993,987.3902949553624,49.47935370703349,95.11370464417864,2.2958648309332776,9.382983044405917
12.8118254477771,23.9824801218435,993.1842811302615,0.3655244327470386,89.93591996761742,7.519627002861019,17.322903990957904
8.45265108804583,41.48000609579963,1015.034642655363,13.174168857145151,15.837389729913964,1.377762114486134,15.434082719295366
-3.9487499757403475,72.33886239562543,1035.5260774791325,9.993014863709943,91.44751060090049,5.367150721272829,6.2831782864815295
10.947389509373771,62.68935450473687,990.5107550928712,0.6996705085231314,87.84449129510794,8.167197041138637,10.358594293085586
27.558902390420904,95.52330226247419,1026.181207258253,36.61839500736578,37.69499111663895,6.042292520651505,28.515586768904267
-6.449616773337227,51.70218099933605,1002.6504322827658,34.67129010497981,39.452259453626205,2.6921193919660453,-2.268358171975036
-5.990999295904827,75.50906738627157,1003.8841450674507,39.617548217746524,45.990892195516075,5.383398695229669,-3.229467198190645
7.738564591799211,59.14581979800971,1026.3342411110548,12.834927323228262,65.61756309664169,9.291472448040036,15.918402762753345
37.08628558094625,61.00609727393693,1012.6899593673254,22.216758354148496,26.083561598301575,6.554916802398491,36.9296354494621
23.428632336145704,41.4219451683294,1036.8423305118197,32.95567608107737,2.2948429439944684,7.493415648121179,30.31113877128226
23.933497833628238,56.39606214735998,990.9142956763978,21.988425194407178,14.122952459724225,4.026374916962634,20.590674211969674
8.09599954189325,57.66279976101658,1035.2963788836928,34.86628851589579,44.01159075767737,2.6963539765085596,16.816341123986426
19.68303956042692,76.53140173991471,984.4964673640195,31.698670422022108,28.200256942620182,3.3007800690964326,16.088981492823777
-9.49344079861283,95.25119993488912,993.5837716171924,5.732390151108824,76.45165610361319,5.798598343842654,-8.686443002907623
21.80480232047711,46.34570219860034,1025.9304800152215,39.0521560538484,10.669007054927137,3.5219813824963335,26.96553876989453
35.66434737881184,23.376037486503876,1039.844795955775,36.03381795462591,91.74652255548038,5.87768308683491,45.795301764225705
20.62867341724096,59.703610040051174,997.6875739417544,32.79171938087026,89.5327179943911,7.370127346385592,16.4337847200265
33.68492967331725,63.55690657193349,1002.9034124080239,7.754680313550116,90.87568169332881,7.609562885532713,29.987950296244495
26.198652773304687,33.47524409055322,1017.5984523800718,13.399822439768183,73.96099986033266,2.4821644569498407,34.93122268275885
-3.9720791798154877,80.83716850208533,994.8100964542512,19.65885157938002,10.69999714835993,7.753877639504768,-2.751279209232571
35.12266536429209,98.79432867531933,1036.7809383111253,13.996481082822172,43.813757136956674,7.0541932563312315,35.14977531541355
-6.677807782211255,95.66197736067687,1034.1545651504032,11.390514533806574,13.140537180546374,1.10804620031836,-1.0062072411878982
16.69837362738819,35.76848310589217,990.1704198376048,40.26788350808879,98.76991927610827,1.5298495758077575,18.261179736987742
-2.8931438103271168,90.02905919206086,1012.4680812271642,31.911612318010118,33.30384233986733,6.816245516743423,3.835629211651788
-9.414669463454796,76.35949091293477,1034.2379436658234,28.273606577512517,58.53305418900621,4.453335096073387,-3.7195941774401615
11.10171300638195,56.30772510455293,1003.613067177239,11.297635542662693,77.93930542442217,2.314935996180993,12.715162892134476
4.7520353827078115,63.248879545978326,1024.3174775902412,45.90382811343206,92.06160842256455,1.3995690325266992,7.630295687352218
14.30002468988015,87.96801399859665,983.5149185020301,9.559151954865813,75.554772584136,2.434585066051878,11.63258999771018
18.85999433672754,58.41079517106985,1022.6082132370523,39.74754664123385,67.45037787662376,9.61762567889455,23.206773101330114
-7.813046384552632,49.85658952841015,990.6857086000425,48.33363333526465,46.59817820381513,7.5480907741387275,-3.2015763952331704
-3.849835243812718,59.45979944207886,1038.1408327580116,36.354636461211804,60.5400133750524,5.7493487884086445,5.4076857432745875
17.93211982252127,66.33038432280392,1004.8814624506335,49.642938759231484,9.416380885282983,9.473864500491326,21.224609115439453
7.158367658632912,35.12621230226791,999.7087703909737,32.552555848897335,88.39225419612625,6.571993939134435,8.4536973254429
26.4586743774724,92.07261842135925,1038.862228369804,10.873017180194749,54.37773088398854,7.530806694526006,26.74066603873824
22.614582429596986,73.93495590636911,983.5100816150267,10.190974685825566,4.01350504349427,3.5438663665528485,21.263250687243058
32.28021814949534,70.6615133869991,1007.7626159534042,16.228214212773818,91.99021256598975,6.300836592302762,30.38391067767572
24.624641333461263,27.95969809445105,1005.9002478402522,0.3565010110503031,48.93019738368687,2.2912951986805625,24.80950076454074
11.496553869507405,68.33391505380735,999.9360261974685,34.08492350414173,86.85891415610017,4.640348306779979,9.959389395915002
23.648331119721618,29.676852979079385,1043.8228032401034,13.433389231391379,85.68879542053568,1.2991629248794911,32.140001546077514
3.769058712770926,26.295814015631926,1032.5649875461706,40.75916161463764,81.57515874571149,2.9496527882441246,10.654328359983738
5.315674938910634,62.18487165139146,984.4746214934357,17.958632527965012,6.140301929535608,1.6738176648040723,2.287474189390655
29.449257996039663,52.222842723719594,1030.0281214604468,23.997824673165635,24.706664542420885,4.490009375565082,31.743110591093117
12.32097582007911,67.10482161249786,1016.9109393190156,48.28444582801846,87.55478724654307,8.587316481746411,11.097795483795409
29.919017025917626,27.13777344457909,1043.0607526081105,12.108606152363855,89.89910560520939,4.401406957105477,38.384087258022504
31.12111868341392,54.47864502778067,1001.9061932143851,36.06270487148698,45.80688623688061,8.48475663395179,24.6898433234771
32.87811688306419,33.982937203612636,1020.1913399726708,37.75588946527086,44.004146765420224,6.908484813209986,34.549520752883474
35.83176179206036,98.96800687392933,1015.0528692318691,11.049907876181758,17.514063388614975,5.58576501967745,33.28401174052484
11.549261025664812,64.89201699481396,1014.2692634359324,25.049841830609783,96.84107886911512,3.1320252393519747,13.332325456592597
5.9433409160569415,74.99494887526939,1011.9273779662049,17.510096265648418,21.31384753590432,9.299404835597372,10.152291544416903
19.109937329705694,46.033462454608625,994.3940632872597,38.59531217000446,19.093678435076555,1.4878072795782993,15.048991150061607
8.558621171881377,27.579113182347534,1032.8996945744675,31.12416595145187,66.07289701491743,7.200217159289338,15.045065827356671
20.05370834001165,98.06966902268293,1011.5935222917502,23.799152743027353,24.284430300044768,6.59115903528432,17.089079981304657
25.279293132191228,42.90072283065466,1047.0961392501824,38.968163252385914,93.87716110143897,4.969373700308742,32.59680319963685
24.42025092460684,53.90465481388594,998.2565899034944,11.757778500420851,1.090699531779482,3.162888597633448,24.032455633400293
8.727644351006067,71.98911373620601,1027.7920687738929,37.68109402921795,0.5753262323301311,4.876263431607402,16.230856179566548
-1.6569899150623595,21.975783814888903,1045.8501955747377,43.268715604641216,50.487680143559956,8.854954529980786,7.936017629036683
11.526466923110377,84.82073044138295,1026.4420826111266,43.93107984037862,48.8062459913472,8.530894992294588,9.991619051821939
-2.8702927959045628,62.926255202289624,1040.9891035332175,39.18367965098019,16.33640219009105,9.472431249793264,8.293510220597694
34.504851759190416,42.257374965505775,1037.9236671829904,20.400708349913437,49.451956297028445,3.770138859627232,35.755331490159506
7.293873036892869,24.92863882339754,1005.2082400842303,49.09040113589135,41.16611051699864,4.483937425319857,11.898342354125202
-2.2770126388338108,32.99987323795531,1022.0086757957647,18.979682191121995,89.03295253423687,1.16853537393877,3.8195265737195028
-8.727612004712457,91.60270870827495,990.9382937867949,31.931269955121284,0.9253920216963474,9.486549952480074,-13.84114303209978
22.291119314324213,74.88193791487129,1017.486811788692,8.053708903473433,97.62698050329523,3.96451082635542,22.427665119489536
21.84511587273716,39.992137730951185,996.1295380270036,49.022444931819635,62.43927642958425,4.637474393796939,22.136285855764367
7.030208329064582,25.24806119560236,1032.0615770466711,35.199296093233166,15.184344564527564,9.170241503026551,12.561561759449567
-6.4144055576174495,75.24922499093091,1016.9640895324487,37.66887726231842,4.676001381116624,5.739385871501319,-1.6588237002082549
10.4814447447616,65.79261807742121,1008.7859153842162,3.2888351705572303,53.81056585592319,6.095570875799302,14.324991258331133
5.56087475316968,52.361561956658804,998.8157967316885,38.17089071103359,23.48901659718201,2.5860955433582515,3.9082632748245056
23.856031986750466,49.08891593520511,1049.90889372889,38.73617146103007,30.116553700125927,5.48794018736789,29.444516822778745
20.288962472634516,37.34514207432866,985.0197364619453,33.58863631811149,24.513216483451362,9.263877408178967,21.485685033833594
8.229686409877,73.56890052300142,983.0492476400694,14.595480689517181,65.01723135725108,6.028462792971334,7.13851975801738
0.8946277127495055,97.65344222350964,995.2080180345705,24.484502108044076,55.352896211613356,3.2960472817578226,-1.5178491514123615
39.40179830777959,34.05721966694607,1047.9750721039475,5.521718565435823,7.79744235218115,1.2806277772128656,46.517716838085136
12.700081059805743,67.76932960124027,1048.546671782399,23.57935332295763,52.65265331751754,4.026715961086612,18.106029017006733
24.413711789011856,53.9348044596781,1025.8449414340496,12.191192630020243,79.11897655632998,6.153318226580121,29.931443604262306
-2.9723516210819607,55.73509773957319,1041.6074667044484,17.454849324704103,8.119459082032431,1.383519595337471,8.609590971550807
14.27948498296989,40.33178241022515,994.9773211588557,8.13002042018493,88.97389762304199,6.488133195620406,15.992928625697612
-8.623164006526725,86.01079005291352,1048.0429465923637,11.502718387344851,57.83066494477291,5.710724444063015,0.8821657726219019
15.272755895522497,58.82044833177929,989.9949395097696,3.828432091005812,95.06244692703166,8.05091922249914,12.586432216555576
38.200870355885115,63.472468175861124,987.0787631727161,45.99506832184607,14.814121772237565,1.2599935504476565,28.450930554112897
9.210335649290013,44.38087302378606,987.8548077473091,26.520534398770167,99.35649993533153,8.027626103368636,8.377300414268422
-8.05019937125442,34.54467725335598,1020.1189546290796,19.837098563136983,64.42728659696768,5.687893411822962,0.24494120098799224
-8.452210454032823,26.87283105622564,1034.6682080502637,26.751460638439195,56.749419948106286,4.334763995017403,4.653707799967627
9.399337997343473,77.12953127399328,1005.6667024512243,31.414661424077632,51.52796241120854,9.688446787229417,10.943202593538873
-1.9987531768402977,35.69874253502845,1048.4527191450288,46.093939668467456,2.3654373098312753,2.441075925124477,8.778037061932606
-8.832395183590705,75.20602833510381,1010.409409668283,8.934647614315667,93.96391915495781,5.871926071819958,-2.0282611345881554
27.810680697508843,51.23011568375631,990.5313985541252,14.77762493176088,64.39944728541982,3.8888332623323056,23.49452551708394
12.926150444094535,53.261984079172116,1012.6176723730296,48.789466817205735,9.162648449929122,5.747377409158022,16.334120440797474
4.462238598632727,57.53419968742173,1027.5326015795708,18.55964933242622,2.0952170294524897,5.970479073223709,8.811217175459458
35.00415915082404,49.41668065020345,1038.2558046353065,1.1280825378663817,5.078363923675133,1.805034235823612,41.96155645471529
-4.1930519899737195,28.049598177807205,1012.1137802969615,7.382174631857941,60.93957634322407,6.950216322265147,3.61320333770913
37.79594144776596,44.77054480022766,1021.5524778234417,1.316935087427601,61.40154148945852,6.710333463271106,35.715358212652255
5.698335868867641,73.09874885551508,998.7141298511198,49.49615712103642,49.96672917814411,7.925205471710176,5.788311529775315
34.42018361543406,73.26275211750968,1025.214156848386,13.943542449561154,30.676582065295154,1.815926442932539,36.100173827499574
20.147143823973078,42.897944579199546,1049.0180360765241,46.1771378468113,53.174273161464136,3.6753269221331903,25.823925094202046
31.33536798707437,56.80821012461504,983.4337500811456,49.794313787985786,51.63018208762578,6.850995397552912,24.373233645028527
39.20065816052321,35.475778240954995,1042.0571469493618,29.992061057155713,1.9415559876565625,2.230577433240476,42.97237560694561
4.420271890937286,36.82976652238686,1019.3597751937266,1.6598157532780877,28.246923032749805,7.098383897095981,7.781521651648285
38.05677427037965,21.843767072528593,997.646906169361,4.079581519346348,5.318534146714948,1.531240397383807,33.31435726726696
9.474094745121018,91.73972399261957,1046.842279700648,24.079452755393888,90.01547514476555,4.014383976636649,17.139423207531593
9.275595236846115,36.8565332059925,1013.8348012141229,20.3086006455743,72.52231627851354,8.620400100992672,12.347388109858363
7.019355212725284,38.202710154917064,1003.218317617137,30.30886528908838,99.61151701929123,7.968621613430441,13.588067715691988
17.07038036737926,42.368114611610544,992.7048339789588,21.942390485568197,30.21712633052879,6.802846437043791,19.669783318186777
-2.292747841075645,30.192645735634322,997.1116547179663,46.70384246357422,87.84858477569102,8.83412574962591,4.001699389290668
17.68557426790056,71.14103065450902,1038.299432911401,26.736985770675552,60.305426793248174,7.383425897549804,20.44892341859682
17.0852406205002,26.011436254206927,1023.0087006522016,34.68630307312211,45.31254069036049,5.674375946897227,18.941727197401583
28.095090630243497,30.736194106108023,1043.9271933641821,44.824263632124826,22.25731112886351,9.81745750347208,31.596032717050697
31.68249809687928,71.58053812720743,996.237791651045,7.343593791660369,73.83921652861429,7.253704718103876,27.379259935938695
12.022067515621202,47.172849638515416,988.4797001694232,11.486732705926428,90.41407489043,6.412304591317028,7.396088341612661
5.116662467574688,76.63582613609512,980.4261271682913,5.365933023700753,23.530839807537074,4.679835048582082,2.063068052361192
2.9667448658547233,64.59397957361136,1015.5503426331196,6.981919961495614,17.539033497361256,9.121712487211454,6.934314111958544
-0.268808164756404,40.48169384492105,1049.881485126739,25.629198346711657,69.6221915004867,3.6613818604449353,8.144898460865267
-7.117620890048756,72.06623603914625,1028.6475688173048,16.0589629483732,97.69731627255192,1.082976347898124,-2.4020596609877516
7.122398941735668,29.301894423430454,1001.5876214375602,21.158641976337744,74.9955101104078,2.7706647018912394,10.44890162105642
3.512384606539163,62.91283064640243,1041.380100811832,49.12449158970309,28.45807390476489,1.9856574274812324,10.415864102756355
38.32086929332037,54.97184840360277,1034.7205586191571,7.835217389797405,41.99554241477856,3.8709439675576487,39.20966861441731
17.885441312502195,41.42988662539526,981.0790616253578,27.040603539903778,38.43176354583717,8.432908097126095,16.282568471556264
7.363851951525376,68.32039981916,1037.1802336378717,4.943557752682548,85.20950180470454,6.863767168285067,14.397191347286102
19.0233800496848,89.7066873872226,1001.0368730066947,15.92481566319393,77.13707788722239,2.5208253031034125,16.44639993713556
-3.040164932715225,99.91237598104614,990.4771425208521,26.37629618372993,58.897543476152016,8.099395489831046,-6.628401950063466
12.202187460110146,68.62102149947395,995.8431587815952,47.33158729826689,27.495911039690323,5.537978794894625,7.225312881390879
21.31171607105319,52.376469946333614,1012.8005863062597,19.561411064174152,93.79885277220562,5.614431617064673,26.259762417220248
14.444891589622568,38.01656801729613,1009.7407548947608,3.245334810733491,65.33152247691466,4.25900962882786,19.79629073638779
10.088940032716213,40.567687151608936,1000.2221109561958,19.408072398015847,97.04766464417824,8.781547283398211,14.404560385330123
39.69241944498491,58.356398251981254,992.0552825544922,7.287058793698886,58.011703304203074,3.864945734702134,35.346724741889716
34.01573810744635,49.38221610245674,1033.3561552749518,11.499480664572264,82.11927583636141,1.847257846027198,37.06319847662674
21.170297907972007,93.10516180999554,1049.3076848614442,30.904531158249522,81.31053793945267,3.7245609457475055,25.378585809731486
18.46886805911414,49.46363741245676,1034.4454106293783,3.371193310184084,33.732877683359206,7.438181916410971,21.070322085243532
21.033023991229204,49.87556729163484,1000.7155877370079,23.236187812501868,96.40207229572282,6.91823698122996,18.60426684043384
0.06560539112166275,50.68276099471816,997.1366272988494,30.47307930053822,2.194146759756399,2.6921543819822005,0.4524340766197079
9.756887163215929,86.92961682941265,995.2366113246156,21.092919618374843,76.87109087674142,2.006058691944478,6.660697615070605
-8.027023355455034,72.06306566775214,989.5686552142325,0.956317531186518,96.55570857640438,6.947791825615717,-7.959924058921704
13.777301874341333,69.13350802551142,1018.5931384784611,49.27596784514327,33.890820328372286,7.08739152089421,15.17081258116272
17.151229197883158,46.73144179070897,1022.3780260367341,18.355788367026765,64.8110587790972,4.295346734895136,21.44183843102842
1.3874868051604796,85.43233414659515,1029.3851862464196,38.928859346663344,56.22232498442106,8.585212451761718,7.5918414017913225
38.201442358275685,23.06910890845609,1027.6149359653568,16.28232460937266,76.15073096765236,9.803846834199252,46.90133977041786
35.4727305468621,89.66377378704905,1000.4633317898367,23.75083784967094,86.61779216450523,2.8508070110445587,27.334976457563958
26.107161772795294,61.019991983514366,1003.1217703777793,19.423182130549826,60.304456929954796,6.193618441354255,25.101205026271142
16.66933143826813,51.860018789073024,1027.7060174809637,17.126961475480385,81.59045863814569,1.0481169610354524,21.61073652418656
33.498457982384245,59.773382457414854,1004.4613348548539,1.0925688603889372,31.228557588925522,7.417489564236586,32.27799433411274
-3.467382808826854,73.39324244270648,994.8836232733519,18.001046892725174,22.85870587048169,4.72853902206986,-4.6558927784838255
29.52548971374425,21.02123412143179,1006.2035307587718,44.474499519976504,43.06676895328402,2.7394230421284833,28.28737727349991
-3.758959301657585,89.72414851665982,999.0458910304584,34.519666929684185,67.77365995807833,7.769997295879386,-3.7613357558249456
29.71053312747027,55.73916202491142,986.1818904853004,7.271142954771992,18.72469489387236,8.295839178004726,24.467846474798804
3.788378412567848,47.437321576006255,1038.1097231593658,29.557750231136957,68.03521921518914,2.0004985105834354,11.982250831284206
33.85452905090945,31.059645250724568,1039.7177972409925,44.61154299744358,39.40936485720673,1.368961856542306,37.526770940400546
37.202104691269895,55.15722994867537,995.3825210116815,35.00170204824277,79.5575273892632,4.006705975022055,33.04981944726804
-2.5602015297442184,59.705821702750306,984.5340539667641,7.434219617834836,3.6835817103303303,6.63391419184932,-3.5508408632486086
13.133780253269677,52.29173555947823,1031.7179206145825,43.39162483672484,66.79826378293944,8.140775744697699,17.88341970554117
39.049368908134255,74.29280750615177,994.8070038104389,15.077200664443268,64.98223366499677,5.914562469674119,31.95382434281247
14.170371798657332,53.67172230073808,1007.5404842605802,22.70380721561709,94.09354761253144,6.226738986762825,16.0683517404197
33.17737612572726,96.91340622772587,984.4894676566169,26.30713798445732,71.33675535640704,8.198723995776021,27.484552702798073
19.436576106565994,67.94220142588735,995.8388709330904,42.525330218909765,79.63018964232812,5.759590367968834,16.857245405560327
8.766495395980094,84.59823485215271,1035.5031594830746,46.580374757383055,90.45910158531683,6.500390412036705,12.32385824776901
4.28917777629351,28.748472248758308,1036.3077512840641,46.4826438895278,67.50519182919878,5.645956059789033,14.102366863077144
0.16115455430436398,51.78330343567246,994.4959377421397,0.397709063927032,29.01536349599746,8.924124100309335,0.3417056154829976
28.089909568884863,46.94781611577221,1003.5139691574683,46.09442427927286,86.9773799583522,3.1196495672658,29.780815151392986
9.327025341151394,65.55859105092735,989.3966893365621,2.7193483000786167,74.7578119475975,3.3759422608645844,6.845640256160139
15.563773110037559,88.88908160491405,985.1920841199445,13.288682840871768,42.443760400089346,2.1516531544164317,12.991781085824766
14.616274000059096,26.267057420960533,1049.4520200113886,25.749392736391645,71.05291726499621,8.375200763449795,25.94662164577475
18.863951461656562,25.80598384357686,1025.8915765871388,23.9962844502197,86.7688877181142,4.705995615061216,22.849469577472252
33.27885728122761,88.02541665260792,1017.9467556438823,30.235489694369598,97.56521313912715,4.1310454679311945,32.44300649223222
39.03696717917147,37.02800688306859,1033.584895028371,23.97231143685029,95.23515039590553,9.832138453784406,43.05392576689
10.379210428690847,73.50026035598509,1038.8054011781408,46.71878398202104,32.53278267641415,9.341230297958068,18.207136302332987
31.37594610531515,63.43025058886441,1036.470033763131,12.02744241072935,42.16937137181817,9.747889139122853,34.851024589024476
28.226389732735882,86.63148759097835,981.1577614502913,13.701234701924292,10.953660497737127,2.2806909708282355,21.33342808494952
18.676447572778663,30.00711278691228,993.0765528733349,46.03689678465281,24.7544287018046,9.021266318333497,17.104524449840067
37.80235718059666,30.382637257808902,1025.8433711482483,3.8369756872628114,88.24212084869502,3.9583863944870634,37.899338968054195
0.02372577642013951,64.54546882226461,1006.3031543462774,30.478041095240492,36.0849926279359,1.1139109319067626,1.6416453718532216
-4.53678948451893,95.71029226866968,1048.7737855742776,34.08679760328054,62.05526585948811,4.521685023847619,1.5468367241251877
32.69809834777111,53.19982066966034,1026.5783354846778,25.277086171486975,66.59656183070332,5.582767178242537,34.784410321274805
11.957490831687416,46.1553680203756,1046.9584236110445,34.71159394115686,78.1829275143312,1.9739838121066482,16.933415388138158
32.34844271035303,68.53514585583086,994.1012537152055,8.63773230059835,18.280003024563097,5.8390985518683065,28.21864165521076
34.654510259770746,94.43588804360249,1040.4769919680516,42.63161163857699,30.48131346144355,8.375172257590584,34.993933674640054
-6.877120319046428,86.9542266275699,1002.4946614070658,7.001284473494279,44.83363414581806,4.398858557552746,-3.4267360630248667
34.17323814930303,99.63868885865759,1049.2695365766465,20.040622215787486,36.48410612382735,4.17380325880872,31.74492634164791
12.415952768471108,21.80548665619017,991.0382070451203,3.76288006541029,98.29052328596897,4.049293782076097,16.68952119150921
15.521624450211611,29.02865157702098,1016.1437873186828,27.260553940870007,83.49408032137124,9.307850012953228,19.436481231034133
21.329625554660513,68.75742106932975,1035.4991173685985,33.48729037128196,47.9686754620486,1.4388228891117918,23.910069367643626
36.31913033650434,85.64611514670798,1010.2849736422825,47.06108175476453,87.9268626086468,5.005685277936598,26.480232793184516
-9.044195278511799,42.81954738454132,1012.7658842131352,36.96680979480004,34.76529475832968,3.381395087347452,-0.059445310152294706
13.842173415890855,39.1368870427375,1049.0449056854018,27.055145822707555,78.58283238902646,9.044263228487448,22.992472771785703
24.386102121528033,82.95806395049607,1009.7715705210808,46.63085085851669,22.367559810645364,1.8644703722542353,18.162813869450012
26.135347884911425,24.510548308258528,1022.2850470419345,23.921841902043827,77.2322045226366,4.702984900123697,31.151269948534946
24.6266215768554,49.55061180660681,983.8177762472606,28.06028265494347,45.64534031957284,4.661345368279771,21.827188581834502
-3.278243529593907,60.46473780738638,1038.9547056147183,29.80492638350479,10.749932099224235,8.995549757923204,7.1743618041527455
4.969779418584061,64.82789394802587,1025.371763428568,20.498986294328343,27.32624545555823,2.939441005368725,9.199518650941423
7.935776270850674,78.28921254342215,1008.281407200397,41.924134528291205,40.227462402356466,6.8040586927145,7.652269318271459
30.221860383975248,48.38765787445266,981.1318677968164,9.258796942252957,74.92929116644372,2.2096551419901016,25.23879341835675
3.937993620727651,69.01474757396858,1021.4168174415453,27.7421095185804,7.298271473095086,9.585781426724884,8.847429139989266
0.5352481933601574,66.83003382327651,980.8860479938913,36.1116628093597,65.95469950926396,6.337134633450573,-3.13109836624037
37.87240095190481,63.80928805229977,980.0842529736312,45.19880859382886,71.60136409328436,6.636310572886033,28.05351424712788
-9.556835744326555,71.23866345137698,1023.1268993504548,44.19591982171392,65.39213699257515,4.90396061494425,-4.69875962286505
39.89104278409891,40.7559336854461,993.2311947134187,25.437014471507098,76.06696381675556,4.0805444139969005,33.90801261247818
23.841064942869778,26.771900286770318,993.4321284802667,32.158072558167085,17.81686160228383,2.9140878654538866,26.734331259707805
31.423464972455854,29.541733763179472,1025.729009608292,19.711886806465053,58.710335506303736,6.43588978449033,39.07489708193742
4.730969817309658,37.96659061231209,983.7588031557563,23.408888144010014,94.11449472038798,9.591055708134142,4.470192991047549
-9.284236116647001,60.01583484182282,1001.938389303219,45.31328962865248,61.07842698045377,4.238118586831627,-9.440963585559887
26.893475928076505,87.23542004368161,990.4602331499414,46.5351996596237,61.1336346952953,8.948411997958488,20.796080002684644
31.70722985003379,76.10346736707072,1020.6123458857573,44.77070290335099,73.64396421132689,2.338986815625247,28.751979684921267
27.023806597675957,83.12324833616377,1026.3235608309178,6.918543090681911,33.3204232125859,9.425134187936207,30.2723449762911
-2.8574856349580706,48.07804991408731,1030.479509751933,42.50420106653181,70.04759013215406,4.154376555082689,2.597316435562199
27.671396112848456,52.372299331884015,997.8661851842996,47.418186551074015,91.6233833313215,4.417544904340111,25.72894764431859
28.446139105382052,51.494550879249026,986.2474826145609,18.062484728680232,1.0895473025342994,5.165580313308954,25.321639503768335
22.927025783502742,35.34985475236012,985.5078559859328,25.932314471083462,87.01130411088653,7.464198429528852,19.837023188897447
28.30579663977931,24.897332651485762,1009.8306083915506,38.954762790649795,21.86183312588591,7.476880903201317,30.075093307877538
32.296071983886605,67.27328742617814,1046.20910863439,28.103906878282437,45.59232737003752,5.316297262476987,37.35303426040345
20.680205711872922,99.13733467364689,995.2410323972917,49.674176085312475,85.2347800952638,5.708376093825423,14.623331174639164
-5.569764301516047,33.34637639602103,997.9719120939085,22.78566825784142,82.3912127456629,1.2700943899672705,-0.6509370365236027
14.381390483360544,23.7347855919419,987.0622161474101,35.69713556036888,89.19274781260559,3.738670314024931,12.854307851886837
-6.117533266419747,82.36253454591463,1022.3899191725751,39.62955700982721,94.0416792632526,4.114153668075485,-0.12348641892677747
10.377151551621541,40.20688053477794,1027.5911011763023,24.70502078792197,44.71569567717586,6.028545418531834,18.596535669431695
10.35532445628138,86.37150442823427,1025.0051845712533,42.84919028556879,65.63638108010069,6.02469790634174,10.679505227616987
-6.699507792987921,76.31493336276122,1040.2791170131347,27.30772956035982,39.04784405261067,7.389098179550858,0.6281278619255974
7.441026698473966,95.65388296406437,1014.049808451825,20.58253984008157,35.071671749216584,7.453245665962728,10.579347677728048
-4.450095060434258,52.714178860533764,989.4119928536945,5.391183692597351,43.15954105976695,3.116896517908747,-4.124617008882419
30.411760500461106,72.95758715605074,1000.2583591493088,19.67067881752121,74.3076134782676,7.931684359943422,28.277186167145707
37.38440129822354,57.18838246506166,1026.3700981394945,36.69682273666421,50.14407471415529,1.1764321124165384,36.205116544113785
-6.38417623710307,70.44709578468348,1022.9185381619092,46.064320584005365,81.4059674448342,7.445456961460485,1.628402984277101
37.75576036458507,55.967912480618985,1017.1702190820074,12.583970193015514,74.52184771961558,1.918549931674808,37.6881911214288
16.12882996683726,35.09057971392599,1027.8075093082082,17.76177586652513,2.0478461124399328,7.566833875790971,24.706053733882644
4.978283897693695,60.63179328027047,1024.617359526131,7.69804970522131,63.02381571061616,5.7440628151156385,9.16604459735432
-6.156896236191825,62.286736114995385,1041.6927422625465,34.53614471144844,43.65711233085911,4.93529050614783,-0.18625395080166163
15.03121340352089,84.84830786081288,1021.0211464234808,48.009421500496266,45.662898915114155,7.215997507852861,14.272848738222805
29.72577722453743,78.84165646348649,1034.502095109039,32.04761099240878,81.83730538698947,1.3273375037250945,31.05787875640697
25.354323863334905,73.10332991531553,997.4095009176527,30.853826500311314,54.760798608467674,3.011232931080205,20.750179339208948
-7.488699426801312,29.0709676442058,1027.4727809212347,27.674496525021695,88.56218234589471,6.547961282208886,3.5627352401664822
-6.354908231604824,77.6493032530972,1043.1535882867872,4.422787034276826,71.28055923916904,8.624938659677362,2.2183754985715076
10.143664131631855,60.02441250836118,1007.0012629529883,36.47519132146918,55.28400087640528,4.429968732506053,6.883717064559759
4.764524702397164,91.52796288849274,1034.5372931137053,30.10247717746754,75.45379761511037,3.3288532537020137,9.508703032526595
1.619216152802391,93.58967473044342,1030.7352510836804,33.07383844281435,3.83490509254073,5.668627922100949,3.0806813735635847
4.05022494543568,24.412527248142837,984.1668337810275,44.94055465137108,2.7083654828207737,6.600837271481573,4.144491595001442
30.174137164844232,85.6513248283583,1020.7055816736851,39.198039353050895,8.334932692085207,4.780927282651718,31.048108294327854
36.461402681592695,23.01579123381365,989.1132544440561,39.0457626077263,43.756532514714266,8.890396143937796,37.11125246511298
10.255134726378323,49.37357005560181,1047.7123420561413,46.35918844396738,23.545014562694313,5.71094837974012,16.454883929010634
35.30555010662486,63.383998049686326,1036.798525189046,49.49674757314998,98.42612944157845,1.3224122881352651,37.13951240761929
6.074785062394099,31.848063890170195,987.6806660872984,29.064136598052983,54.22901390113669,3.0074855923557133,6.21006629416819
13.821849317189582,79.70510500552615,988.5226398353375,5.444080801558288,66.24157460811585,5.0558232782603305,10.804609496594555
1.3014498907999865,20.668376333771086,1021.6131698438833,22.95649538877182,27.882013624669668,7.2795296711524005,8.335362177825097
22.023802108792196,33.487923874722945,1004.1422421921228,39.38005732308222,32.17969085876088,2.9777701941332997,19.244843984366874
38.94905575874044,66.46374638827805,982.4434101351177,1.3862662380924595,33.54619141411559,9.78631695745679,33.276906339697575
20.17465480216893,77.1510049629834,1017.9149055483138,2.8443719178074534,69.87357051503005,3.8670243236927515,22.097724195053942
7.890704205677444,93.33144821551329,1007.1491569780093,3.3578891191410665,47.37062076893085,5.792321861745296,6.8030583177068245
22.39087229952642,76.4397321547699,987.075354466022,36.55178791641554,51.768365253007445,1.1706974625793705,19.326360079172602
-3.8539660767306216,73.74234162038928,1036.1344274579187,25.058331428158603,59.20029821593453,8.964016492877239,2.119828618237267
34.432954013269935,51.547291708053145,1044.0553735695164,18.444897176029677,76.8811656238217,8.099511881726652,37.55586510154314
15.154197538991816,20.102754042144113,1032.9615753809892,5.2808522630868,9.036974851247814,2.759122038660334,25.006047514981763
12.467487101982105,29.612740698849755,1037.5695617011395,36.612012510294456,77.68739122188217,9.399130221158586,16.947814430487952
19.29323942267596,62.764363580483135,995.1543397086282,16.050990527544982,56.32350688751798,3.8425578741766415,19.662063916158505
21.239193139470125,74.01039086755358,998.450106564302,13.26620350323336,66.90954448552571,7.229676595421054,18.432350393840228
-6.411209688674349,53.395862711717,994.5969278209432,32.61596007767755,32.7551764840762,8.370786862149398,-2.1838839302647797
24.130861061170123,78.45432092227122,1033.5544401955895,27.95054462984209,40.93868368164492,7.668230151134628,28.446786077717526
2.096584015776479,61.7489836265743,1046.3541955254148,18.12053209066508,23.116581965392026,9.25824505626857,12.169587332277304
25.697631625329493,25.93409564754498,1030.178604471373,32.0743735402794,97.92999974174053,8.778472843066377,29.06738463796184
31.126739719209837,35.36130007743591,1041.7026735415689,13.56107601920591,49.700297251031664,9.95150362682449,34.704508572439714
30.197925377626014,87.19985785951543,1024.708936641822,39.741513080216336,99.60769157965979,2.6435027131853097,25.543367457812884
17.625048370394456,77.99301972995517,1007.1361930391159,11.465947515382696,48.978597806126636,3.7428562110403005,19.444802519939756
16.008494615537558,91.5809589609996,1009.8033130451214,7.941884769100782,21.975126438406733,6.72603280688467,15.084546200239759
-2.856201933029414,29.404579929674924,985.2725002517184,39.121970474943744,50.745239673685674,7.597424673024253,-2.143805112500123
28.767307520156777,99.21780276920592,982.2020036672218,35.39460153489666,3.95955717990778,5.811445491001383,19.81119334085744
3.5704690223357183,36.752537115994684,1028.6832922932354,9.131948785089921,90.47698014219513,1.6653552839795343,14.101834522344927
14.834771140897328,20.942390102931363,1010.6900224407826,5.812287634496899,81.85502511944411,8.574357041203438,21.80453281663987
4.2137046463758345,99.79383512428433,1018.6550547638241,41.919954424334605,72.58205206942847,9.647869204191448,5.177414944251302
-3.3085818500153428,42.48591083560905,1019.0362873335691,38.8299241098344,60.982671544246,4.649651594437553,3.9785515700346945
21.47788484458683,73.4415562010048,999.416306933331,16.362868684983212,57.983423367036316,3.0233123352896145,19.835524938562813
-7.283398258854809,34.13458513410441,1013.3124757580644,32.90987041066833,99.67282140794629,1.1738237946587877,0.033948627014145916
27.43226170631,66.41828257593133,1012.9532155167392,6.20800932739054,27.799743401993794,3.1356913248422673,28.078592167732445
5.8793397630558335,92.32279891636475,1007.18990548595,25.352382952383905,77.96843653655779,7.2992689735458,5.422359069306479
-9.993265349775735,45.61449339427509,1037.447276838075,0.9365146030209937,58.14047702136575,9.204304489054573,2.9335785443713682
15.556456961861489,73.62031808354874,1011.5814802581317,19.58009404607777,97.58805437588852,1.8416175978858924,16.814144519715022
-7.657404573619844,35.03228710387332,1022.2551167154191,3.742141073570254,82.78031832982523,5.979332684457369,0.0783535355337106
3.808477891044973,69.98363189749801,1042.6864084266579,23.757359007844126,99.85251129895927,7.259781236606491,11.911357740240167
25.348824372785806,46.916028145400816,1040.6363536001245,21.084082342644717,58.83249944624463,3.4874273899564177,31.328961520880913
-6.865518918906707,36.89666068703613,1042.3295542645415,22.2192513319028,20.454395754493504,6.129073352532718,5.673873574882684
31.966924617800117,45.054564056290815,998.9003497525509,2.2665651023997038,50.36870356947338,7.437235834051956,31.080831181159432
-9.809003867070844,34.307285480623946,982.4487741815644,18.08081706409162,71.11111340505745,8.539473188218391,-4.995480223895734
2.3411934600951128,92.15328862703062,998.274675992673,37.824192454995824,77.4360386181588,5.072498657379828,0.34492602533724054
27.045202807603573,51.774950905370304,999.5095141934496,18.445718667681003,0.05099890159435683,7.730714970270646,27.298326882867894
5.813507486465339,39.62234439794939,1043.6552228707478,35.75859763047903,50.5027088502294,3.7160467456586472,13.619104328846788
-4.905380596699324,55.87262728127463,1025.4469912986578,18.47393618168666,23.523457997064657,2.9174207209494276,1.479460087820044
8.011695940021394,45.64289334451964,985.719277172156,21.161972074509322,87.49118332547884,2.685823714816007,9.162408099974797
3.519664319226276,79.55354030506608,989.476501720777,28.194605641463305,15.290544405022855,4.229854586431536,0.9756296354909507
32.13559510802774,97.69759295083955,990.8973287879382,47.534096840354124,66.64562495748334,1.3229171360996412,28.16890827142577
5.667395879257157,55.042692535811746,1024.1295223718246,5.443022332332759,26.606219032492483,3.5469265389872473,12.894038307218748
29.446623588800364,88.88267199777923,1031.4789817854903,1.645688433058684,35.654214321427226,6.870005419989054,30.608426109136982
34.593607240536734,65.26904588476955,1040.1750737395778,30.397859190502256,94.05592607568448,6.831271424441231,38.329212138603914
11.690870978826478,32.57885320753868,1045.844558556437,47.454854446421315,24.044812540807946,1.6619842584234212,18.873512316590872
35.4971571927196,75.24981936650732,994.1193190170509,49.486156627735745,9.500276182293065,3.586740553725581,30.642217724127953
8.865902698159644,61.07475977006561,1001.6840739306834,24.20821236960009,6.928490144422583,6.126018982101295,11.482707416280025
38.20392082450541,72.04852186016828,996.8226016521381,23.40408105425492,50.461511009946214,3.8669692375279254,35.56970526268321
-5.535523773721353,91.1749930057332,1005.1133097226297,32.24818853725981,64.17114822842879,4.761892217699861,-5.726226679287504
24.350963325162134,55.23476565248369,1044.0265575196624,27.78173786024849,32.72936435708872,7.415296814041876,27.048967800850566
14.690702022846434,92.09420985738845,1020.2578796857553,31.704402880705906,69.02597417930808,1.0834014651096704,13.352712461251288
9.382440272782354,80.05352114253239,1031.673432812715,43.699971276894715,6.103371857323781,3.4875418967958747,11.573547866579425
21.635593937430045,59.08839407023878,1014.3083465288747,37.315308474380465,85.73346449228768,2.28135019406515,25.27809307851213
25.19285458171656,68.2577708526371,982.0200539335287,24.843869584339778,81.65672097392378,2.1484826448804255,24.404143395315927
-9.781836517484546,46.046490601520915,984.493684019847,23.093222950008478,98.54962713920857,9.631361948025223,-6.789564223218943
-1.6523455626400647,98.68778397910194,1017.654612188752,31.9800874256558,93.65049809018454,4.38904298406176,-0.23154777350499772
25.652302531715932,73.38809304403168,1030.3152324374018,22.785314221014875,35.61971639189281,5.7437972641867585,26.641613202047118
23.31927067891032,23.507748199730393,995.0731369270112,22.88896756328199,39.92753840155772,7.604396983626693,25.706663082404656
38.30237525643386,46.1297524598407,1030.5336701794613,0.8152950893252409,74.59648474782595,1.4270272737404517,45.783087327617494
28.051889512539148,69.8651547007246,1036.7466041438458,8.70320687036542,13.40827719549832,3.169203747019285,34.903425770035454
37.5386353865669,24.506662223939184,1008.8328234853478,24.425681999787653,31.401471024483484,8.489330086093414,40.32689974869119
25.127025076740345,21.91073530553142,1032.2493462990874,41.132672952518455,11.854093697564828,8.75791551860093,32.63248585025168
4.902610431972157,56.001939162224204,1008.2820965229922,13.936350336356206,45.48864490728314,4.3565582857672185,9.897180468337648
-4.7317538874571765,46.6152143754136,1027.4845440618515,26.13217165655745,55.200427988531764,4.373754396865914,2.9702837806610902
29.09119316724678,55.06388864265327,1033.479793452368,17.24810423796161,21.11604699627524,7.812071893979937,31.008870461623044
22.2074610737958,41.015464790400415,1049.4348632815677,5.240199476979451,2.6631686914105,3.6556320407488223,30.70669606922469
-7.590699380335188,33.17741975543847,1004.1777663444517,47.91492415356503,71.93558317505232,2.0538467302599828,-2.0306901054677784
8.002523295048917,75.13146855842702,1008.7728546402228,42.73369351251509,2.000516442616851,3.317819052165251,5.063603039088493
37.83999077421431,61.16568930142404,991.593404158712,3.92462122334532,97.34026089283562,4.486102584721974,33.50761511787536
15.02005728551006,36.01233689994935,994.2851140881265,35.98936312341423,22.160725674239544,1.4698423863558845,13.577495988553324
11.636456800985233,45.56715410079987,1028.5376501818864,17.37899521787501,66.3900092116291,5.308122287801573,19.684996041298955
12.884980257964699,67.34463261306607,1044.1931913108133,49.74249035308963,43.475172623998915,7.660067614955006,16.607099984878797
0.44413620025818545,25.778347861798228,1007.6223466162868,15.119925991448884,5.96738603371072,5.623706300324154,7.359044298108149
8.435358543239762,31.796240741294362,992.5891112784878,11.936922268129996,47.218360663446745,1.6470580646305626,9.517835494945773
8.49066279935883,25.85964832859121,999.9569649568095,28.39452741527026,51.676063429679964,4.961346682113627,14.917508537847459
-7.38224899062638,84.9853866171295,1011.8536193365697,41.756308167160206,85.46832080928685,7.380141472385494,-8.785028952344502
28.37838142589591,80.19273865696074,1000.3455230555758,9.6259435909899,73.23490696478979,1.5228698859117094,26.228417151929467
10.825221595193948,80.26503455034057,996.3505358185306,35.470138485966565,7.9302474753386365,1.5386247075419965,5.904793703489007
31.108994340821162,77.30602747808224,1031.5189142129955,3.0703291570560842,20.916268343226506,4.335412628628844,31.813818364578225
32.51740005599477,73.55083389358953,980.5491444868436,45.946737155524865,31.18876842149477,2.754675677113382,24.953131558727698
0.5997027349329027,58.159353230254,1017.7461369135539,4.053745807364939,11.640768646481947,9.413027121775784,6.826946375571156
22.867674108506428,71.3822530805692,1035.5636764920828,45.711568817208125,45.68990709144906,6.232092433657688,25.234449460927763
13.614090208149086,23.068924383037974,998.6359800422227,24.54036247263514,98.43091908625355,3.5859285946530655,16.598339890936337
34.00783689607425,69.71715381254276,1022.2304057428412,22.40455563979599,51.46127912377616,7.342990562034557,32.259933612349194
0.7870339588227058,82.23021644295017,1026.8230073933032,48.665353975018824,74.18821683231694,4.37436146223396,3.3526383136302047
23.890660015502213,60.028668830751215,1025.8517287483562,49.51920888491095,68.29377976993462,2.18904079941109,24.969834407082498
20.387606112636128,48.601066274178955,1011.2094743939102,32.5089062980506,84.9911435092138,3.1350900685922234,21.888076531508162
4.7650738785916396,42.19413878407833,1004.2604591513045,6.355964592852425,21.572349046560944,6.784725560134381,8.86469139151571
-3.1699548174413694,71.4241640129666,1038.5146851119468,25.308504282760126,75.38262616930282,1.466884953972925,5.562563678760439
22.58198802386383,75.42409589039269,1033.0912169899905,26.458155047783123,88.13552403057496,3.4542013604325734,24.988310885464138
26.929872906616538,89.6774079890034,1002.4878621389739,25.722321406765484,17.150982298024275,2.8748032987795717,23.205914517254826
5.781367188167501,47.38672659687926,987.2113436109544,28.474591926000485,34.680221978800375,2.810215996088788,5.015891230912131
22.24163020111569,81.58178459084684,985.0265281811828,0.9362356897195334,97.01017643315615,7.14486170778374,15.98112649314319
9.756545380575162,64.90846593514703,986.5993184529256,35.56136407352512,78.07878459797925,8.43235225078928,7.620273724404643
25.660344164130883,90.62691925424633,1020.800855283443,35.619715097649404,28.259083253753236,7.442799472578328,26.315173624731393
-0.03923625529734487,62.22496866364966,983.6163523080293,5.773488758894397,56.3941769644487,6.81155034220461,1.13015255962578
34.51075013180872,61.41038627183738,1003.5848812474827,28.511972122290036,40.43261228494788,9.248065946360775,29.898452408868746
4.370479823278986,66.23016651527273,1032.723979133996,28.41805912178873,48.99651763271299,1.5255314238186717,11.533668494212483
8.389299387807647,79.94522841139475,1000.6043716560764,34.12252100952001,35.51661913907085,2.5073477737861665,6.449581769072467
-7.095402395982511,97.17523830627687,1033.431565402609,4.269884606754054,27.93310185303406,4.7296617010347894,0.42543743992694827
-4.42438938393618,25.885068337261252,1032.1826926744939,31.32516536330482,67.47630413914187,4.35206479153481,4.692017459889862
15.793095135616404,24.274768191281375,997.2078992843251,14.037597537317058,77.85418150861176,4.7624644266672025,19.068067305409084
3.3796338363985754,95.00402699258709,1031.0175526064922,25.350149524808597,87.39571227473448,2.8580941453843542,5.6204973430165355
31.774011287109722,62.39005004145649,1032.344364679047,38.66617763520384,15.532996731818805,2.345529840222055,31.94894641788293
-9.265330567252308,69.19224116535489,1007.8217747966919,35.28229681815066,82.28555236452407,5.582739227121352,-9.134289630988079
8.954702433596811,58.59388812757831,994.7294338619063,5.945150883899669,25.480082447706355,9.352472716619143,10.8602931917643
6.867277338454635,27.49259620859796,1016.4889564824308,29.559239355803662,42.733638991005066,4.527725161149253,13.373498815213715
-9.033618454119948,81.44715027349332,1044.4978311600137,48.45582654703693,90.14436858492466,1.3901789270757527,-1.0895789287093312
-3.7815800499744885,79.77797160708695,1024.7731712702443,7.838471866750113,45.4503600982602,7.355506086005721,2.278132448417497
10.682133745931765,44.93626571942496,992.1045748339083,42.645354386270746,19.70635340443162,3.6199441497445743,8.643830865614097
14.64322922237233,44.49913961827203,1027.7929847313465,35.12740402768885,15.98686552371178,3.2058550657440286,21.231189706859404
10.214487362743455,87.02731047244148,1009.9042119097285,38.700165645487985,47.29837666521338,3.9183220062816586,11.25631152490603
16.546883920604692,25.78858061930613,1021.4070158148761,14.097916357132274,76.26724239765541,7.514339715170887,20.93144650700313
19.756583745284075,90.48841186852526,1031.3844824516175,14.394446468992122,99.72051439743012,8.369374481832736,22.606221261002375
-9.503808943608218,40.532935191673154,1016.0463146060112,45.3009727888244,78.74086284309018,6.292504606050673,-1.4289914952044316
13.204757972675193,67.43877982043952,1036.9788782201317,17.99160160462793,87.70119589428535,3.902308783475964,17.53599699723967
38.17496204437941,94.87953432014221,1030.550890552164,3.1507695346405242,74.7832360934888,3.7943040980555036,36.69137871971498
15.951614006477435,74.24980012293172,1023.0551338012957,30.0298351789725,89.5435100756106,2.118775149149167,18.643893023340585
23.87711337294766,53.154384997362925,990.5554971082646,6.240883452092133,7.629354331391324,9.399709434116751,19.293816422022953
5.59319289584416,75.16273671243322,1038.5164377638098,39.82981207039541,92.99315989816455,6.743254590719376,8.350135642456575
28.699568907638124,47.51837090530962,1045.5133909723872,32.08732212505287,39.64061537256561,1.2427715787027762,31.836256422933957
28.64607409380575,42.18067330793489,989.5875586666507,43.73632526106041,92.16142232804447,6.961303856680126,21.63339392239369
16.064802382706947,99.73466223477438,1014.1768790603402,39.24186248913176,7.573283745947556,5.024380817741571,16.010627329488354
38.80069116396068,80.06321849438302,998.1222119379353,5.605682416909808,71.52429571211358,9.753021667422274,30.0373140512774
-3.722489261867331,71.57759819054542,1032.8166315197896,19.053533821721114,73.56887486702045,8.371619423257663,3.7657156359142445
-9.15261675552095,48.4231714575455,1030.514074520329,38.72801249572937,99.69108892977727,2.5418417844951837,0.6104993839768591
28.507910587854802,23.932866332403854,989.8619584399279,20.867073663316287,76.88552706898138,7.481000069873798,27.16584286708111
30.35777686824413,22.484550082812447,1041.3919089883145,48.618274238998914,38.257370581560664,5.37009403451737,34.44648371821725
-3.9896385439711874,64.3345004359039,992.6681144784602,36.78702249467246,55.724855161854535,2.6834064730293536,-3.0114018487391347
3.279141647930304,80.96261768312408,1035.8081317953674,0.7749958345160513,36.655093816659026,7.288659165969541,9.64639696485911
-9.122381831668555,62.990335235508404,1011.9886251739604,43.99928457804182,19.601864530485813,5.926488208248208,-3.1879121037341482
4.665430539028234,87.26280575512916,1002.9790605490706,5.04023924342788,24.850232750227352,1.2733649089441346,-0.0776036628430532
28.657093695933575,22.67412264745773,991.0767483871949,7.026186209004292,22.201053427432093,6.819291554759433,27.017387825079688
15.898026385628945,49.34016611407521,991.7329979302641,36.72462003055254,54.88153301632129,6.714883808761966,15.612981594502687
7.404779658414405,38.965631293934244,1026.332338829063,43.24842797152401,90.61606345318933,2.2967664494631634,13.065136517469677
8.586964745316514,55.78183745256976,1018.5301271562985,26.8174813949778,91.27266260883977,4.1408895429702355,13.779086359403072
-9.932318714226593,25.790111455529797,988.5459795155863,14.452486647288959,5.47637775258255,6.273090736759359,-4.422367276082168
4.9900263782617955,96.3305313256858,987.8888502306828,17.565777262658777,7.989940095189352,2.249047126960569,1.5706444604545193
22.322937081896526,37.86043208554887,985.0617402340954,17.1444664798028,24.51190571723435,8.674510400512808,20.2431227777053
38.70972219081786,93.78462203868678,1032.063714316148,16.333905190475612,25.50594524694749,1.2473744165893341,42.043466018749825
32.353041349194974,54.07145240293454,1029.8317459660502,12.14548359108249,9.48891752392511,1.9255367347241945,38.11174921799739
-8.820251767723544,98.84193066041745,984.0901693598203,30.443354731461653,38.84633411734405,2.0449622786939567,-10.322200591808008
34.928030233741964,64.32467067681685,1019.2189052917881,45.02026592825336,58.77253926912872,5.752964133775496,33.33160232878771
29.1599206649313,94.46662913406459,985.9273308669883,15.354120654167058,57.81622005994637,6.5810261095176275,23.426260930513198
29.01880617854902,20.427919095537828,1043.262203942626,9.334714873070604,54.34296812585927,4.633667168513378,38.70801600760983
12.899787950178574,79.859104494472,1043.4982193426092,41.928883318571245,33.86719248874972,3.5980014490134957,17.842033504965865
9.900264647725141,92.24405224820123,1028.8763092869192,37.08916654448517,70.64556853165807,8.283856380630017,10.009928589750777
5.145786441659631,31.177645358316326,1044.8332245007614,46.54185157799552,82.64839409810713,1.6145738535377814,17.846619478408833
-6.715257052281711,27.69006813857212,1036.8017121289583,8.275986780245482,34.62742664774085,3.5226267501951254,5.675699990314292
1.4117681746849549,53.96580857487645,1037.9977003148936,7.212565705829577,8.553535929946198,1.3520402092357369,14.24962508521428
2.3301817489012304,94.69431249063481,1019.8795495398954,27.071469715249837,29.633025109185652,1.125011214696412,4.4077634062917435
14.20385348551008,63.390924815235095,1001.4241438751324,30.721682741754762,13.736865457490277,4.180418982389812,13.188232217395809
27.372220329834697,62.19651709773857,995.2459380581495,24.008672092979477,46.735872722718085,2.753412962004388,27.14540326470678
13.69049141989733,31.290089463945748,1002.904001542725,29.948331816193775,15.593515131607827,3.4152926935442163,16.674268106551676
-7.10777752764197,20.063160887457503,1023.9946801062343,9.018988443753567,46.28447576579773,8.388524417094715,3.768434093273778
37.88949004941019,84.8112072596369,992.0859575082679,23.98068770820417,22.100289232464775,2.4668208662429922,28.634300790772496
37.13621595470561,27.005965038899056,998.1048165646125,32.90462804698339,73.8731105462403,8.022100304366209,36.79623305100222
29.25947715742042,70.70798549882592,1012.7642603956825,21.635322462435187,2.7568240835845637,7.075455608317272,27.060168914220085
39.56639507821103,93.16931636121532,996.3135068967231,33.972366790829895,55.47463038319256,3.9380097262674942,31.030715784401167
17.224116640013147,36.692153052674485,1021.2050568801243,22.55956402769198,16.94882749200567,5.91900530658659,20.776809539620913
38.138417512660304,73.22182689895286,1044.6223219919432,16.679979042113864,0.09918644696270684,4.999920487970849,41.29732574992141
-6.219747969162461,26.295886136600757,1032.366255599219,15.180252354354618,86.92000880648071,2.1555578394789885,1.6347165102975714
8.284037413068567,68.30041150700904,1026.649862990424,20.5451029494294,67.15277878140677,9.16466789560758,12.12593249618808
1.2690634003382915,33.11453767625622,1020.7905033188645,1.1544811341100414,9.89428220505234,6.126561708271841,11.450950299529973
-0.20834579328649916,78.87628484121424,1014.1563536479946,33.42625692230568,66.40723676838556,8.922160412159094,-0.5263942491867744
-2.9598525553661954,44.09850358351265,993.0594701744262,42.25528204901309,61.16473327375985,8.414438606319612,-0.8518406131598286
21.120682078299833,57.0712807043717,1042.6297318798806,17.731354722155928,47.335668704320334,1.7179833277848091,25.631970515537752
29.06609278736525,67.95444336220973,997.3975201408986,2.301656807085928,41.9258098425614,2.865435994166072,25.956982342132903
18.914919971018033,33.701872853299164,986.3916214304712,49.338779869277886,88.7069762915735,2.3073500293734774,20.18364088898799
-2.651864520589516,79.33102548940967,1032.5010625460086,13.184912772553348,24.514801989745127,8.477015795082268,0.31436849452974336
30.556188496673542,44.211227250945164,992.2930874031816,6.33105608453865,39.83100570133833,8.76201963809682,30.49453302469044
21.797735358186426,72.98974879302028,1006.0327199678824,18.487625398651396,32.91154128948273,5.751743588275294,19.7135653387122
9.408285306349775,32.66264405594989,981.9799449803686,36.92785203167783,77.12010290366335,1.9376026525720622,7.7793021611013815
23.706514776803147,75.04941273650802,989.5947559778314,14.695829844528285,91.64653062325394,2.2205495668871458,17.62788176083379
2.995248962141643,30.25504582483694,992.1242541531939,28.73516019597439,84.97816987402305,8.321939311944407,7.015237339561074
7.259610424710527,54.02851970159869,983.8087089425125,20.77799972185711,79.77039302997684,9.362711228763972,5.997984407592032
35.87429215659951,39.77648589911014,1025.965986963599,5.888199613830924,98.6789945570083,2.7952811659959105,38.27617869743978
4.52522528357102,79.8700199542546,1038.590545706218,16.514350624605513,69.71445504103852,1.1002381882495575,10.63937807780559
13.499413407896832,40.96280036054996,1006.1320784456159,36.243525285703335,75.10537912135338,3.978576146357001,14.964538618941924
34.507056869800735,90.5373845116317,1041.220353370274,30.600194866572284,98.2802539705019,1.2744945068309321,30.73967508110554
25.386067513376375,91.34561691252902,994.9342602192089,5.98891899417805,0.6990785399174082,8.451774244702342,20.229552750585313
-6.889838691764862,35.715305217822866,1002.7773296492868,8.166120485715428,63.404837643636505,5.423610315036264,1.0855878995779344
-2.634847786051483,69.10767560061794,990.5515895121817,32.036667965372274,73.89715319532895,6.776747008867178,-5.800562565859163
-9.60792046140416,27.017411337597146,1023.4391436793298,40.67077071604344,91.7827053757195,4.70336388522888,-3.0256680828167117
21.54608951145817,51.322967968130335,1009.3908713609214,17.473724797908464,88.38443041843428,4.109567923112337,21.889700320734757
12.383671270520917,77.06573836010179,1022.929834278933,29.765537592172507,84.19606812337943,2.9998037176847636,12.86081293609167
-3.286257454886224,72.7538597479933,1033.3172433775928,8.532179437605263,94.57912719417038,7.934792923343311,3.9015789539826904
37.896706052838525,69.97605355252864,1018.1992111223065,15.568816845266193,53.73791879137075,7.259928259739764,34.37940318343563
16.482986197280994,42.60326909299549,1023.9341248431251,1.01351028365263,0.6920095584826758,4.2465608604647755,21.366010904916592
2.0946647056444583,50.24199595475216,1045.4675220076033,38.41379738997613,1.1054398697009526,3.8900452086926465,10.564554691860634
15.030178557735379,28.235691576022894,1000.934501672619,20.05049098864834,54.46390556178581,1.0111859078381111,18.952327981869622
23.981016636755392,77.52182563468807,1005.1414757043767,40.806278682697695,43.527223886394125,1.571969170409252,23.40260428418785
-6.188039101321776,60.311103743301885,1030.2392353196535,35.41864980113631,45.12450533654485,6.609299724033713,0.1571369645966718
3.7351907523945993,76.70125058765237,1022.7913861938771,41.43721328642385,40.0404737210037,5.6314657921191555,10.16177983977524
30.348274544199683,39.91548198374982,992.49730331778,14.28293347914414,91.77258090912358,4.9132288403652025,28.3954344664905
12.983243520133062,45.9550582908053,1006.3303117007343,9.255436521392262,35.917035116978994,8.447520167214925,17.50387755440228
17.328857101614744,46.73722698080917,1012.74866091873,48.59528413258353,85.62269417630833,5.535083839625619,22.336100778541685
11.640800110473464,22.059392779777298,1009.3572886577873,35.86638935204348,90.28647937916409,4.46044223266588,16.018819321058054
-7.805002867849744,47.28382982644988,992.4792365825429,41.702113396333516,49.950176999895476,2.451307127724865,-8.377232249378592
-1.7125110089922035,84.26436588144269,1044.7101064248984,0.6566686854966863,44.69380373650883,8.386192073931571,6.658706615716402
12.277081937094543,91.78387965997908,1033.3623133185783,17.723081014794328,76.10206042154468,6.186234251090689,13.987716444369251
0.4592732703963911,61.45746525087419,1013.6949082475496,37.140834528866584,70.79715076398824,1.8321396933048155,3.1221155165112067
-7.501048567016063,56.44013561753762,1027.6042719814786,3.8991416494991658,32.853511659620594,6.840085581973683,5.024535348370604
32.182483202591186,22.465969495949622,1042.8097870494864,28.366996478446783,10.254812592464656,4.82563670939569,36.11542454957941
39.05962645820579,90.33634700683061,989.53218996531,21.453638372750163,26.485240018248035,8.302476012291962,31.931854949699183
29.657143699836972,21.040817074069817,997.5261135494884,0.8808253570553648,13.102850581229896,9.270231372963966,29.35473998286288
32.68924608523335,95.58000641681694,1017.9890873079652,11.79877885597257,29.473227577669135,6.404192318586214,29.63256693009731
2.098856515852269,59.13729989504725,1035.9307259946652,14.23959945333571,26.182156558079907,7.584515373820298,11.220357643812607
38.031348775659986,47.35475948597813,982.5378426809069,5.592997317316123,63.77114238867135,1.5093176284194914,34.27562012364902
-0.15371477732858096,93.93747478741281,1048.8812705137452,31.57684548713302,95.44960284547797,6.042299095010415,5.657628221059635
37.571490518091615,21.95127944880774,1011.8434622017678,12.119893812594452,68.57437323304836,7.798059805199267,38.05058857357945
39.74096469829755,66.51399158952697,1005.1461798435206,13.880974980969418,92.66494080645697,5.470859345302934,37.168735278177614
25.586140287302435,63.91460195994701,1000.490710648784,44.91192991000737,78.41322586084434,6.341950805539034,25.878434623535277
39.0571865895911,37.545632096910566,992.204969535561,23.356154634656974,72.78776220711732,9.090533670229398,34.05519184675364
18.476988978355184,54.31099450801685,1035.410173625102,19.606407348463616,41.406194021334144,2.782896148280795,27.515094518218227
2.9770891588045174,72.18112047550161,1046.8789915322268,36.19355191573586,32.47945028633686,1.884218567967207,12.377202182441238
11.849794283281042,78.17049575055421,1008.9551328391778,45.48068984414561,84.62773724729192,7.215792518255508,13.626627649569482
19.678046768939296,20.057348696526383,1046.669448632742,1.2518168118721917,90.53932329290053,8.405640149701997,30.67644307405317
-6.345921898649251,94.94827440728122,1037.6658330804523,22.411942327769825,45.1882493650932,8.654411697243072,1.881641830264786
21.117163230862303,33.16202979142499,1013.6735789233422,30.539067803897364,0.9063098186644414,6.774800473820982,21.80304724632417
39.058891838114725,38.68643473778874,1027.1818325388292,15.92815490629948,79.25310589064705,8.498920763537232,40.04992260318681
-0.4946175108136188,41.07787565550786,1010.4488925419324,38.62038610616209,28.506884047229164,7.3059778515096125,5.46128726719034
29.629755814419163,23.025610924162827,1019.1106385748786,48.57385351351369,0.9887865016920738,1.7863922431611168,32.372836789327
35.39493968898097,29.844169887225995,984.0632435912953,47.17136831251416,80.4988558976122,7.858391570964892,30.6523247507288
37.18507964101104,98.90799383553296,1028.7384432710373,13.299126968997093,51.74141888168982,2.614237205952967,30.335270549007646
38.00678022027236,45.21733899018288,983.6977251138895,11.3169139218743,68.52107463384691,3.129484083318755,32.80624104293025
16.072981936073596,29.224087227123945,1037.1959462843754,47.87452655106105,91.46898211444775,4.5518556429879835,20.161665721999363
38.865395399575185,28.559300893969866,1037.746285062239,22.931424371573293,54.11738301381054,3.831103596937032,44.253282181501504
27.86551035672194,77.55679741359775,996.595410128935,10.414886154234587,50.31940725789658,3.8948656447262087,24.067370164619877
-1.9164281881519045,88.36549312261127,1002.656394672506,35.34984818152091,29.06621213482635,2.523335717836412,-3.323837706271168
13.8450053233985,40.556183960677586,1013.6917264990806,14.221016195189579,30.519383443995263,3.6448394239858994,23.152288938385734
25.916558768600197,21.672760986818798,1021.7664034852737,13.362348753552617,79.65420660296458,1.176963309782936,32.96844611286656
2.3670157909541665,37.84720147562847,1000.1147563219398,43.96245215388924,44.9029245585937,5.256198520194934,6.915022427569392
22.030759177444367,24.521255263740585,1021.4740483242348,8.123957668845172,16.35262086081204,7.91731862892826,31.98378453428577
23.33002395233096,28.27159493040332,1000.8450951260509,3.2196473233118192,9.45287640004956,8.760226323023558,27.138958233157307
-1.8650128095717058,54.52064958781139,983.8843504749742,13.459322008584362,47.292011686177936,8.383857030634946,-2.579134403289679
18.254265622637813,38.39346966893061,980.1769284882337,30.34727064191019,46.49550236177304,4.748119470956018,14.178031243483765
28.581345548930386,61.27567028203387,987.08057405429,6.154392670163528,65.3458278205396,7.573838330474706,27.076262086171905
14.944783226797096,40.27950026057523,1035.4575490114812,23.579733613839686,47.10674777451407,3.591016966856912,17.501642833411356
-9.394844161194628,95.24298408823581,1047.3001918668335,31.36685552126599,14.347570413421472,1.5000622544585616,-2.2339295221317
-9.548076546035391,92.47551743410116,1009.8876339496853,42.436849629658695,50.78028847985136,7.0837437285214,-12.494852603001208
7.8514671985006075,65.34448840083728,1015.887876741496,11.493479560112718,90.67894038860251,6.839165482627654,11.452382596656314
36.3097034215891,48.35391935899089,990.2793718351398,40.86731616913947,15.944141162021241,8.21466455916588,33.20161482786937
1.4338389801804379,50.49175056277885,1018.572194687611,11.74531305656193,68.9754640977749,6.544955860325919,7.936817707651889
21.718184443584356,52.948182651559755,990.1258431404884,33.83832706198203,59.385926496552656,2.4120246247652477,20.927781000837278
1.1037935346660284,78.20634577079552,1022.7850031839181,21.533678574122757,74.85857267118027,8.678461528451784,8.952437275003888
6.08349948297743,56.131119641507034,1045.3281067306598,5.734062118933508,15.060027342759275,6.645275092168307,14.905921018338528
32.4021044800742,88.5383957204718,993.6988977512128,35.71317314109243,94.16053369059945,8.268487291315036,31.34319472261039
26.443072113497344,95.52758287442916,1033.5194602639972,10.88813092745089,62.09664277671586,7.966964083384367,27.74325707208575
-5.230036134339469,46.87569227031471,981.6451695972827,8.831171301229574,84.70711376911369,3.6807803850257956,-1.4920390959020815
11.43510104932168,64.85555851005441,1006.2848068925134,17.91614642946916,24.66067636802356,1.6709767736684713,11.356179494392496
-8.541511817736776,27.604522946605154,987.7523955481356,32.66451223797417,73.94128893979615,2.588539681806264,-1.7003852012216756
14.044507330150449,36.03752382130872,1004.673280911699,11.69982393953139,78.10307043339189,1.8357610088192566,19.254250661786713
23.121700585053404,53.07726133681281,992.1475843747219,9.183076939094287,39.743527238707564,3.1907118887212276,24.71315100473993
-4.074868820092422,36.49621727214231,1006.1313493086021,0.4976812856682167,38.395345288342206,5.135790457233937,2.620491296704875
4.444246945458284,90.1248392630974,1009.2265964275272,23.58215485508618,65.77962650257493,9.161295444831545,2.2616693551999365
9.891831275107847,32.66290048472784,1001.0413785946643,21.432278465759136,9.340768176021596,8.848168803285711,13.800412290225935
35.976551232802485,56.45286572424736,1025.963536463119,11.693387181868815,73.5624150217509,7.467398335861552,33.97966077366971
39.662750771148204,68.45593923679004,1044.3196435881237,2.6826082004845375,4.288675983941093,1.2170112359304337,42.07830753748319
-7.754435050219207,75.34911265286755,1008.041676187369,21.462793729791844,19.0590301120826,4.0725028118849815,-4.103926190035465
28.050396174769602,50.64554957812054,993.4640209532515,39.410255553581564,66.41437572413672,7.141135838360678,29.594731732634703
8.58620332011716,89.52792549797829,998.9505930737189,35.76410656635885,9.832366709196382,2.1612600715516153,6.827519638885096
9.622909311474,65.46553208623405,1039.7800576447457,43.03974449300851,97.184209147679,8.209790650143178,15.03632670808169
27.713248667351138,55.16062243580414,1020.0147806289103,0.4791343856577812,86.83962094619007,9.231163119888343,29.995607099367213
35.921321607270436,25.37925072416293,1011.850772261487,48.320965840229924,62.63023324067365,4.18694001974043,33.18016904592835
37.54642972512742,57.175157475613204,990.4745705056249,17.070612631372416,81.90574556693498,7.3525875567745,33.229759292610375
18.856129301916038,85.65886726525842,1011.4809115826647,49.519889804598236,88.75800485895678,2.33383719401842,16.626908124851298
7.8560579650251405,69.16328145770524,999.494440235017,12.630973030088732,25.947564957181847,7.2173480420172424,6.49998714649563
29.377454292938964,86.57299629832947,1046.0214189497344,23.57681937891224,84.94115879493195,1.1930987105833895,29.395877089789582
2.5500691631150136,59.520933647944446,1041.8849076591011,17.696383828765182,19.47937836376018,2.3569435612999086,9.840659688703651
18.20370144167589,29.476936407558547,985.8731779279739,17.78803574971513,41.334226414881535,7.3889330194780305,18.236432171675535
7.9289230762436596,21.091187666870486,1016.165744248287,42.11410493741079,55.82596312485993,7.406652005886755,12.45633762906706
22.831553685393807,44.257563737487295,995.7540841860271,37.320946986866936,71.38909630740325,6.770464352606594,19.26152991284342
2.019945644675346,75.8392377198234,1008.7543962667004,49.607571761502406,3.014131772252804,5.296276219457829,3.0611401363267197
-0.42035271325871193,83.2207923153355,1041.379359877602,30.675734135875626,29.050941277818897,7.074172820547505,6.73588773168822
35.91195433377185,43.660226769626355,1016.9260163921981,23.162830219725134,60.85190982103903,7.964207184599094,36.6556994084239
-4.909815852523155,59.652313670659765,1003.3950705359532,4.503693147344556,35.736867914911876,9.698334931330693,-1.787418073025576
15.297895386746582,53.68951235472653,994.5521847873498,49.82807097569284,77.50250556294934,8.997769283937444,14.589156302138816
1.042639148150446,52.841822748114225,1036.0227401584543,27.576532646614144,65.16521611507162,8.150807823095121,8.30240726806222
-8.053501833716627,38.50789705601204,1023.7162610755043,35.02387348450709,23.44014537237358,7.252817650429356,-2.498030250730097
-8.199059085428681,30.90968840235667,1012.7645822298362,20.33711935956557,14.592897959233309,6.167399908891305,1.5283447816970297
-1.2389113947086337,35.73508465849705,995.2239047704085,27.385785408961794,62.90469935870504,2.0854794101672463,2.709431025464059
33.338517725300015,24.42659097306769,1003.3972461909992,47.12888659464436,45.04673277047577,2.4900115788855364,32.29817477618578
4.123937198851333,35.850459345886165,1047.1890398716962,8.320971896580136,16.89570411013186,8.382516046038095,12.15751284760871
37.52295852876479,20.736071810030356,1016.4062956324084,14.61862921651273,32.63742053183773,8.229816209864985,38.475921330412845
19.08111464945968,70.18067205087826,1008.0489496870277,7.602986388901617,30.30467483185866,6.530130333760266,23.4688182463454
11.830709488438305,45.31003259101463,1016.4995429643827,39.61079519023873,10.81319723393751,4.949561194445381,11.909008019275467
19.00444173347273,97.85157691415269,1034.5291954129725,3.102263021091478,54.690901926522805,1.2342938484124508,20.847216921927522
15.834919261313388,35.49736406210383,1003.8076255552008,4.081582492566915,76.36486339125541,3.944592482756895,18.95428543109261
27.93881268786626,47.66628562476751,992.5094284652827,14.924705639368435,57.5466888852987,4.785756918087861,26.705820501352004
4.124803298642613,48.62729269132266,1020.9455282837333,25.709409046050563,82.62913649373523,5.372346575560785,6.477916307145051
7.65251958001512,20.67611968499684,1026.5642872436747,20.31374002797933,12.756854721543132,9.363921387050883,16.167860666174544
34.704715126662535,87.13663624315672,1029.8902602070984,2.2408155335403634,43.56118578222239,1.9783845982012855,31.527364287655004
37.322825657520276,22.559556811545978,1041.739131353629,47.874577893547574,60.94151036580991,5.669802278017934,41.98163566472656
34.62791137432372,95.2143867783393,1005.9821884482379,47.643476017904185,67.60015609419074,4.311300672624517,27.026932354229334
10.97239969786568,91.36594808748966,985.2748427360224,13.967816162037995,69.5786306423427,9.910883072944465,5.378360964652492
29.01827515034408,62.841753286877086,1047.084400854166,36.576280763429075,72.89654270978811,8.756776146546148,34.54167402213093
13.816786665054941,63.48764599290337,1010.4508349206233,28.928770569161188,65.14298121960167,4.949072688150288,14.315231208772094
14.876992607305109,72.3022338364925,1023.6280256771192,11.873834750281203,9.422808894086765,9.997260484192843,18.759198733158915
0.2340054528641975,50.96400095479096,1026.6413726189805,13.108577587080772,69.53056776022964,5.626569218243468,8.476215394799967
19.556515162925823,71.77778267182845,1018.2559596090842,24.557658715522525,72.47826567743876,2.504060169322606,22.931233258237388
-0.6932051123326026,23.58147109507895,994.3680270815389,20.961847074868007,99.34799343336272,6.002872226440431,1.2148541921563583
6.57823495335969,24.323810187978125,1032.86001350813,14.561466411563211,69.3362436701126,3.0358518922328193,17.684554925998324
32.75151008099676,56.57843356956355,1036.2626382012857,40.375579815257446,68.6830395751549,6.726815560686268,34.766048867588225
0.3537904605427613,63.9697840884828,1018.7082910212208,24.073145881869245,51.4813290181972,9.43696157395533,4.029476362733196
-6.442085741328359,91.02541122686551,1014.199281240939,32.74240311945639,86.7922908585114,8.075787191515253,-6.563534786490889
-6.549620369359185,28.372850712631703,987.975672818959,9.463675008393773,99.68347619611583,3.4584732137714966,-0.9006564754559632
37.03922602515539,85.81183417551115,985.8766163049849,26.675383125824336,77.9044870197432,3.671727624694064,27.321669634129925
15.346021898091731,36.80378698336557,1003.769539189447,15.898802472331075,61.25003778578084,1.6235938278128081,18.905919583463504
10.470603590850917,51.526691880802545,1001.7592308862176,26.32068051974391,7.8954826931568185,3.572810520816496,15.581389854638779
30.543929050395924,45.32819478619303,1046.755951567429,39.04129167054641,72.67391317296276,1.833623197100355,37.3573663422468
31.791296395525798,52.01242182923192,1034.85359197104,38.44566050456309,70.85615685819504,5.495038473930785,36.95023261058752
6.60955165578023,32.039639845806846,1026.1947006681341,17.711033901713797,77.55681478094317,7.375123715484318,12.660591570433015
24.68090287368976,60.2856059522844,1016.2353662312323,34.713855853981954,12.455538839948932,7.760630453492427,26.380997200703284
28.556140792594327,84.13140718650938,991.7157271508656,47.064497519713846,65.37325001261435,1.5357630902336117,19.657911385155803
22.73253434329773,55.32272083031175,1048.4919670528998,31.28346649624532,29.57239049516747,4.059603084143818,28.1394924533516
-2.4202462599950314,59.24908607185593,1006.2528488768147,7.4205061691318575,76.02712434028336,3.5935458989269033,5.252309928759603
33.79415417585285,87.90140682250514,987.4847921713072,33.985431463954754,24.037395403146622,1.9387029068860113,24.90068134331988
16.954727636800435,76.48464917104246,1014.5659227001022,5.2452193174655655,68.39786768204107,4.262241798388051,20.43808636508521
4.123621318500184,59.23635268158278,1041.1798608129159,43.60552043965136,29.49929469839797,3.693880982253125,12.794166472152778
11.261409271884695,40.615651855134374,1042.110370124413,25.833024790097014,0.8994292817431138,6.71049306405349,21.497332512290026
-8.12144548005463,90.79413974759733,980.7676141239513,19.257036815578978,63.33579119730955,8.949723973603415,-12.548473512283028
-3.6066599388791225,66.16163213524467,1042.040702132598,2.850329732484619,11.326908315892236,5.093575487858942,6.855399246429997
28.277337525793044,37.69180880885547,999.0038952249901,19.039186729605483,65.9291472788214,7.719986554901367,27.60582000765016
-9.999418262231693,41.52958021104083,982.7280654777896,45.16033339578947,92.56094483569375,2.3140933039960685,-6.493685072843009
10.82829142411461,84.25064711489968,1039.3453189254012,1.049149814315159,96.92459342110902,9.054697407794782,13.003335489946181
16.125509054279423,23.53164496699644,1040.4706729191746,23.732407889090247,23.592308732761257,2.3733526439358306,25.44370742033068
-7.268278999951385,99.3673749623056,1021.7361755889644,46.55790455553112,80.92532276506549,2.7289106253945037,-4.742145630694881
38.653908148616644,30.42813437718334,1020.2103630107451,19.742049988251054,35.35532768724403,1.9581742322890885,36.48578965385082
1.3062665624835965,83.68548203175499,1036.9184190834994,21.40878437310752,90.04570727479823,3.787115513684828,5.111970947250242
5.209935981814043,51.58202534173463,1035.0416686897197,28.928002759955994,78.74895686293738,5.971694020439735,8.451429296429616
5.197125612751366,59.37729466299735,1042.3073831409893,23.146866678859173,7.392171664576363,9.891947002656941,11.403426731158488
1.5208331058674958,90.45204619716623,1018.6923213317692,8.43008456187762,40.71369938772773,8.140312311917896,5.537322585215871
-9.926308895684429,53.032895167137056,1047.7352964912966,0.9277769534930203,33.731782600967406,4.4239222260278375,2.8246426026143263
26.467239704399816,62.99950029385876,1049.7302781653336,30.49058289893508,78.51810207232771,6.182614521132134,31.731006466271527
38.34227498996427,23.943972992733595,988.1581226999043,46.04032935039061,41.02857106531591,6.609772278452869,32.5176216216543
1.2146741642522532,20.187797909396252,1039.4680631687886,5.318206651358281,68.45883976530838,8.404544991226125,15.312649332634155
23.152359590171123,39.583989840138074,1014.9875580424012,10.547635962637669,60.243525559044045,7.628066068778205,26.19589901594003
27.094816347935755,74.44664743350138,1007.1296436809882,18.511474291248675,97.56387190976338,6.123620142740263,25.2861425631661
32.421268954526234,29.701191468730936,1022.91506169179,40.43711145105598,93.77849568016148,7.022647243356911,36.478186112956784
11.131459850680457,29.100956704363952,983.9175890083405,13.46301582354888,42.76995147387187,7.713258498666097,10.065460401417832
5.146545282021462,52.87684864287226,1015.4522783136956,44.102720213938426,72.35782116411494,2.198296532200639,8.714216874389727
6.264756701151555,71.82696308865812,1040.9623399018667,2.7478937325033206,82.94600939812217,2.8040991517484195,14.43276743074385
25.63106665492564,76.96575937983444,994.9423061297279,47.04783106294674,89.88857538621453,7.197258600167651,19.426963972024183
30.8389733252818,34.27605392786998,1009.8472926338598,28.037353893688245,6.813426377648368,8.653830057888689,32.85101597417403
-0.9193016121698676,26.367051789763394,1045.7636621400413,32.93888392438522,30.20787992734968,4.68336054429791,11.281080952520615
8.54705040788826,95.23176271564354,1009.9994686463988,18.384476126817656,32.02300409685218,9.819012902240853,8.024794895517623
35.097009837457506,40.85331060496814,1005.0857342632679,39.09971427555302,43.44459512198786,2.944645594060356,33.10776615888423
30.33467598473696,88.2677198086979,1010.8375653686364,8.328312504220303,16.9264750715419,4.75029353839095,28.979371498157644
39.24292013812379,89.07931603702546,1016.3616936562289,2.4455912639243516,49.62058799500081,4.406707391169278,38.139053399707684
27.712412984104034,81.80180734100355,1024.2393940892027,19.775847155377857,66.32143272984561,9.372663466537862,27.784323039632945
9.659760051396113,33.50668853220561,1036.048496064171,42.68478569905197,49.73639202167177,3.5684066581528557,19.043675006597006
19.531891699731887,85.74411674033603,1011.647154403502,37.746341831884735,66.57930951976158,5.23711700237994,18.91938659933745
23.050712712366014,81.54004473932693,1037.2236654563098,25.8577985244479,6.644163181790031,2.685104556537965,21.783634219135408
-6.077209184143802,67.73783920849738,1017.3604462946456,28.606887358267674,87.59873317074103,5.691396147061994,-4.220725762002849
17.224847955193255,46.97616281351622,1003.6936357257584,6.4946413149377715,93.90691921010685,8.71663752517232,21.47681146799317
25.46604142363048,41.000688341323524,1026.056557968359,42.034075430879106,61.79074241186486,3.736355157015078,27.67931380354811
-1.6339347999469815,29.751136966428717,1030.2405578320445,39.34798414820985,88.1390998636897,8.297128649465453,7.128100575721897
29.031585871277855,60.780565352069715,1019.0634282940641,32.823519694347134,13.144601664821243,9.201804239580634,31.31132205713115
19.18863902570558,66.82087004078772,983.9630481194306,23.309551816446923,79.74489200763102,1.6566210074310725,15.38083076093528
37.61108928487973,48.74711924126298,991.8918012612578,48.22296341397562,11.914819347259398,7.807820826873259,32.516813590515326
-7.878885089655415,58.028725414469484,999.970840462316,43.951598593823554,40.80102314975367,3.2980909253544173,-7.2787626852918965
3.2663068777733493,49.08115658954134,999.7837924166046,32.221524675730926,32.3818534558275,2.5779489628296623,5.94634996210322
20.077693964991205,71.2804845856561,1027.139456017281,18.590049885864396,58.559182522045425,6.410101528225324,23.678041449622608
4.827995610296535,92.10073662372507,981.2844063171543,30.901113934075617,30.151453523953354,7.350423546058297,-0.7724210842822956
25.721208203562114,33.113620963755594,1032.8977243934664,28.772046326533268,63.73136296671327,4.5528488716169235,28.865950882008914
27.95026412609655,50.51270479224988,998.5739732364854,19.71209939174582,36.738728915195786,1.3525633637397152,31.769777650078044
-4.874201796676277,31.269488316068905,1001.7015292351272,15.333698584403804,86.07903810304644,9.178340717771139,0.6580969238919714
15.692723210338386,69.99550163262656,1016.9536879560746,20.350539611866118,63.38838402196115,7.576722251627455,15.89731613177681
15.444527779552793,78.30964075908767,995.114792065727,28.695570301669893,21.529829732144613,3.4450012601471323,14.108690537252937
8.464038510777055,94.55301860779647,1041.9129919502868,21.40674223555472,33.6129422028087,5.4717747017026594,12.74521485584628
36.646243128483604,42.30975410087719,985.9758145528596,13.178724410069192,84.74208876266557,1.2501351097037021,30.83042964704216
31.37531599366106,96.01689646923441,1011.1067653610745,38.04816588804044,38.64797499874585,4.053545036253476,27.71738053013519
24.86046909548184,25.061013745653984,1039.4595588618422,26.573374797870645,53.57990655656452,5.702817120266064,30.010540782738403
25.716331786749876,68.24110906916705,1023.1090726094865,3.3837581612799985,64.89419359523328,5.655012536046251,30.84968228087427
13.085807190655956,24.570617547466398,1000.4630661089843,18.415825281306276,34.780964958591674,2.87366390207687,17.294964620047388
36.049726054828795,91.50193502095559,1009.4532145443522,44.245672860599676,29.39786307580683,7.9907262956550165,29.97405003449871
24.729771362664266,62.38472456560433,1029.468606623976,37.761826559997594,47.52549026080286,3.689759426739791,26.78042139465703
26.44905308279082,73.54786806102368,1048.128252035473,16.162339197200353,21.488097209278912,6.223690208601754,32.81556276314762
33.08454518936726,86.5259140728362,1042.5197102865604,46.909157602225456,28.421058691906342,3.4437000298417733,33.604211455129665
3.7035794671095505,32.0248497987175,1003.9702965867664,3.830145417910508,6.2078484032036085,4.826510856880931,13.234310694732248
30.35354519333515,23.087324955050708,1049.87385155015,48.06173519460945,30.397027597100546,2.867631627252072,39.3032534235139
-0.23796985217539834,90.31049167302817,980.2453264471741,12.285254624233783,32.07040933635693,6.697070132788345,-2.029362737204675
7.267097612244392,45.1946581967146,981.9340829065891,0.4547090151209632,96.18331662913197,4.830259241272156,5.954865552885911
6.780522713492136,30.31831263417322,1037.6688360619835,21.69040182591634,58.97288254658801,1.1450557403898785,15.61000840593218
38.926273419457026,57.47689896696692,993.9623880783137,17.948521484350433,78.73824254158056,1.2534849461508948,35.64386256681555
32.82686118739634,67.86448605568151,984.2538487877368,26.95445026033969,4.537725278032245,5.240208866242799,25.118305098459633
25.058493079512985,22.47764827380081,996.6003651265552,39.83864302849227,10.653669360837192,2.6490328021481893,27.586483623166536
26.35283808076951,41.99165266056702,1009.8270107786602,42.12154010752236,81.45369608625923,6.265378433302681,24.460240083675554
18.103639720128555,22.62398994215168,1031.1396389303384,20.06149998058459,62.35495494176357,4.673726035948192,23.971594011166857
37.35453335542596,53.62683113563992,1023.7034868585844,21.49228718531751,19.098203054020292,6.889778519857504,36.817517160992885
14.812937644118076,91.60800232529954,996.6334852292294,7.408886516473684,40.479540586173826,9.571556566575564,13.874584191303402
9.025885493494727,98.61219291948554,1015.2289313670409,2.3773804440581747,53.86724999816228,5.758625213157282,8.338625184423353
-1.8482331534204501,70.9638042802902,1044.8349873778998,32.06074951175123,84.36098291374418,8.086407432310896,2.274154967428696
29.310282613052898,32.931015502767345,1037.050544388863,3.2218812776346137,6.041199169449419,7.777368966843434,37.85182424684472
26.722196603779572,92.46795119994447,1002.6232849382255,36.69150597107279,59.67222893673624,9.296119938914787,20.986575889186142
9.217751926206745,61.29982585600484,1048.7585192948986,26.954507251112375,71.7035921586684,2.9261608051420556,14.76014033617065
-8.740329302038532,32.29994496823345,1029.603428030459,9.92914891130417,97.78918579104594,8.445942737064467,0.4210641484071489
31.949866385900535,93.73813355613291,984.3714548966748,26.97614717563248,80.71600782921844,9.14968340654218,27.398772117613113
-9.429100827296319,80.59752405784823,982.4612499302048,9.149885830104942,27.622731356527343,4.534866828528199,-10.864931824350085
25.18498898145255,78.53642181785213,991.7885564307021,21.9368603755206,70.95791938782651,3.8243457513907133,20.549031123881974
38.512855486302854,76.73445630355238,1030.9499107635102,39.978015812111444,76.3277884926977,9.568323187104589,36.34691975842215
11.883066407410173,36.02718568771539,992.8617248089699,23.09596467053187,72.97354999183952,6.648695399249812,10.5275669922328
1.7486702497976374,36.88053533660209,1015.8040738446183,7.434965914877411,82.014406795187,4.426088367173215,7.049352541854773
25.243550502169086,75.0634398741804,986.5282084126583,36.19143409114726,90.37299762136377,8.126449488384672,17.019385480237677
30.856407100779258,37.57782000883175,1044.4620310481137,9.338420813500441,9.842986898934026,3.740265114541436,39.335866602859284
17.321515803892364,55.09373574424391,1004.0772429508497,36.927493718505474,10.476385768111884,2.5876682746287587,17.282759459698372
38.35176376280731,82.5601460475153,1043.5692439592442,23.967614460791665,79.6399988770646,5.89572672217935,44.296548909780675
-7.416563917101945,82.71620144782727,1046.1412949337382,22.68708795471508,25.237247652147087,6.095908404195431,-0.5523570530190356
15.239779915226407,56.26094180206877,980.4290053119577,42.571751892873735,5.854142195007794,8.431718340406043,9.670980293635669
25.9226973661275,83.3751950620196,1012.4894631039112,35.430176217033434,40.12291809806058,5.11324619518387,26.53370734769248
33.13202355745895,87.08974369584455,981.7259238994825,1.645539847746963,81.98769118260782,8.331278855548074,28.487606184843834
-1.0372194046104983,72.38206010274082,1043.6084936412035,14.808715730080118,12.656502381398038,3.8019041141350463,7.898167001080373
30.000174088184068,38.27406818467361,1016.2885281314203,43.54603304249493,67.18419718044674,6.1783138196001275,28.47681705759432
17.635353785927265,41.9209424308438,985.2460808888948,0.916308427259932,0.36158617715676966,2.8762550101064424,20.86746457099776
9.82768409949816,45.187292432698825,987.7193709793597,27.26267231309852,10.973744721244994,4.469013558249367,9.389113801665866
-3.414248571045322,29.344328618716162,1006.8456317144918,36.391283458697195,35.085034576848685,8.71785728049566,1.09627275236302
33.26478794544562,41.85276962959561,1045.8163935011023,31.09280427422879,8.360228102441402,2.943893740921795,40.5305864685516
-2.1363395910142327,36.76153794500257,1028.5036406097656,38.02661010522182,84.5901667437113,8.292155166093409,5.572813655733989
5.489392960454962,56.42629998468817,1040.7333206332394,36.28459244573729,86.40705031454688,3.5458449206266556,10.116308319046938
4.502276598121844,92.67500382978119,1005.6519652437986,34.601534757655664,75.55707030995242,1.310407477115083,3.611258049705242
33.57070170954272,28.358425340316646,983.0249589684998,41.07699304628261,24.247963139561747,1.9894111305116162,28.1036190157053
23.6351497104449,77.62143391579164,1048.202234604309,32.28453342247692,52.32470752399798,7.712915907887093,21.477588774771
29.834069859568615,74.98264035305021,981.2021093463659,20.120924712849103,18.41885255233714,3.3586383385193344,21.77119793440147
2.523394939624948,27.660335893068613,1046.3356157156763,23.59545549572938,28.12784500731108,6.8873103301714504,12.647157268064998
21.243704980349946,93.805792392464,1005.8074196694402,35.83623913407253,51.60052921737911,7.292790124815098,15.320696617026636
18.587299157187434,65.47777617254556,980.7063283515317,43.815301483339695,73.50138084607978,4.106066179912164,14.626659432596526
31.641518839413557,49.09804169085474,1028.2410062207155,13.610940041988783,9.465438039363915,5.274270884900262,32.968156094583456
35.304353024063026,80.52308667962453,1048.6378212821949,17.103839798553537,29.669669762808613,4.633903814102295,38.96418674015408
-9.39216142613066,40.589236672130724,1047.5938005986316,46.53696981812063,92.66213485719223,9.526140967190805,-0.8848940198294457
23.700995952939635,75.48078696370564,991.2655907841693,28.92558962047227,42.912331778188815,3.8795397611642866,21.169380581669092
-7.408210044013549,23.176896605779778,992.6873464246308,8.948090856750051,93.88696739093145,2.649907380024647,-4.248397898349757
17.442933253867796,87.15264300874176,1019.5877240233763,33.184756945619135,99.14005415521356,4.290335585880204,12.450141762531622
4.38163645218391,55.85366776170548,1024.6113378499826,49.53810777696898,52.665982611141594,7.02564136841811,10.94541802239529
5.338829976107061,70.93543314863534,1031.7592539566106,41.17267822352,28.804400978485056,7.276264213253187,7.856637402653416
7.647925172617828,37.699025584534695,992.6735252330503,37.28705682757013,79.0776808572579,9.316515838240061,12.035348409940237
21.064622452480506,74.16589701267583,1047.1304960735104,10.402332713313461,15.931073552501495,8.935790363882283,27.650298901371386
6.702498283438459,81.77922207146213,1024.7117479402466,43.80698923420036,25.204685967207052,3.5948846837554798,10.251725141295196
26.634952529514017,57.8570549507519,1039.293284320939,26.28944217677732,78.48799094992822,5.096469240708368,32.681610794260884
10.226369278693486,69.41815392494354,1017.804600069892,44.46450110359778,43.36459247320299,7.725420893650906,11.811785220696029
-6.582339984502069,56.50607390579189,1008.9993793312918,16.491391471243965,20.153793698766677,9.248835525418226,-1.3420267374814552
29.187992124205365,91.52730954062764,1048.4028034616497,3.102552631771638,65.11257449523245,4.034485115712027,35.15558147837183
4.2879162296353,59.82953444114553,1020.7484959573885,23.798798432987304,73.27618613816828,4.999972907592963,9.003417503253468
11.638343979963132,87.34469672230551,1040.6811507959426,13.491880240893883,12.507123945056907,9.095304434082479,14.876241558937695
24.27219416109508,84.10816466161988,1046.7304677456402,35.76146448881491,27.698025997493414,4.226354858425804,28.295725921730966
6.6228078574356,52.84038570786852,1027.274823890606,47.85532764280162,22.127675537223325,5.324616875725622,6.873326194871701
-7.170717192664219,38.406759348598,1018.4257074963073,34.5487075575782,37.985462876245215,9.14053727096271,2.507887988035182
8.69605235064068,52.486570604781676,980.2457595637455,44.34669648546017,76.34448955760644,8.220188961908633,8.69312623188105
37.22242913471517,86.09739006201761,982.8013748517304,22.651200680060317,71.37081022743243,3.1908783250882253,31.43525308954919
22.086719864927908,38.21060286555139,994.0595851235781,38.58203685976508,66.25239103837039,3.9231555887074006,23.216243506248468
23.57395743336035,61.954907668619946,993.0205902299197,42.15217183358517,0.6285545868591202,4.176628547134052,19.758600496993147
21.614107681881993,84.4877398368598,997.8331156639891,35.54378137917712,14.214331338038944,9.214646260879537,17.29738585430438
-0.05039305202816102,48.2781980102703,1001.3454246388362,25.388864303478233,22.329754910206677,9.990403633940852,0.5680003660642483
10.916693205114008,71.3767709602158,1005.204584548551,31.293305480768403,27.19558460388496,7.966038719398959,14.281152459195969
27.546989918165913,39.650525923905164,1009.4376383048213,35.025349783944016,14.64265416489,5.35893672244156,26.937241267002058
-4.931355122342042,28.742355629452796,986.920643691921,12.654220161071345,41.031555147388964,1.0915643626073108,-0.4058841391086163
3.892638804485614,83.5507380074285,982.9653352366947,40.47896304574924,7.518058501402591,7.277392509381617,0.5536266423447942
3.8159554232926816,27.917489872696546,1027.1761114351116,47.516226948363666,75.00221903877808,4.504250480480062,8.029929924623296
11.6009463797253,41.710511606366765,1017.6134377390155,23.2619657589968,78.7720787296105,6.696878232057449,12.513530818913232
39.01843704710925,88.4087537597952,1011.0900941554083,35.053359155493865,57.42666896008981,6.460245671161859,34.0149905965305
-6.624872665808903,47.71754296629338,1024.4107958817847,36.8512952895177,8.970487704196783,5.327488509169486,-0.5370028206722387
15.935049719029752,97.84362796113288,1037.9375585042478,33.112377376074015,89.0083169546758,9.499486579536907,17.57344321263146
-1.0317658993894767,98.37874678190877,1009.9385036381343,27.355755416431776,96.56358287081144,1.208317108198075,1.506518278271265
38.53382727048721,41.46208163628454,1024.8783625536385,44.08239772874053,20.236356032178936,7.409192360253295,39.414309446694155
-4.33482476362679,23.278257779991236,1046.750055668461,22.446335463444722,70.46398194407197,4.688558814695914,9.860374987144317
10.180050118079564,76.40506273643032,1038.7737147103092,3.055147824330179,84.19386306424857,7.424114054424502,17.094593721134224
26.894249241730307,56.0789202118675,1009.8200567351687,42.227818785608015,53.98435225427023,7.076976827856687,25.102747423036597
25.227721401372264,28.060227516766105,1025.130178647032,33.699063615827534,32.33230995267489,1.0921420231839585,27.279712271702415
11.136431844696613,76.60182551824343,992.3949645341157,42.46293132498233,47.855871508035264,3.5680464565720413,8.603354876627826
7.326208397635913,22.4939927289537,1019.2365529426563,6.927372122234715,51.2268750784452,2.7018236845340238,15.134657293653124
9.880618927643528,89.61573523937938,1048.692980379691,1.5376470254858166,40.06370441880279,2.5028771764824307,18.28664465003552
3.2138131579319644,31.0922023290643,1016.2820580641766,46.71872701912507,92.98424936337062,7.556290157090195,8.04893721714227
0.26664693533999007,30.184950299738,1044.9346809433102,7.386415292528714,74.3883110942502,3.1559621418381214,11.588052157699007
14.1519848779445,34.05378383748676,1008.5134444352283,40.482616603522594,24.130164225496397,5.272638534885708,16.098771506798798
3.426687803380366,96.82130867936533,1049.9191379029241,41.16049710903179,58.55571873198685,3.222900957571116,6.759372498500225
4.3730832448625065,75.45354882030767,1020.5454024659291,35.43526002745015,68.86891509311674,6.22210441091797,9.884704110666288
22.837803173727856,84.10972283709094,982.9588295965154,6.563110554643547,14.015642170213027,7.485163912539711,20.078281291678067
38.42686658499461,51.810798858620245,1021.0728357683971,33.36993122804038,35.842574238014876,3.9796726482835885,35.58434183449726
20.181860027968753,46.90501820039644,999.2200886975718,44.45432916634328,90.5548281603916,6.427187634584098,20.670372698005426
-6.151026646751686,38.75872054265359,982.2736925425127,21.276582240044164,56.71731001852015,8.42369296972365,-7.741855651641259
-6.220819307296651,58.45184226499271,1037.4597313286265,20.675842718929943,21.699774606031685,1.848018566480425,4.591902237167953
37.5711610422783,64.14629868273349,999.3010745886529,22.142915478970952,12.278479811915076,7.3960353913714405,32.19909750345191
4.8645395153666815,70.54198749222043,1035.758398783255,4.113594533810322,51.822689347487774,3.908304499918422,12.369380794838277
-5.396650695876229,40.56948031989556,1000.1752308069107,44.60127845149867,54.76857230291441,2.103849608724498,-5.895510197708113
19.952229357519077,95.89232647223925,993.6028447711642,43.45914319902552,33.44144513546124,5.910887868529139,11.758069928479532
21.182438914513305,33.58067985657087,1048.1754901873098,49.895466089514315,63.041602841911846,3.0363608734095857,28.987574846930222
22.42524100593441,97.25225398131299,1005.3151729428514,29.259157074920672,6.868468621938872,8.392256134022418,17.213776257455322
3.3701013928770642,21.1884898006003,1022.0963348010213,37.559581822569285,14.513969326614063,1.3860631857796852,8.926052388177808
-9.244465789276248,58.49005534534765,1022.6987044970131,10.133595315365234,54.62738210112592,1.8878760664380771,1.1528489551752714
38.25076847272359,46.66942704932502,1019.2331437521451,33.376440911208476,6.181569384445396,5.688965133872352,42.41766697767614
2.5446522845551236,55.92987311442006,1044.028702046485,32.486642437869534,88.09087649911007,6.30047605669261,12.542565651436494
23.801314402627376,65.65316631846312,1027.2108749956808,45.06043679208062,14.21463704565168,7.5689799807047216,22.62371220303418
25.331493493935476,54.84713264101672,1008.2613102873452,41.53963614195371,67.39198740845364,3.3333465542697445,27.83325226020331
20.500370853974285,53.1877480241276,1040.3666269166993,46.92332313088816,39.120344171442525,8.575843673919625,21.75625874561165
5.645369710682411,78.61787323306453,992.6744029381175,43.44167363508038,39.978774754224844,9.578281057964048,2.629228246247843
3.554812688203288,74.87010200691716,1018.0965730327292,43.4346947449426,76.48895286111438,5.491353732353772,5.684289376056422
19.883414135135155,86.66170256286783,1046.5385260360629,3.1861663344359137,49.946213417291396,7.844782284728211,28.637512086200584
33.304781680584576,39.99671849915964,1023.7778340916288,42.29809763479779,72.56554636438663,5.723635190894135,36.386415455672
37.33668644616978,68.76228078032509,1037.1877915332414,30.373919725155908,50.51912287527692,1.6252032647098955,37.36715837094767
-4.704709779812118,66.81558283142832,1025.7492507881634,19.02222258829806,59.29053414052634,3.9350036155835895,-0.3228859921044571
-2.2585693701140075,49.5790248698151,1038.7559604476523,2.825731219403116,76.07146278696642,1.787380206643135,9.79038685960209
37.236812939153985,58.88460335221447,1046.114151589167,33.883688738402334,60.73087429212754,9.899912073295122,39.09674311711796
26.82676141673963,45.1025714644583,999.1045209272916,16.410087526880872,61.56151093887886,3.061233208660395,26.67319542555166
34.149691241488654,31.347551809358816,991.8762756879703,23.388813249301737,78.92195914275945,6.723103774741468,29.391881122728876
0.1316317067671573,37.104096853018625,1013.8793525232778,34.086421852756715,94.90868158193733,3.559105917504436,6.659656698812832
19.379293555470092,28.44109171209609,1029.130369877695,45.58872735120714,37.67161539353368,6.879215938203333,25.26462159077075
25.056979720873684,74.64556601520994,995.9033877227552,41.27184578024992,57.71171572259512,2.893615217834342,18.16546322761027
24.00559427234863,72.85819144873213,980.2871015301117,22.529856455179992,8.62731577335456,8.067430593190672,20.555918448098808
10.407584543334906,96.04850972638982,1004.0054581085694,19.389157872318947,35.880388056886694,1.9973044255297194,9.903418522878512
-9.230255415434577,78.3742730917793,1047.8201534827451,11.988986942202374,41.2049225889386,9.056353600812523,1.9379632304001118
19.146302840213156,24.163667100490514,1028.6477222424094,18.621337558798412,83.5237316824051,8.56379523286715,24.949998119063167
2.6550769589804375,90.73961391431634,1008.0927810758857,5.552319364594915,51.33924021256768,7.10926609274547,4.291860317714056
12.512712307144518,89.01401303565807,993.4803268142788,48.55527541823773,73.10663732984578,1.6067316442856305,8.235727407180777
37.879050754190864,55.46562566181589,1004.9262771628323,28.695872197978943,1.9007400025671362,2.877121254960355,34.7677502431344
9.951765882121737,66.86904404223372,991.8887603310874,6.3902921397606445,46.44926696283156,8.734254361219683,9.914283475431546
31.990080333221336,98.08626659780151,987.4414074919066,17.64030046329529,90.13176651635843,2.097769908723356,27.091749003628003
-0.5729697125374429,62.5843491078533,1043.4719660800788,27.351957181032798,22.43139093057851,2.4033888667721808,9.809326146082944
23.62302490125144,92.42574627008719,1049.835523686283,26.644281832043482,3.1522185307112927,5.896029913799687,24.46490457085932
38.85034772194717,26.643100624814913,991.4880107717054,1.7751684359316178,43.34087337134764,3.4675969570690937,39.496594341443
-4.905344956353161,35.284149496694624,983.8165791214795,47.54205171145557,70.44318206475954,2.9986812994953658,-1.4146041444905313
-9.584002888640399,55.26039547530543,1003.0811775002348,13.76878407374723,45.44635068414695,6.182320886633625,-5.095852018725641
11.679139631630719,66.78054466698438,1012.316142653299,0.8092334465945594,45.997831351126585,4.353190088122261,15.408679046788041
-5.36872584743164,85.29822814902401,994.3374872953098,3.8222004475141236,66.98050412383195,2.2650390709270187,-3.439758815712022
27.419217483811565,99.06096921145495,1001.099743825899,29.009745162398847,25.4388808283049,5.81368390790918,20.39599840673975
35.727433192427945,51.10811971792931,994.060951498416,6.889276033754843,75.18897916419775,4.483111629507604,32.280434984147405
11.701048635437942,23.793250891206796,1034.1982397902716,2.0862396426751637,15.311353090573343,7.610650968463925,22.5694757329359
2.9355821077720474,84.09372026362598,1029.8804560273084,18.981323320635568,39.57506052859877,1.9247989808853028,6.309104934917733
11.72016595033049,68.35045752662465,1024.4466061032688,31.13805961700943,65.6008108470918,6.585519195513765,16.5551915088154
26.172390892500047,35.88342870945613,1007.1052499955443,5.591990242080619,82.83690072301977,4.928439942489229,30.77199083079569
-9.54729192098145,59.586276529713615,1043.6328658919965,15.666391607565778,79.15310711650552,4.654556875471637,3.1668537321708077
19.472699474234858,79.38481964269795,1047.8672779074514,20.888033581227113,72.16855993076979,3.090589192075071,28.296308195079053
20.664584244368953,81.63294296549151,992.1547518837789,7.973004889338359,35.9096383536391,1.2738342538244,17.27735914399198
21.884412344796775,59.96947295990096,995.6108848988315,25.303694923335506,12.230431629372385,8.62920274928181,20.235042792881256
2.101103999043861,44.417162410308734,1016.7941719600259,4.260704345088545,21.68342176929906,3.937690774309833,9.17998207863732
25.702636168906338,97.89940656307948,986.3875398497572,2.325924817253433,86.4833814576485,7.129819357568624,19.736327105143463
-5.43042568341118,73.06900887651943,1010.551387917618,25.99176835775674,85.73313701326595,9.528286597990366,-1.0939048230629143
-0.03648317665996004,52.659001547703895,1020.7253885344397,12.394848637543781,95.15608525390158,6.084912682739184,2.822926966287516
33.873502332724094,42.43705793637219,1016.5451499796134,4.768690394901376,7.598865189554161,4.5743221226787965,36.05066110248768
26.936157536328317,78.48823864028498,1003.1636008154618,21.195629374381614,53.68090852774561,3.4144620971383333,21.27656016849067
-9.312722299432737,39.37467564750142,1017.9712064254045,45.75703697586974,64.86830449042336,9.40639413382744,-4.58320544651591
2.4188130184900096,33.73679911789505,1047.1160667981194,36.209622332707745,71.06573770668567,7.1386913624602855,14.079755661427253
0.7203241496582287,62.38671111696562,994.4212183003963,40.78079576735138,64.38632350104302,6.987532539309036,0.3472491176460772
3.540316401848628,43.19899141153135,1025.8381950875803,43.59569943793182,77.0011389902282,4.835424926307493,10.64452286932089
2.377988513994321,70.31241159388921,983.0377685909236,48.631387069820946,35.94715762893416,8.605438415806876,-1.0211599626707262
-6.873685212857713,29.43509398993868,984.6491483137005,38.16232867570865,17.943277213548214,7.423049683085384,-2.195371504072197
12.947025829841017,72.39528836538572,1018.627975695651,30.420396096973985,20.458337215043855,3.548649446029145,14.008364024390353
26.636673739308257,42.66372223981618,987.3457426229564,18.27129401511236,1.1978689470164339,6.396207940225432,20.506534612788325
20.33658623587182,20.01943475476102,981.56427518988,9.082161827885804,35.03218721062223,4.871745591411391,20.91586187122043
23.64358342990399,30.154884613934108,992.0059098353615,34.33299369916472,9.174405087997728,1.0593114654674172,18.431172245244557
-5.942541073188043,94.68923022680752,1019.5394419699702,49.74749930609709,32.14886927901909,8.268610883516176,-7.088198805228577
37.57453550883936,89.38837112922863,1029.2338668163252,23.367934230945952,62.82100771662478,2.105473140277307,34.238075745079506
31.92459169215124,38.688722562898946,994.1734994898966,36.18396840464038,89.44780555868199,5.589590554023528,27.34221268100873
30.254515924783135,82.2697523636393,1026.7781606045721,24.754622499657806,83.96054509905164,4.0260357377633404,28.823649703844875
31.149190252088374,68.68572745391793,992.773343176946,21.59667116817383,25.267421195757688,4.078801370806097,24.733985789032683
36.63552540663807,97.67237691598956,1022.942019864188,20.515280677995758,13.408314219804696,5.296283950724272,30.93004006092025
17.212698305684885,49.888452762724725,1008.8371775927059,25.23123414658488,19.30722737967313,9.973207936177705,21.78740376007236
0.014100893381295165,74.5168490013737,1025.765965653353,18.344783093268752,97.09866519036069,4.675417125683282,3.642004439819937
20.839180392627057,25.082857793913487,1049.6536926735473,37.43866609109039,54.94744796854908,2.6409630683491514,24.8212600004027
27.14407468339695,51.69978774531248,1045.6471875662794,43.71360132957583,18.250222300057484,6.52245704244432,30.87604178370701
26.89586966770127,97.10541289505444,980.2997230485272,44.14426533225921,84.07461546868151,3.1265893723556912,15.681339260552734
16.072451208344006,63.11846995600965,1041.9807135053613,11.384935671291297,39.51912443125549,1.9499422304165537,20.570030918265644
-6.577064033321097,43.03036026678757,984.6543556622337,44.79545693657454,89.92221519747274,1.4515675485933621,-4.153867784454642
8.55564692150639,29.621677050288547,1046.7132610311892,17.077561592755252,26.06771268344865,1.2059314661771547,18.159361556727525
36.038330423167864,76.28226721452243,999.727797536978,15.465383274264882,39.322175880423615,4.880481834799573,29.41070674692857
19.2224454878713,71.58848347437814,1006.742438128789,36.3378028699118,50.494776279008455,4.840532018860543,18.698982582477605
16.91659716278567,49.91509708830197,986.414674362301,15.234817004314472,89.26153340890316,2.6699086007015764,17.886241786651254
3.442675719109676,96.07530814926675,987.8590930830237,2.6483202804855055,86.87574316050558,8.056171483940883,2.3604419830108556
8.422445995828944,21.776225039028027,1030.8718395660524,18.6808886155154,57.43550703038779,2.163435651278909,12.206601454163591
34.76730445765846,44.29790813054606,1046.1032565023804,36.07328001791745,22.177550978089066,9.237854733753721,36.890221608233176
23.32315237634179,93.68555890396651,1022.7523946468017,16.347921013508827,40.33569717378751,6.2881837987894516,23.02019501519042
29.369351337616642,45.67483506555523,1030.1095010868767,31.477952799757325,97.56330653655054,1.2485473849443665,31.76389054424532
12.717271153382757,40.18022670841363,1033.3378821218007,33.00597221315652,60.777322387740206,9.666753631684449,18.29109574343614
21.512360972807897,62.73763279449979,998.3969992187059,36.68680058631781,78.10977551241966,3.7714713359126826,17.22619267113506
2.4191804371603762,85.90413999364303,983.166074164415,44.85652331554682,44.98646953614197,5.049774636200681,-4.3951110351750895
25.273041514174317,28.251740870268883,980.1310920743418,21.628224963421573,53.20072754668064,3.5584182369509696,27.17576201603289
11.380066685166867,95.4416567716589,1004.5454498067813,8.321603833122854,42.895411223254406,7.5557916823039974,10.357683326298007
12.127275740737279,83.60583049449312,996.9024959739452,15.946285771594471,70.2920998061968,5.371121986475848,11.642021625314126
22.466116228844086,34.500020444124154,984.362240753443,21.608362758699297,85.14710138868774,2.1913566346225233,20.92261748123664
36.81403107344633,76.96063689585301,992.5669804745567,35.69457346640566,50.73635432245636,1.937835571235084,30.328091255900333
-6.799682669568954,50.79669781100457,988.7149228787564,0.6561062780816751,48.08674586362257,7.528378719921173,-3.693239775723175
31.23716186735038,52.18357424610549,1044.0414866432159,15.789269171993947,34.02864670983969,3.1337326443814435,33.9527694672932
4.619155520609656,82.66320739510931,989.8187049421418,38.99212905096584,17.709669429408383,2.2401403717462527,-1.1925540263860492
12.195972725318892,97.02278463845857,1017.6353924791375,33.54288516653477,93.92477228751088,5.494848372980585,12.345369406478238
-8.904333561249553,30.132469827775516,1021.5174168578516,36.586998679280256,31.607971867950504,8.224887587826736,-0.20533370402810452
5.052303891715651,53.65041895030555,1018.0442620396044,40.59053847195974,80.06914635742855,3.509044712858174,10.556098971195947
15.131562131506524,58.47532864674428,986.9339503951192,39.16178594389812,71.53470212874741,3.48788450530727,13.736526435398021
-7.19119613262805,50.10494535639981,1002.3158853225386,34.10915830763891,79.09176002781291,8.504931342343392,-5.096011843746319
14.554786469158259,49.055129897298,983.5889232724207,21.98307661852953,93.67681333721023,2.330504151119044,15.151525384781056
36.35553144292137,24.18149340492772,1007.6968939867421,49.17991644390769,62.33707602208972,6.550548326078925,37.19327492021391
-4.7303390946097394,74.84308964500985,993.2019251890115,28.45365977950369,89.79503433820446,9.59512134684327,-3.0689464729278577
28.22203640377522,54.89715336960363,1019.3142773299066,10.138460468441956,16.769732291229367,8.57172834619577,34.48583083366216
10.483552668799632,35.58350421151414,1028.496587569437,14.64064275523922,62.67125759567877,1.5563371040175626,21.694712954228518
22.758685726216903,85.28268018416547,1017.2483902143294,34.678122798523496,77.22756129146127,3.8791978890546286,22.755448377884147
3.0118298992614676,84.20485985213023,1010.3965687627978,46.23697825997318,27.164113074417408,2.281370190333547,4.201697439297893
-2.025386872932086,58.91133024711151,1007.1133394599684,8.936006460294877,74.0753801291965,9.543165739184257,4.349025697758686
-1.9768692864386779,43.87605289182084,1038.9184237667903,4.117324787289317,77.84768291162368,9.87347409599873,7.27356666149479
-6.475402717842767,71.0474180637162,995.3557645545689,44.076552402100305,83.11879560164448,3.114937184860341,-7.228007207365436
-0.7176647549378483,43.05217086219224,1031.3952837670208,45.76389894564172,31.288291259593283,7.027291403458773,7.713751721282314
23.21096924944841,38.880634425896965,1033.0237627318083,13.818967265794974,68.16065901683092,8.574685588424066,27.16853697618575
34.084530592175405,78.44117232210613,1009.3440005089515,18.864286218561993,30.42532834097621,3.1031225597302887,32.340481954041735
30.70628427955809,23.226019177676058,1000.8110419457947,33.00939987489292,73.90403874984554,2.689125708888797,31.02711073460723
24.256715493724208,27.581477682767517,1012.9379040232183,16.49650104212374,46.29736651457122,1.1008992092255228,25.81517029723649
-4.478406829444866,20.543053921887182,986.524974812489,43.857935413502645,59.754437452722,4.707662112473733,-1.6125076470043016
4.459372314797491,32.235454918034094,983.2151022560363,5.378935135693136,41.58399814305689,9.094937161552448,9.03511184003276
5.490343766123448,25.519200696836755,987.8122239616324,1.8991110480097606,16.19829269298243,9.12681684150714,8.866875088610042
2.4978473198810605,99.66418942239349,993.1001522023558,10.424310337139476,17.802952960536366,2.1496881475811467,0.7669376768397798
15.750282985486155,43.10479759632717,1015.292377423663,14.30438891024845,7.7568907262134505,2.8391723247555545,20.175964455803275
16.77769074398363,31.94144101353978,1039.4395645312786,5.646329564443753,61.80726797216618,4.672425978410803,26.25771709855572
7.84429875855551,39.279700639673436,996.4949632399781,3.284521467032336,84.86383979530594,8.025620906473318,10.173615374081022
7.6894579368218,94.89004572321078,1045.4613407522745,37.78038567508991,2.0836826262080943,6.506663351785557,12.575539513462443
31.42777989530407,61.61281784195165,1046.8435536254503,8.213828295112869,6.62395020883535,5.624647691681948,34.30228839353276
29.46464241598428,49.18544770462855,1047.1233223391644,45.6961099533152,45.746699230291036,6.327386958003428,32.295660976757475
5.389791584037283,89.87131663273755,1038.6293914273426,18.3999830724048,73.77207361681893,1.8657972442206698,8.923728860142594
35.68942219366296,51.5992216439226,1005.4677528558404,33.53029048606727,15.77076447119513,5.298972780294163,34.291244916440625
37.6407508501253,46.800685596615665,985.0878737701836,11.270105738440012,27.165131954919385,9.928569605852156,33.77072480859535
6.337127101502041,36.58260180397885,1019.8173112236547,12.016138424593342,23.200620128180717,1.7960153224517903,12.563020499789053
7.721247439652743,50.22374591275292,1019.1077010756063,28.735460143378766,39.90512186711541,5.673220098713978,13.35608278402718
15.28170767109794,45.33474848135408,1039.4983036976716,28.032146257299306,22.499867701757115,3.6608433549163713,22.643534049195374
37.056040626683675,74.18431674385128,1049.7193735662274,38.43646140060407,35.2598678544753,5.859219671757631,38.51901859811119
33.815971657115576,43.16661637365817,1015.5710114592104,37.8906652847133,72.85425986619441,6.16436884030372,31.66090336766185
-4.87160187082051,66.1759797138049,1004.1642821727849,33.53438823318305,61.100924845418916,6.197256083075283,-4.126434655496756
9.63653716357081,25.271373202557818,993.0131198089387,22.45652829467455,8.11817053916929,8.669879067797979,9.06486935865185
17.668559487488594,35.30313253572115,980.335987737216,44.532019314030855,63.77456662457177,4.507726732062949,15.298961256690117
15.156623627577002,52.5924217289079,1015.6379584742216,31.128924511064938,47.707717155921344,5.647187463998463,15.740706325800463
-0.3068466031553658,94.95594031269563,1018.8863066691817,49.50992452311786,93.45655747071388,1.0983555907097369,-0.4904910274440839
32.940838558407734,50.180158857255634,1037.7456935872178,40.96849089671793,28.930431710405323,8.1059554142179,35.343548198055174
23.84703914984187,73.12592969598673,1015.320387752496,2.215490561916311,72.616641969916,3.3353893663826764,26.69518291912661
31.89541874259018,40.40697779371185,1044.152784406624,16.02969535401589,73.086082304457,8.348995216364647,39.55756179763116
32.93821396747361,30.162686077858538,1023.9658433600005,28.593785823547584,22.150078100918734,3.3907479974228547,35.640237256438624
27.41779268328699,24.682928006404012,1038.823536675476,36.07347689357436,90.32236249709361,1.09709646636243,35.88135317572488
11.960530062485866,44.433079883420106,990.3811214365423,27.516824888097073,49.118320042960306,2.393481863741021,7.768434114874153
20.527337750771228,32.612882143752635,1039.873529121162,39.30652112310909,67.88833668893024,9.871146123149511,30.609350928207192
-1.9817296940128433,33.920835841289936,1027.2600698110693,14.13278263786723,14.585555888350454,3.878211213531897,8.369233661162097
23.682270873745388,80.860744670956,991.9163122706832,9.195602561641254,25.780391699196926,1.9794151181147246,20.194343951567372
-1.037337213035963,21.267045675589937,993.2834490702207,2.6958341894885054,58.61071179372228,2.0688292326317548,2.491906004426797
24.697479525507838,64.62481005883475,1044.8550433330954,28.665687228576104,31.90272683733495,3.7930844265150143,28.24171019824946
1.4799080376984328,50.35691044747718,982.2550752315261,34.429976033774764,49.96929185709734,1.3388053700508673,2.064833270441756
-4.122434992489001,60.52399999268378,1012.3774460306994,16.30748585596808,37.40051993732892,5.603397293097584,1.9594116358389786
-1.7357754928521292,65.02641897716823,1001.9432702953872,30.67920924279383,64.0553796644048,2.9236682394038818,1.4167941362521863
-9.900393239046487,45.06941555658226,1026.55542079989,2.6078615426664618,48.714536278080885,5.67379577257185,-1.6249609235988316
25.93698089267651,43.608708814742826,1038.7740571298295,4.964667314840182,0.46099359731681666,2.266877968292982,30.26591683129761
26.620052452918955,78.67214794679245,1005.2264685089599,35.087738612924916,64.9680837945384,4.868715061157431,23.753266583640468
15.746667495662972,89.70215904969257,1009.8831461125986,18.403485260864937,42.212155705018176,6.381251725611201,16.31050021672762
-1.9318599472308158,35.40653059668223,1048.734244915099,33.56670155515028,34.169834049022285,1.5579994450429722,9.16356795563628
-5.822283124465512,27.809500842811914,1034.8741556775442,41.5860560139959,9.414675228322356,4.5887437832595275,6.941088321481529
-9.04355167813565,91.82366451136207,1042.8042891652253,42.631121873805846,22.03696905664915,3.72271438890719,-2.677549881850538
-1.7125911517389643,47.991637091791894,1010.7133554456141,8.608382273222547,22.377229158085342,3.163238348397706,3.8801334691935394
34.54277674915733,64.10539125302513,996.3853342788881,24.314278617567325,93.53694994047291,6.440811634760468,31.8161351298819
2.0768420850840883,48.76345156160028,1008.8304425770516,36.696336181624325,43.251297474654685,6.2968778718886655,7.792449500054053
7.713566360860781,30.064186907684103,1030.126434248206,38.69902981334552,4.206584721517004,6.676298260099242,12.036899581071456
-4.732725775933341,67.14653159581825,987.6601283385186,39.23379903644388,13.881668224332088,2.429944033892692,-7.4432335543244035
1.1180652374085138,62.01126814157037,998.9328373931556,11.408366719029223,7.903267573291206,3.5713832037609494,2.632438398005415
15.961228539010257,36.239484735295775,983.2645130323114,9.626740886188667,58.88693902072113,2.8871090019557086,21.99410895904965
20.387634154782628,56.149523572182225,1010.2643416836692,29.500623413684796,18.662149156682673,5.864532444980577,20.379210102574927
2.2676157083105526,83.75580032125167,1037.9212015185728,37.054289886910986,49.855764028177596,5.149591202886547,6.818909173783076
-7.11339203874414,67.23408824863131,981.7264581808607,15.956975776709664,37.00620628699755,3.9726436383347505,-5.72728649491356
9.551643456369934,27.753386165359586,1027.2726468765015,5.235257843121078,80.38763771441994,8.074133279815898,19.681617989631803
1.710168546316707,63.841719778330805,1045.2747112159618,35.837319145503876,32.04896372653623,1.8457636996754452,9.685216640131328
0.9776961614900976,76.21906394316696,996.5849503057827,14.984891569000226,45.82654823968083,9.77407019880078,3.800709579311139
37.99314013567276,83.41627246246011,1028.5544388509354,8.318136215586092,72.12855485978258,2.0488967003378686,35.1001839691342
20.815024296286204,70.32940629074133,1048.257133077014,7.386176419856582,43.335120693063935,7.957637313115325,25.403502439657796
17.843922158604794,32.2126531632627,1047.3594642106725,15.745477376335815,79.32155360131891,4.314071702447487,29.231941245696426
10.788755176166095,76.81386132721286,996.44504351204,29.633903295687276,66.16843562366648,8.78736006218625,9.032280585152737
11.447216671507213,74.1873476865213,987.0231737248448,17.92011193469083,41.0529113946716,1.6675295390574585,6.427715607834276
17.045250191904042,21.954150635250656,990.3797776527141,1.0330925796715795,50.39819256863627,4.37249539173104,16.592366767987507
24.82149035180536,52.939813407219454,1029.1424967937498,4.845421733890554,96.72034558421934,4.018990658502126,27.370303548135535
25.107304809091474,46.63601975698987,1030.8031212817293,14.525162359930954,66.16114965083923,9.938413344029819,29.508788665747247
-1.4153046147275212,73.55296514029148,1027.196559313974,32.9852241073546,90.49952259723248,9.86994095400663,4.277735697440224
15.00563760383135,37.29086498487366,1003.5254871419567,4.925753673426692,17.875850347106436,2.708235627997492,17.395938152200642
10.597904751705098,67.26975383794068,991.8843857830685,28.032842675034093,48.32361562451519,6.66952264628505,9.777652844101688
33.52634831346921,93.0564769451338,1020.6532764366577,5.9942935412002125,90.86616698450506,5.819674779198462,30.97702172588954
21.57094606091882,83.82418977668863,1013.8576312030507,10.580766367469074,32.26120614414177,2.3893614211666487,23.62681573496389
16.62520332079909,93.71661889732243,1031.0183902985611,8.609426377788138,96.76641981464208,2.5100173549398077,23.96006072593291
-4.230267891054131,98.2804773546152,1010.8952055079935,3.3614317785405246,9.707749047365743,9.903265556315992,-2.777182122662073
20.281894466170574,20.85361016049302,1003.7047786280527,33.56649086932951,90.26711702750369,5.074569942588394,23.40857935574487
-4.139804715988329,69.81930211019821,1000.543500415131,23.170177369301726,44.52121220658587,2.1322116280006616,-1.3845403353011463
6.860328778287602,53.02715182071252,994.8029224034823,41.55267204486691,7.374416514116067,2.9331103486532886,7.009302926686308
-2.857901759283407,88.78835922680975,998.6022463330663,4.944541999115848,87.95215925860875,3.4151326052369466,-0.6826734928489373
24.603682351218445,40.145176160730536,986.6381307190871,7.236646666903612,25.194021240911347,5.598255369867574,24.29304555815478
0.3126056918076294,98.48235912920609,1004.2799907650223,15.32288656752253,2.2250125495225204,4.019933165556784,-0.6791267466925786
9.5929686594013,69.09663756349978,982.5598868654071,38.29329934694041,13.580710556919229,5.095106073009289,8.728701963120539
34.783738880938934,83.48299217830647,993.0489693016428,15.28794115778494,65.91147418997616,2.4984959599122645,29.483819506864307
0.2158191699485137,26.847964225821464,1032.27393112336,20.42093537493463,97.78114891381948,3.940558215287556,9.08605121648705
15.390253197938957,34.6766307807092,1002.7828292073635,15.080178314858228,11.14621395835168,1.6328493344597863,22.8574052688478
10.9635830583011,80.67229384273625,1026.7765911884142,4.011214590051498,46.1948048124762,9.007392461282638,14.448763286585383
-9.093797947713513,21.75892176314589,1030.1818922918094,46.97168114480937,18.06365509475325,2.788772294517204,1.218145472770281
29.637905678640642,85.35023887150263,1020.682973991248,27.426949603559443,74.50365341015922,7.812101218858649,28.446180024794234
-6.5477046842700135,21.115921495352914,1047.1088418955778,39.39165940927484,11.805889976181415,4.145966093830114,5.58213139071277
13.712751048847679,72.56950712490186,981.500790663618,32.9178546092648,23.98417484808896,5.26957587045814,10.326833100695865
18.033914746947495,49.20751361854447,1031.70568554117,25.712713953098753,19.640596764907137,3.6213493551510414,21.172443760759116
21.421322830729352,68.91958821753593,1047.1150650758286,4.483912832969006,55.25197803669779,7.267971439966328,28.730708241489037
24.431581465393776,75.6825125591291,1040.3590210547059,32.13667726351522,87.31840920006323,8.600917773472368,23.64255447909964
2.6636191761357537,47.398017534904334,991.752488426351,7.768517796841606,51.109020115641854,3.576431662656293,2.2505427685193493
-9.50106116707753,28.636995848866846,1002.8774214376213,20.71915846781383,5.824345277147125,3.179958792972332,0.6802427266642792
26.172183117745597,25.57166941986125,992.0716287913526,31.455657174021518,56.33889305968312,7.132962389175072,22.926223503053105
16.78282996737893,67.11488180500382,1022.0915854670293,39.11145002360617,79.75209993180094,2.756377545109488,14.334462542672146
31.805885160362436,61.65242829872892,1029.8531587385644,34.252258785430975,13.215619730432271,6.758557890487951,30.40533665579049
31.069418145034717,79.3760807296906,1002.1951638554141,33.57667645273144,7.271121434459172,1.8498527172427197,30.18947425897327
32.16630838939416,60.77884080031497,1017.7654601789006,7.452110458760375,18.780777755756905,6.581234439646185,29.187544890311486
14.254732998977008,53.79566320247033,1028.3644399049836,17.306427003579394,74.60863228216274,5.620660606093898,17.290586263318293
6.6814197918432825,51.84697425889847,1009.4937871627734,2.1456136330097078,59.16804195320016,2.025151440186775,7.931851306486463
29.5779101295685,22.115752207813397,1039.7810871318823,35.973844658823225,54.059465396174886,6.841932713781398,34.99217587616931
12.564705651462745,46.844576135732574,1034.0084954701472,47.62929906587095,24.947989463176835,5.0190144133066825,16.780201283751783
-0.827890179828275,98.08161260195953,984.5265880695399,13.205519508953788,33.22365952468594,2.9540354573537715,-4.493036439481566
32.748700978073714,89.8844460981671,1023.478770936358,4.384835458115466,96.58850129433422,4.180457401319596,35.660481609867496
34.127993838617364,46.35024536273741,996.4727885671824,23.77850383768268,24.06252267293857,5.428918950750367,29.184617591723892
13.315487807008505,67.02363240530977,1019.0262785267092,42.83491115637844,90.16454232550885,1.823988045379438,14.464094705285689
-6.215013634510626,87.78373964283952,1046.9821909843076,27.598709763588985,58.05315044577366,9.618485348155188,2.0391348913469702
9.391304495846562,55.30194694000549,1041.5343403186575,2.338857509505665,12.32964663712478,6.990059405909091,15.711242714448197
30.17688297313017,21.436629100012077,1008.3161482180592,48.7136120263973,46.7312378155068,1.922814831589264,31.720341793041896
35.088701427311435,25.960836945491206,1000.4059700841048,41.43249549813003,94.85487173608759,8.405759658956136,32.938179006178025
0.17363712487979122,60.83141770789653,996.4084021085781,6.579703852575508,41.85655981373586,3.9029943785153085,3.1619713955537545
-6.651319398736424,97.55515005407027,1017.2760408829564,46.089887825175445,86.33865647893623,6.371195830418655,-5.3871202551182
33.86752265664193,75.45676337750942,987.9973917280639,22.53441443025943,25.64286946517077,3.494285574216159,23.722678774508893
9.470246948943764,25.67329531508556,1018.4492505689774,18.59489952874706,57.0922151800373,7.600653504231465,18.44568631583609
17.088048213378162,35.14887006334902,980.0933547643555,23.05266652635941,84.38520582019737,7.5070807750009205,19.71521789534701
38.40329060253794,81.705851457348,1002.6694741522091,41.72859784354736,92.06884411696954,5.968391111851762,32.06681176235377
-6.6717636042888575,87.31518079649958,995.3954019681407,32.973983914339286,48.58233671513007,3.168330332244203,-8.791506531594557
22.41590037260478,69.41556689508727,1047.9853152972548,2.962422619986377,63.968810214542906,3.2833342676093094,31.561971571047362
-6.2947288712566465,71.55385357038533,1030.9069623698986,47.88021855580855,0.29801307823309475,4.445765170254487,2.947971407230324
8.77344642332502,22.26699603067077,1004.4757366323566,7.389206673915888,25.32233075133896,2.3051095065665677,13.640379115350312
30.190727259672336,86.28242076652069,986.4991560571434,37.278397586767554,27.871210374694577,4.0389014187183125,22.43311680819193
11.673611637781718,83.06201665366638,1016.1760416283437,31.80682652140655,9.34930116544308,7.159191411234812,11.953851282659377
39.85911769514752,40.72281152826777,994.941351692823,9.376402397328043,27.969501335697665,8.477607520534791,34.045709974180404
17.952964247330108,76.69413759724056,1017.5500682128851,8.536603805652481,32.112203305813914,3.9932406144402526,18.747916886715032
6.058107631797675,37.18836851399985,1038.4753647925224,43.516379685234604,96.87660395681932,3.102312324289276,17.199691515623158
1.0055662952376565,23.22641288412104,1023.105478647097,20.984746174979858,66.86023805608376,8.493783205016209,9.075825486996765
7.526026714308092,36.09092340723018,1024.3651893681501,32.72882570870693,42.600507941634426,9.01633624647329,11.448116898626228
8.62666368797754,34.29031014034396,1017.8721202343968,25.203550192833664,98.80544606955092,4.690193709808579,15.003451087680189
-6.564316113801951,47.01983973878778,1044.9085942841987,36.36767585379798,15.32323202346112,1.2421373846467048,2.2422518771169964
8.47870997133866,53.475959774036646,1045.2331879094422,23.96211875196653,47.605119393048454,7.254654588047368,16.382794695197077
13.211925986961248,60.68311131981663,1015.8906240751487,14.36899576277842,64.70622070490494,8.056299125648165,13.502934445370554
26.13688761194023,58.14031004066625,1001.4031641000453,18.16916854982482,5.558063448407702,1.162218278479962,22.793897532037985
22.8364742360804,41.653968477223145,1012.1710904115611,42.95388472251713,71.69988580831188,6.355277680073619,25.231973457825973
25.438282761457714,22.333653485925957,993.0590538536931,23.40173464613635,9.98673529219899,6.295318824197575,25.856352972914294
-9.581815906157145,68.40812977897205,1024.5441020722662,10.672466612230464,14.028230859967694,4.408371178731226,-4.021316696008557
0.8833699790268028,51.65958638778835,1015.0064635047563,46.730269403862664,15.968951246208407,7.74790593265754,4.771623887279833
23.084214419992826,43.89377259100398,987.2310334469296,39.83002282491885,92.88898266555178,4.853611343029246,18.98894090805256
14.199468408987357,89.35528342644099,993.8353446783731,2.7833073028099564,68.32355451381677,7.090983566122277,10.289741471399099
-9.734326216582703,79.73946462385278,1013.5742369339669,49.94714809902589,65.54275011031041,5.654055741716367,-4.786487524363174
30.224732121591117,88.62124386979538,1042.1312293503202,34.74633482200512,55.549349646499216,3.2361814423255955,32.74944556159412
28.64047866451687,59.59862357699688,1019.6473504441768,8.013329952029347,29.280599869510283,6.458507767091185,30.080407348442456
17.420958149678132,30.4745001701422,1027.707450014593,11.858384064929822,62.08897045993515,7.6321764536125745,24.221727387056895
-6.676833711186394,75.69771488970179,1003.7319984820737,34.622274062077345,41.01497198886398,9.765151060933032,-4.919235811146081
28.325752476629233,36.48590239497402,1019.9987975130964,38.9880527639561,14.541615009261488,4.420980521221721,31.182452920650665
19.185679386568196,55.29837352733735,1011.3165875846647,11.951797157490308,68.95972903277331,1.5802529019971598,19.38485255930978
29.097998857897956,25.200063115911078,1026.1390938836212,12.848442694963541,12.958216792992271,9.891740990992167,35.72074539447266
27.587349619792022,86.0246721938386,983.5402896255307,15.356034743603042,19.066858102117322,6.6142599348298265,22.037646783747206
30.150103597891857,30.075251283800046,1014.5310151367271,29.900918241831835,81.7699311847606,9.518054123446923,31.380061638142443
15.900403320231241,92.24780056394478,1000.7194837600777,8.590808915063846,66.0117096125154,1.9344437741000742,12.838344832322345
-2.9837740903242507,89.13844818092457,1002.8329542894536,5.212159944238875,63.09911542136424,4.078304558834119,0.17931319849013416
23.557873668984435,57.16662115513969,1047.2642202090642,33.94320445427568,41.82027843427241,2.205430289854519,28.542363102571226
21.02368925259853,79.54945634431925,992.7886368897967,38.95489698965851,39.62805182393711,8.519591391238535,15.078943849490118
27.112659359954357,69.55560590545227,1001.7871676805017,25.046470220825274,69.02626091854012,8.923084672863844,23.727924090610376
-1.505949697463235,84.24605138701959,1015.692480301161,18.191635513419268,74.00055386090457,5.511805298875184,2.9629582134761936
-0.25124000498553833,54.54440806287296,1040.4118863704737,21.60213567632382,51.02132023643106,2.679455958958274,5.183463119995234
34.52047586096642,82.864678739548,1009.166905824446,19.420391693597594,96.92692443485262,2.1440707213573766,30.40642866048369
27.49888992260354,56.99654536521184,1032.070569662172,47.99924541188376,95.56995589188719,6.293476990721861,31.366121323079188
35.411424435016144,95.2772630274235,1039.9461868750361,38.40449526095701,41.24294900127586,5.557386921267705,34.212799451570895
27.935766058196037,58.90976806601181,1001.7011449075294,10.404360742505514,82.06222542831536,7.253101921309008,27.3132068677455
19.857765299515094,57.00954175469836,1007.4925128477097,19.209457602699004,54.32678415984154,3.746865363579921,22.65527914030785
22.706636851393682,82.80574892508102,1004.9589356581849,27.20061456815549,51.17558875571745,4.6213119552192605,21.84465033679245
34.456396197000494,85.72621534086704,1038.2999066032544,30.649293103184423,5.4964061378651845,1.1922496646604164,33.76224332943014
18.940337725597026,64.35912914569366,983.104280336752,23.409194801438353,57.397471046831015,6.491287405679761,14.984951941135195
21.619566216419372,34.383825079606034,1001.5894762180076,40.50633175059796,90.05779305631646,4.8082916921183,23.648557926217254
-2.1761641998199712,57.42065847660636,1027.558599031659,38.380300972911584,78.0133849195092,9.27788170432103,5.650321532695587
13.696061005805134,97.44580023277427,1019.581044969574,25.257895931408335,78.63171446992621,6.776076679343244,13.344149534548222
25.819855597904947,80.23889544313481,1010.5402551505586,42.72146933908652,15.992903857633923,4.588250423047244,22.865639123813022
3.547134915818271,84.89300831033057,1017.7963759054969,37.554476522119295,35.84494471335636,3.3723026278601536,5.55072396240536
0.11270902622674583,22.62603990553921,993.8309210079823,38.929092436032164,23.320491665023578,9.147564483468749,6.147704389279917
5.691340411220779,57.428757010732795,1010.1501635125608,47.82003897167083,31.591528245563595,1.1463856670569894,9.509993608295524
2.075031399641672,71.72969069260444,1015.1192088923444,13.323347060460133,57.95393434937254,3.94221220527153,7.013888822713761
0.7456318518197929,86.40261469024597,1043.0832385368221,13.38240811834246,36.47838133702479,9.491550254092315,5.357604721305561
11.242542143404346,23.941892286621716,998.2584613962783,44.447612784532005,56.06978174642661,6.886297062834167,12.607531196082597
35.391925694176706,88.19511085134985,1040.7479951515452,38.611318669283975,43.850124827457705,5.794471641549692,34.764587963829975
15.352982336935913,63.872074939352935,1025.0968980578186,46.32727707178137,28.661555844972764,2.831812461283847,20.225409911537962
-0.6039809592338479,35.78511764608479,981.4238581747321,3.156508016222653,9.540343420515862,8.500372968289483,1.2018313160038558
-6.151416530956296,45.380417315976004,1030.7241935829575,31.38785386307983,89.18384573447827,2.837791563334985,4.686984553853923
24.80780725689626,42.55436414012486,982.4886314284339,7.231416906172372,1.1373366004648666,3.23428178369125,21.552613565046126
9.139938221819392,62.46872274307806,1049.816678876967,25.19485991462913,0.16524881419711646,2.7266602858466973,16.00244058959231
31.09154732926796,24.134854392890546,1041.084568138384,7.787346592672212,82.6797739763546,2.4233451451256975,39.233252981196785
22.975538432038512,32.682892679993884,1000.8140623278032,6.403925449243964,99.681094032579,9.579812463809226,27.852782740685022
29.812072527068423,85.01544347006259,998.0187861137694,0.6084172691016576,72.71028277136563,6.418284365271775,25.787868965477717
3.5973019709224374,30.608319259744885,1006.7008757473926,31.511940619145218,1.5273838062884737,6.740534188090845,2.9130397419337166
24.617946123052903,38.671701556650156,1004.931687572011,17.951130834504305,22.669022666851333,9.588929191109052,22.54534786946162
3.203099234685938,56.26964844833259,1006.0636472869767,5.2594142439485845,97.18227002619612,3.075175496130064,7.463561966794424
36.95342397251458,61.36967104906644,1002.2793582283637,16.141888886565493,80.86042521738348,1.0532578473792285,31.086053929074822
21.81871407666872,81.08883836913269,1023.4793384793832,8.447204572579247,56.679984380471105,6.389952846132621,21.42721478612348
6.225590008767103,55.786594133295026,991.4984564604437,47.08474157508297,23.686070944035897,5.570603679017427,5.22403926837735
3.4755931146136323,83.1891696828431,1039.218690471221,16.000244288067407,1.437020592674898,5.298853396584647,4.48317743758099
-0.45367074641782423,69.4677045636366,1036.868173882192,16.697676164469495,2.0861472637409006,1.5569219012157922,5.992854195908333
24.732047944686393,29.047979153905796,1013.3538245498689,41.99290016997928,61.19808635302266,5.08991379917306,24.272213978931806
0.9357806498963654,32.50651507142709,1039.6910975694984,32.38778806430021,2.183187635242312,3.5880360858162903,7.530808143105997
19.765163296374453,54.96269803598167,997.3001549021205,35.508580370150064,99.36301419253726,3.4710820950188177,16.61859829741421
3.231751346267867,51.75115144712316,981.2295818992777,31.80009019944803,18.33838334937381,3.0014342216118353,0.06291145333822756
23.098447239693428,79.48354157098356,1023.3445547520876,47.30981419742827,71.07073618692773,3.992755237791137,23.350149766987055
30.74698642702696,66.45897118378815,1012.0536584875301,10.350041577902259,15.505972141241342,4.178197676290711,32.50182103587004
28.901262157232658,51.05064648017994,1019.7015182407109,49.45196208778979,54.00934210977145,3.7789819872579775,28.23579704372839
28.042566546539085,33.66082267603085,1042.953758631288,41.54780887782566,8.061128846621756,9.808774441475581,32.31673754318401
-0.6138797153873963,38.146968186039615,1047.894790149616,29.448629443817108,76.67784245332432,9.394579769585384,9.309821834973297
-5.580752650774064,66.04008147752472,1024.4117197828923,33.11858121981245,58.492109472482966,6.17059089572376,-2.237391580793634
24.94744142436928,53.8751043919834,1033.4838912896707,32.441293825030705,8.616669340141502,9.829493545692788,25.718352070314936
8.417360689717565,61.194200708853764,985.8665903441015,2.9198112029576953,84.85861892000055,9.920782092872711,4.7021096152322945
11.617311320167364,33.654194824178695,991.2500909424054,10.90082492659693,54.7018614776702,4.203457390155723,10.665809514602588
-8.442545360330447,73.03250018756526,1031.3243363467084,48.07354422623746,92.1592310013318,5.006687911657701,0.5401916836335405
2.9788224637524596,88.20309926847736,1010.1955819471601,26.718221442968964,91.66233736781126,9.63155599286199,2.288335301910055
-8.316179806276798,40.63516054295205,1011.2175689283084,18.9176801630956,92.05077894865823,6.477635793688179,-7.466071291207484
33.95928863006238,59.321138066546126,1001.6025377144806,38.10192316945375,7.778520020046797,2.9163617455354527,29.280874911966723
2.1698341609265235,98.04218632167215,1022.5149468434421,26.225947132790477,12.095776175452343,7.2044260150285035,0.8860997274089195
17.866858478650403,46.65933924405821,992.9615531791342,0.6581385715948795,98.7705809716198,2.8517156384147877,18.48437849561289
-8.051033966943479,67.6037075939009,1023.8841395519727,36.811879835755896,48.7600821398706,4.054219693046612,-2.6063558488799297
23.3423695652829,27.21565601601955,992.1659199994667,36.61087800264306,23.821405282914764,3.0480414678581638,22.769877024380865
6.151367287704694,68.48120019835545,984.4678224296799,8.25743560549872,76.9664488498658,3.20482194340458,4.926015605367238
34.89595934788329,27.170541864369433,1003.1250382089343,47.83300442121067,26.4285221212482,1.0419002341010404,32.81960699759136
34.40590944670179,96.73883482590577,996.1798239406893,11.195406577055717,72.72156880186424,8.926379489795067,25.461327262794697
6.264530918087388,77.25301216578491,1042.2294146989432,22.887468369109964,83.72857778497611,3.6639144574821443,12.185340949554616
35.04804478452339,83.0527830508565,983.8467417708039,5.736798063045734,78.42633772952806,1.7773694157051503,30.47463596351604
39.80788367493894,76.32834886173094,992.3629584801886,30.16411597252942,27.40478081979354,1.7828866511297967,36.70401735575185
31.2707832061974,67.17832288611726,1018.4103723908134,18.772556002860625,40.161857407923705,6.004164488148569,30.55284529824538
32.24356738776145,55.99302248684043,1013.6747033593232,17.658673110485275,41.32510032332763,9.936284954805434,31.836642438456845
2.450436805454496,88.66987038088499,983.2096412862292,41.348843861047364,49.12729181044718,2.3052022054317245,-0.5958599877746849
18.835119942887815,96.54685340344504,980.5076699610601,0.47808564252391217,16.737285154013605,1.8965960285469352,16.324833010156063
-6.637204301631607,59.92289383232651,1049.1647559372805,39.89733854462113,45.24700504143424,4.944734923618816,1.9717980793789316
-5.254103158916514,94.52280393242096,1026.1184290251188,28.572428287403934,51.07829905154797,6.069981284567159,-0.15336642637442144
39.94463060166453,66.6666327990814,1005.5784291631089,49.30492567400995,53.17089965810524,3.649423229901464,33.34548494720541
6.331962471295547,63.070734951714655,1012.9302573364268,29.47216103021245,81.99004299844582,3.722698832624798,9.462137833948454
27.409195602442317,56.35861863642853,998.6585084318001,2.768956707397896,51.73344984794952,4.820288516640545,28.39066355379855
30.33325265134082,36.743020922409585,1004.1411648585247,2.532266322186316,23.078392251367518,3.827310536355454,28.756663279420724
32.90116355036146,20.297572865444735,1025.433112708775,44.157649318591595,66.31287382441872,9.23798425211665,34.8989781849219
39.881414870107825,39.3204981484849,1041.796825920716,42.06070727555266,79.73141440866252,1.3775911416156608,44.82961750543262
2.074824262843393,60.777853728285216,992.889101615683,17.294503779101163,31.937166643826174,3.1111314388324716,4.202334839581047
-7.982458657015014,50.3967961807802,1038.8253053769722,30.90162420905686,64.53059290176051,8.276975166046793,3.5337733237975204
10.5595758997293,55.878818240210705,988.5089640662788,24.479567852780015,14.693799594601265,8.50562312198461,11.254579565764008
-3.4959665085526526,98.45185756512396,995.0494556511874,48.35820275680261,34.1926304578064,2.00399571067781,-6.690418983475107
-8.878705541897244,48.02178965354621,982.6022701634752,47.49804504384458,90.92239295496341,9.76387105011445,-3.9748243137779244
8.021341357074306,56.17463514880863,989.8568303465099,49.191950427038726,91.13081631625708,7.24019364909198,6.61691635373981
29.18691255376182,30.681244108225563,1044.2112201824834,43.32243903171321,57.53245787430637,3.4533375038523606,28.708519319537963
18.309034561253544,23.836618594959013,1012.1607122632865,45.477579538755066,70.23514608651067,5.104340783330091,20.64128500726942
5.6388994605177025,82.03276116739957,985.4366103244847,10.86393893835682,85.40154152059414,3.6742475761117044,2.5643957358042915
22.717100274635982,65.65465400575829,1047.1808786627273,41.550339449488725,95.85531853126267,2.350200248689774,28.647276074649135
1.6009090154405357,80.8563844835116,1041.5294615431055,35.44285566021374,48.98864402897695,3.6206025827402364,6.4471677225024075
-9.280927696395748,31.989023910924132,1032.8277764607699,48.13932544140351,56.15757366260343,6.220827437406566,2.2672297338732657
28.21766932182137,65.74630169461528,1045.3430954363291,28.56309142213097,41.56415666478303,8.43372725351922,33.21482327713518
21.187154243200453,40.291397947310045,995.4090594585035,4.258358335527817,7.198193705642875,4.2717616740061946,19.8840293499946
28.115131225047996,38.244945352001594,1038.545850510706,29.86994455935765,42.280347244881845,4.131113864930576,32.84589959054585
-8.05309916561672,20.922081124238822,1028.2993837448014,34.32904640106439,79.06273393830772,5.212006309731904,0.45848757240287097
31.85598139153261,30.42725788552575,1040.883147469738,11.016051435621415,80.48854979915286,6.801000399679117,38.59459039434765
20.976310001815165,44.741448919975625,1035.783809601984,19.70566917563642,89.23771145932997,7.764546361890783,25.06985383499039
18.169767535632005,29.350300847275122,1004.2546544223777,29.925170702583998,5.146670517596908,3.9411955431952643,20.387088426750772
21.23070240572658,98.868675232875,1034.207897591208,18.705286865825276,52.71545895806339,6.277172210426251,21.7879118196467
33.2216623434182,44.690611881916055,998.3719412089423,18.747385861933196,10.742448793707627,4.504247571527942,31.17713942023723
19.346825327945353,30.425915736186255,1003.0014514119638,6.65433195863987,20.07421831657433,7.447598653270473,26.230110143317425
19.047518994408968,35.92658502623662,987.5534002056083,47.0373361538833,90.02165023806064,2.482074284653187,16.376437112881373
39.53395785328829,67.01625826731812,1045.4553631186327,37.524719224754826,49.67912584296958,3.3123237854616647,37.315765845232384
27.8365083534284,25.12348190918308,1000.3702354380197,0.06217194330510045,75.85449208966136,4.834543778584748,31.735232555685883
12.114690272556764,88.99473041129255,1016.4435725620016,38.28066420110826,6.438410592868083,9.004733109292308,13.746322776618685
25.369850001646384,96.91997433897178,1007.3932985526335,36.98974963289294,41.6826503924852,6.159932104156212,17.112401507938408
9.461523584589425,39.73979365339047,1047.194968440845,0.4865480077761497,67.42402806643378,9.688565070832706,18.51623017795159
1.4437731241749496,56.00762148726875,1003.4534419656937,18.48021488068823,13.34064812782133,1.9294991675297544,5.212224101079903
19.84259384438797,21.770756082359767,1034.4982074995883,30.337384516276533,32.581787910568316,5.141578722858414,27.83081270269954
36.409104905697575,71.25681797817772,1039.8791308241825,22.637532592901792,6.454780502388324,4.771706770408458,38.08773919866557
36.45697600077314,53.11408464420711,1010.4924548236676,38.899305936025364,65.13399408695105,6.401855587653715,34.40385651373603
7.095263905274514,41.604677288124456,1006.4720270117052,21.2729166317217,97.08912590581185,8.307681478368204,8.73258261043671
16.38387331108475,36.54696884932868,1032.342207465284,7.693148472691852,82.70454911428297,8.573032230247541,18.66951107572237
0.5817949284930606,72.32184621270083,1043.9027186214364,48.820781213691426,97.46231168075656,7.031751478349575,10.952161361100996
39.78155547494417,53.29736248258516,1032.8452213150567,12.10199963880233,84.56047950983965,6.773827278209982,39.93488181500069
39.05589539339679,34.37274312239296,995.8988455914306,35.884615527066615,85.51958061969786,9.541265878403268,36.39129907708605
22.475446485372366,75.12872651894592,1042.1815423206394,7.157815583203597,57.71771953713426,4.453186614745822,26.7454759686679
30.22070298387367,65.20578264293549,1007.1307167205783,16.450630689196633,51.82523114132099,8.495049827696395,30.512606003031795
25.755008064185,88.69376439435969,1020.3360588244554,22.10138042152119,40.625426642782756,9.293533543830646,24.97138993256505
19.65791095197341,29.398071910119434,1038.2004933504898,9.611600226353195,81.809489504588,5.423853198386772,27.913754453807645
-7.332600150555115,82.85332815555648,993.1876337180345,22.497978818430475,18.20676122780246,7.561923207429703,-12.276366759650578
12.738217127633053,73.88134294538072,1034.9157094974287,7.8581411495874995,5.62249158241932,4.393178710038155,16.09474834490806
23.739315108370526,29.200874946247826,1021.7313958537475,27.950326949294507,94.7893822684675,2.4299111277586367,29.193806970210506
23.876580694184234,75.58565838973766,1042.5339149279325,33.1856626260097,0.3778185203477058,6.278534933251827,28.27838147691084
8.656130921119178,55.32378311038643,992.037928129048,3.1217142014005383,97.68293218758518,2.768244857645787,7.678106496173146
37.084599332901526,95.59878284446745,1009.447756592865,43.55660605410841,72.88533698737658,5.1183921772348215,27.957282826190976
-1.6321483881609495,31.328908049431945,1038.2990165006786,9.257044252101776,32.84989196978276,8.855913819955,9.641520102051198
15.017972310778031,71.42667126525905,981.3462192419732,11.26812126601619,69.78198430863102,1.7741636880731246,5.876121488344152
24.544198827541138,50.558403637035674,987.854095673595,33.067492004153145,81.78751571851274,1.2738568209818468,19.045287958603176
24.85679029459046,96.54517364727022,1049.3395648929713,23.437553021720703,24.53620559864359,6.458300626436988,31.154037091790556
22.431947838440777,46.39799162322212,999.6275925013246,24.969779958553286,77.08956832795819,3.9795519393540557,24.941100867835445
3.7644106725930087,96.97487275934401,1048.2880235606767,6.407749228156634,80.43696250082402,4.761439362333237,11.339074041180503
-2.1896715656689016,92.11886808805993,992.7772085706072,40.28679109382041,24.93546301253454,4.651395297924983,-3.713815918000792
21.797016341335542,41.6306588248525,1005.2766110105135,30.8527123052105,4.192635437798353,1.7795820610860722,18.545525651414714
19.965105806971888,84.28334214611422,1032.7008611152498,6.769102165472801,20.412228455809768,1.032097894116351,21.313012149952574
-1.0321994855379515,99.64833614428048,1026.0444885066725,18.6999683512798,20.064640888939444,9.085809185778379,1.5321012082556282
25.25695727852817,40.21304017370259,1020.6785679950339,40.52049663675151,6.524045417548319,2.9601870481337174,25.88830334126786
12.75859958668282,54.94217354586557,1017.0929423063506,28.417752299331035,72.60073846551958,4.834710926778595,14.892002826181454
23.38802958015765,61.61445892534077,1039.0408310565317,5.432438956646523,37.99749244584082,9.747332170039707,31.13361998844676
31.868353988507536,43.594490864309144,996.4463993983375,18.638852289464335,88.43861674538583,8.44086323785287,29.05191279382143
-1.5135785711538414,21.22118717168238,1010.9729648895463,12.13471992278673,25.217110566518596,1.9713776973643196,5.373093616963728
-9.042756600158166,37.61033953580213,990.881660450952,25.873277682686318,45.32321650999273,5.576671284513272,-3.8775225161226183
28.955129319789336,42.554950747340676,1021.7159117011493,42.168056443599475,63.90174289267628,7.570711238455144,27.517496357820484
20.484871257630797,55.487976105454976,997.5381096989925,21.81335674022099,87.7464949671778,7.285535064992912,17.832741940709905
24.981978481106083,33.688198273072146,1003.368944504037,21.667101518416153,52.46211016193748,7.8475766716402315,24.48616727126546
31.90774874943213,89.86034853533381,1012.987550163647,45.26754511635185,37.35246278123828,5.117091893992318,27.728698116023565
30.140546741225023,76.3928906185069,981.8739409992189,28.80927062536362,86.70150784720089,2.5833063639725387,22.65873696418804
38.046007346441236,26.81603820477296,986.4356555144586,28.309554369870344,31.024642468761055,5.183851995274354,34.117011978074224
16.79675394260591,72.00739609119452,1028.0150454495754,13.09549459376947,7.942369963257645,6.830985242559628,18.734423277462305
14.42478163299527,72.29251811244964,1010.0278986502256,30.386137391856316,44.504210751024,6.477328779446512,12.320880346561516
10.094359994536504,96.49769389149021,1040.5353155399928,28.79552337086982,78.5093306497992,1.6346984840974668,14.719197494913393
-2.3154478577897732,20.2416697084929,1028.627040255094,19.8425735170932,3.0780831753523086,1.584571906739726,7.038854868684194
18.63036164410112,39.83459598446458,980.5670659153126,49.534778294959025,58.58822449895921,9.687320480396908,16.49539865157247
3.8506262162989398,94.22331835002524,1023.1698631536995,44.09454824740433,59.44640485272361,2.3662490953579396,2.7826642155744854
36.06537561064877,94.57071323186264,986.5607406241802,37.479314503840776,92.85417634273816,3.650162176105497,25.86957326343815
19.15954021385488,77.64691354965099,1034.6653225853347,26.867279420650025,28.64648171450218,7.90871033940549,21.487924458878737
19.642009025405507,81.2610656838032,1049.4055381794951,23.102990094731513,27.88366132106962,4.687093682408574,24.194769565445696
7.746233043850502,27.31863663437177,1017.1839155969058,9.244869761159968,44.04836513396781,2.633183679340294,16.02288845986547
-7.400532401114626,61.11006678225869,1027.7945650135891,15.286873700731185,35.69149014715152,5.205091440788033,-0.6354353957110338
-8.412811731350569,38.52663930311995,996.6119912626326,38.69803999116051,73.63458626893268,6.120549736870292,-3.182639940438963
11.166757207659874,34.49744348908938,1010.6318420627656,22.687447696877573,64.17520771315496,5.074899483502681,15.942240089074094
-5.771731095138107,84.8242639298666,1039.9266732565468,44.11347582847507,75.89210379062663,9.270514679248981,-0.12229056836435229
20.342347777006957,30.803050934443796,991.7196063422376,7.3955568172764385,82.00417911986891,3.5622936558955387,19.312317053179193
34.04865028198287,57.49213095971082,998.5874923929633,25.417354800681824,92.29811327341477,6.951989446297039,32.372988912745626
34.14574082593611,95.08625916688264,1011.1803572700221,32.34828420106544,43.09367317846476,2.010652492689079,27.62394341451782
22.95227050661162,34.866564445227404,1029.857422429081,25.842422815396297,98.46973894715495,4.5305691189762385,27.864036238279464
0.5615915736465507,98.23947389905877,1006.3118768356971,44.46134457924936,21.566081340365272,7.668939264264763,-0.7659716638051884
33.149841567943604,99.54303886088472,1044.9412595848103,49.47816409145699,71.43651619473286,3.023352465305189,32.0670126717954
34.30467176566041,64.44937237459223,986.6119935888104,5.7917329170684875,53.40093173071892,6.3079394108897135,28.92659415734147
-0.16732075235206523,33.611419214172635,1005.9562938281393,6.49774520384605,81.69005946848834,2.380933262881543,4.093267247472189
26.871304288533864,45.28839103527165,1029.6267886399896,6.516205678006054,47.6770520606426,1.9243152222523396,28.101872499790037
4.325977446356147,53.95942661412281,995.8190735963045,34.05885480352638,78.39386353624313,5.709094740325384,7.8378544652229625
30.13201561764648,44.74593794865783,1025.9489193960771,18.633804774791894,93.0168714647678,7.0750989647742575,32.00973898126436
39.86189499518014,42.450846390121264,991.4951870759143,36.665733063295306,73.22942661400873,2.020303596110351,35.12131025268085
-8.498699733530358,97.7783767373086,983.9186199403181,20.273573644348936,77.60942862183244,9.259986271356235,-10.74050537152311
34.86829328954659,32.26918619325965,988.4711001724054,31.38033606660318,6.717543126585612,3.031950364277202,33.94937129764198
21.131526679932904,78.66623269734899,1045.0989348193893,38.49290028394468,20.495766223228063,2.0797777734337,28.375082713901495
38.669130958241055,20.03282315513399,1018.6225618057686,27.41079553274603,97.43037405035938,2.8242901751518947,41.00867479549953
13.250475876321381,67.69461355219015,1035.7442042835755,26.975179522500305,69.31870037873944,2.5261521087865777,17.546201740195443
32.369396528568686,93.2754403163242,1003.2858150633535,4.411716264281723,56.14490173110046,1.816071855516541,26.077324255947566
-6.880296570086139,43.03472752745752,1021.4861053519812,20.53908714547174,36.697637339645006,8.180553113008367,-1.9822457400717521
6.763952503914787,34.842078020617535,1014.6466493593495,27.28885766124688,4.438900120691791,5.459839972696999,8.24659804823004
-6.6491731124395015,72.13438359027415,1046.2016571581605,23.0990412833205,36.9135907964135,4.496674963408145,0.7610587577156067
38.76715667395353,77.00811258387145,1032.3302245237878,45.039100009421276,49.89128732895759,9.555651342857198,33.20730324962166
30.848695363591837,75.0424415161585,1031.1379842047606,45.326531605974466,21.145950938688674,4.339075483583117,32.78002669565598
32.62737106229852,45.545350401709925,983.2447288603996,41.095869029438084,17.313679127383253,2.5027545344247044,28.367745736391836
36.89826157169471,40.17619217274647,1018.4768768302583,18.764903768655998,50.84165513575169,3.4663860273393663,37.479432268857174
-5.744825694010732,96.47350399696353,1012.6894017731271,35.86495758437672,58.59042356275439,3.150698802297368,-2.2720518113943964
9.27987962566667,93.86396066159436,1044.9489586624336,19.76442305348049,23.991791885452486,5.4886715160697435,11.990591320773584
-6.448255547799894,56.585328791425624,998.0139391732672,11.629679948787953,58.73894744562131,3.6235461155911657,-4.527198751122386
0.5396550775014308,87.69550929234987,998.8883417303766,17.14513217754408,90.0339963874295,5.644550549677256,-3.4485258374359735
1.4682888518836172,56.18587821074368,1008.794237421705,3.5482316642767744,47.31732580213538,7.0236408245211,7.4436066873239195
13.455360552378934,53.95112144580083,997.0358799384463,16.58887545023236,85.73901695871814,7.995689071419321,12.226222399494812
3.4281083726821286,32.54103580794357,989.0428742466124,23.03711086305858,92.72714445333185,7.391420031405078,5.546576072534905
-4.951094659111945,54.11248451935783,1040.019039265556,47.7740447390415,9.23940289370857,2.8503164481072485,5.081877232236916
-1.625445545294614,62.99335508798456,1019.0793567082741,15.670529310981246,9.581157965679699,2.043097473184784,6.398981431151704
-2.636221822395454,21.800346194294917,1040.2953903269597,45.12267696027603,47.604418288760144,5.8820514319112585,7.745065753469283
38.653839895614915,55.529040414032515,1038.1794335782588,11.442913791174853,58.810244431770265,2.7902061208733064,42.33668489787286
27.96462534592368,82.50849747161602,999.742964835277,9.548444887962471,42.588346446502925,1.7644034959436192,22.84557373511195
38.3880732634781,74.40368450994158,1018.3416211026992,25.949772821608246,32.645077041750305,5.7438490868147545,39.49806872350059
11.987024325395428,70.8125591091148,985.8252391918049,33.6255684648703,64.09941161261558,3.941147665970159,8.384172282785423
3.9184240831328303,92.7644342749762,1044.0676318821531,2.2166125401140713,0.2081512349920267,7.805341107446535,10.569389787718316
29.91465986045933,21.4425607860184,1008.2983900545607,11.053293252360834,96.80732808637424,3.8277246749357623,31.590443719548578
6.312695902057339,64.56380689537873,1007.5573328722315,22.784183325065822,23.207908818802213,9.808454233502324,10.59357572652739
4.969168685267414,82.98790787277656,1001.1928759432567,16.550216799159074,91.7098768583007,7.826708721346373,5.335369150352107
1.6252996103915596,63.30683061610138,1012.2464621297493,35.63105396741609,10.9014744534506,1.5192389933997592,5.8942439954635475
-3.516051088788233,45.91164420643033,997.6231570581814,25.55802980206584,23.808718204457257,5.579854663206485,0.41191338659725607
2.8231530508382985,30.90004520735823,1006.2396590957763,8.017955280195011,23.48737010875004,6.063584510926993,8.021908810548588
7.7659874236943836,91.0050457452953,1035.9962934009418,44.72326896575453,99.61529042006461,7.257724396134379,12.342903334969327
23.699710407286517,57.66099139100824,1038.397885250962,14.645283774167977,0.46005457258844196,5.480171173303824,29.24992552299954
-6.871757889027421,90.24921575885611,1001.2927734339961,36.556555448221175,63.96382093034958,5.350992385731159,-8.616801345387907
0.5253469832671485,66.86816979465347,1012.8310101386952,38.99578895527049,86.96865810608529,4.311447505098515,1.0935306576267934
30.45118201458382,73.93536932920006,1041.1673843396036,48.15788501280511,67.22736540247367,3.4431524550925636,32.033542024423795
-2.653903820811462,84.34089235027601,983.6871332280788,24.92537332620507,36.273381821694414,9.51580190779061,-2.8813725130350045
7.132257326126076,72.73244356801075,1042.240147339705,30.79177577322161,95.83093627029349,3.8583700267093475,16.319097651073765
33.23294609290701,51.844387254315016,995.3429041956632,16.743814673976686,89.3520754589041,1.570791921222976,27.0102711791148
-2.2537344428278674,61.09067071429208,1027.4977470950064,33.908964670603325,43.39549202495178,2.5055626536407103,3.67760559537118
-5.863158219090505,84.24364197407039,1020.778618746922,23.169174293315987,57.33284926111635,8.715489724371608,-0.7855464224300654
14.226899754000542,49.89202370983874,1018.7058523732477,21.882618236221113,96.75191878052406,6.279701132110455,18.404588108278986
5.1209755639268195,51.04971654147977,1040.1552157326976,42.77337645580527,98.25603619264702,8.009024944393591,14.172119653201207
18.170418224192705,27.655209284640094,987.1100500551263,2.508442174934433,44.982327571795224,8.279033915257248,20.48459210029782
30.190244524173757,93.16675481773981,1004.2919617727945,44.09812139159342,84.73500281430886,8.40912795289966,22.676255289307328
-3.1425755923628422,27.282905195635337,1017.6776922441336,42.60349189142785,30.198022695393632,5.955523369701479,1.6380741955079419
19.03495422771425,71.85673419588447,1036.7902197762228,25.318312678089455,37.18128729306647,2.5940853612919437,23.308699402718748
15.275438019493198,53.055558304223815,995.151015838817,24.510142710281414,16.482188299022628,2.334094770125276,16.76783374138484
-2.796060699340021,52.44955122043539,1036.2050888961994,18.09036840177451,20.91845927767303,6.165859783376012,6.240464328172729
21.19992427644912,74.36414692581471,1007.9746937745755,49.70868958408672,65.6873302259359,4.298629183171087,15.625707328762005
3.682020893038583,25.3674986103903,993.2239699503587,5.558466637692061,51.07816180070809,6.0224341712119065,5.711647200288223
14.391715927200625,67.49646263611477,1033.1290508310437,29.51076178143035,23.11318606256029,5.486300598140783,19.710092774547057
-5.886383786146906,81.76254287778838,986.3629231032183,34.08407950562085,40.29096163616526,6.419782717277936,-7.991485340080495
12.979202860681152,86.25702063092754,1016.033716185281,46.716500410847225,37.31834598636817,1.289006116629088,12.436907794761145
5.323173402141016,33.642431151502024,984.4713048703322,39.010174842838076,98.73602045353343,1.2955301256711103,7.68432596641115
31.119060559267716,91.79352400625389,1004.9492498610451,32.19236014057734,85.35658372113794,7.494356537636579,23.83607093176524
-7.1510636501315865,72.49168734779538,1022.0753759304475,5.840615840606134,38.79663333838243,2.7381451944044786,-1.6869488047025634
10.930363745916498,90.54838406565463,1018.9280879041049,18.68667584157337,91.39165788960331,6.869786159728507,10.906072225565834
12.921571206571901,58.82245736881586,1008.3258792533267,6.942082127399263,34.26353916281711,5.919183197123091,15.890121790765615
26.250303814955934,63.36266760777616,1010.0333595780481,44.060636623275684,66.79015127348595,9.83615024264161,26.09149329617787
18.714378754510548,93.52306216229368,995.8738687345536,37.48105777818215,96.66499966821125,8.51865290994756,10.971869475826846
23.360616859709054,91.99276346837374,1011.9117811896872,37.87683933986146,39.02788639885523,4.718210691982145,20.378955746410263
28.852464282587803,55.85286986952016,1046.7278399004583,32.61282588867721,67.98849651049338,6.547715380838485,35.17355794936533
33.11014868290944,41.95301053085454,1039.5317042448653,25.352176846835484,29.59238110626332,2.0556051150292483,33.73995942947101
5.693774836123525,51.45363476514113,990.166300835344,7.49855297317486,26.631231559797463,4.477474386661429,6.744650423257353
16.901135268195148,51.02114628237998,982.0846551124645,16.48474433525259,57.41566664315519,7.604989669808869,12.341165443916061
32.005403921959996,42.94934999862352,1045.3467018901642,6.845789623844528,97.92645980332182,6.604044257157883,36.94522732900946
39.472556548252825,41.48636834663733,1016.8724824916524,36.24565714261716,45.313384872017,5.360241919396221,33.94128393593786
34.47596555218816,88.88503491837756,1017.6486476204516,8.011438801100251,93.76369703165807,2.5887619364740218,35.22596136641251
8.57336313121884,25.588953654772936,1034.6502596994565,35.10567750858428,91.43635202447616,8.228313335417901,15.97083919383641
-0.24167413906747903,74.20889456796753,1002.0282281709929,34.61276947979523,25.376261234499474,3.4584994397041924,-1.1829225600574211
14.469626870329435,33.82560411651618,1013.7335298185202,22.965223949564447,40.18194070843274,8.384311734957187,19.16143687667283
27.08207259180211,47.56047147152506,1047.8064039202716,6.761432705902615,64.33024784941831,6.504481565154942,31.963192472680895
14.628453537664878,24.92344273078695,1027.0504080852686,15.740041306701835,51.80458844113917,4.354582851539087,19.4363801782448
14.159043165683425,41.59789094843696,990.762152239705,16.004655453777573,9.595852986317432,1.3654469976399235,17.542103817850272
31.91152105409003,81.47368568937937,989.3258723589047,35.01925665716467,99.36980301271583,3.0917695990993916,28.87214211845724
8.070188953359317,90.8012259637807,994.2985330833104,5.687150970686217,75.265400121128,9.001638329393476,5.271857602650251
32.98973374058228,37.722172152189366,1033.6698172094502,41.45343231080454,43.769403822471176,8.361769095061458,38.13601029302946
10.340240047586178,57.08382714071375,1000.6763902688431,38.0503645092957,61.81685496662913,6.173679816406882,11.133519072029001
6.411655283916971,57.62592383497651,981.4972192672556,9.315345908713695,8.757281726623011,5.196902175659143,2.7709860957632535
12.69949555998495,89.88602446077874,1046.0922054453963,35.95821908894447,49.530165368961,6.8242841139709824,14.863345343787563
28.12234793374342,81.02392423006444,991.8799391476438,33.42565907339109,93.08324158174878,5.1962331505897135,25.634989322147636
-3.6998986068002857,61.04617746944399,980.6690730303648,37.406040005546316,89.66009580549783,6.798743566472263,-7.652139124706718
-0.17903920639913018,73.65977603774186,996.5992121668326,9.446427772434724,33.73808454831456,3.7666368969414212,5.534593704094255
37.5722412831546,87.78840431274935,996.4520150982694,7.879516107823431,53.136786382133884,8.546474961203277,30.84443485318713
-1.2254186309321309,20.763116322043594,1009.5403675592006,11.82419929613771,69.73835240876468,7.3172610411874,9.298819839603873
18.38636589655273,52.23120248400389,1044.4272882050027,18.29358515744878,34.000926690790536,3.969780655849226,24.5882011969418
18.965723333096893,92.57945338216629,1041.5429442445368,39.68324905179006,6.487921809393848,8.475995033410971,22.561594929652372
14.481223102512239,79.22504246751612,1011.9826188487699,36.8961968739425,50.54416567178047,5.38608277767861,16.71368550359385
22.23726242884093,63.42730994672597,1008.7629933494264,46.27257961392666,60.16357358233364,2.5717497826371534,23.608215925856364
1.4913362898809215,62.371562162810676,1018.8506360532396,2.9314779549307723,0.5841600121510249,1.6994121580317398,5.790201322027382
17.633113388837412,47.821607808355026,997.0417808380236,0.5778140507092799,9.557537353853062,7.296451728734984,16.97501797921322
8.608662762344856,61.64164269132116,983.6529494376454,34.956941485039955,20.72906435941523,8.786087237872096,6.0237032545799725
23.08336298145945,72.43065595707625,1045.7456895319845,13.964374789708284,34.80522869909342,8.266977897350893,25.389081505918732
-2.9388228313425273,53.46904307430344,993.0689289414021,16.703944776690875,54.10512228305804,6.900859271999367,-0.17185239898853827
18.543870841973813,77.13225171137393,993.8880510472002,27.34010129572561,29.38429187596653,2.2723755004429123,13.666319366506542
-0.7364822308338148,88.89857818083087,1013.0722230197763,5.120656156339925,27.618381440650374,1.846396683789882,4.132324041560066
3.93215315575182,32.37478785478889,1014.4129341388232,32.13472082740248,86.93493438130818,4.105266607105528,8.167326401023011
0.9354900161791608,56.123761825393956,981.2903946790519,16.25737231155751,14.505064080142628,8.694198013588919,-2.798561784959357
-0.8581110065591453,52.64160730280649,990.3568317141779,31.635756215049582,49.546013317236024,9.655626432759977,2.8328435589130097
31.285547578033352,74.99718432397825,1006.4708372992519,41.70034565366929,95.2824716936136,3.1722476936236412,27.84528501427814
4.285378383044517,39.989397220634345,1027.8611485457377,8.555566666871483,62.501324911604584,7.85886103523548,12.253083577294321
36.35618909322247,71.2200731961821,995.9892919782355,46.543654645726015,71.72054798944384,6.164822952164851,32.46515550788598
38.49632626725954,90.19913933851905,1009.6110112369233,26.534407053122187,43.12369913906071,1.2862663037014848,35.36403051756779
18.563023496854868,53.45052798348981,1019.0141545301527,46.146388258698416,1.9932167119719568,5.886247149396458,18.523624412214595
-2.84994386671368,92.88125599833761,1042.2014746236305,10.386504110088907,64.61303683672054,8.253463626904196,3.0583800094141687
8.727412168979065,99.45309911467828,1002.8249351628987,30.228133230211878,63.1924281428124,3.4851050500962386,4.148475527263473
29.8866131674107,28.487363995836166,989.3490786104438,20.194355866180235,11.04276364633331,9.076254615734149,25.588371960640135
8.369536434853522,38.64425503878869,1014.2490558128326,38.71110955780066,46.21597136246315,3.126343661871732,13.38155353038803
-5.649139084860563,96.03038011856745,1032.2705121178844,30.295447160664818,91.53289446656504,1.688258193796489,-0.37402555188408704
17.839245546409398,96.66621491851095,987.6901829936913,24.725772847915923,20.508483197197513,2.4394537849560765,13.86895875067005
32.25604257480174,27.81658203094068,1009.7278444187872,45.64927032155043,46.10987546341103,8.533025818488266,34.932233655838665
29.796319357175122,21.199880030170934,981.2449598883738,18.855853208584012,46.11031852005204,4.755753271355754,29.423781963863398
-1.243842993482339,32.88800186051378,982.3491427153076,10.999010244909075,81.07614681476385,8.17251007259492,2.8410331543601135
23.638230720623334,99.68102267057986,1013.8067354251666,30.405059342604584,82.45758703294446,5.781097548906356,16.512849129183934
1.0252131717823545,34.39996932885495,1000.8738108705651,31.20142185864069,75.92694196633919,5.3250321231498825,4.0764637035093445
0.910376727608611,60.20380853776185,1039.1575109303787,21.95473107859377,36.54541591882737,8.262218363432188,10.662558610413468
33.70358866525926,87.87341811444088,1022.1508014288518,24.330502184469115,7.203692501852011,4.811388505411383,29.387854549008978
2.4834476370115084,21.632128855056507,1011.7753073220093,47.977670714995,34.94829772240141,8.218294579597314,7.931115511282438
3.1623673259005596,68.35911858067675,1008.5554759738008,36.63428456984006,67.97912012713397,1.9059594846710104,5.709818789366458
-9.967330461935022,42.162035909569944,1014.8071836132694,5.53008757412885,70.27465744890765,6.7267973398533085,-1.0149136144494162
33.53345170627588,88.98679331517853,982.8307181848863,10.606503543530549,96.5000209476719,7.3232835089678625,27.01636565159324
29.629740660456733,42.676891941126335,1042.4955349494462,48.77883172177795,45.36412314437085,9.091876565275683,34.9043423005173
21.3664467545339,74.94045762255271,1049.881220901377,36.323277689676566,63.243558294029036,3.0189152684457543,26.19375017212876
27.513288196942113,73.93757059579175,992.7040987401089,45.752256307232656,53.91908707225317,6.437978920835664,19.163434900610127
-2.3975716287754096,37.7194839087712,988.4268075342234,15.193073199436103,15.061856011323737,4.899309073203007,1.4627839438078931
12.916179729378772,22.78393598946801,990.0504224414017,37.09334300432962,46.1202472132136,4.444944899896261,14.378427227915775
7.560969367439043,52.739965902831784,1026.2718940764057,35.70013542617557,54.48351546889943,1.960421996907617,9.463907128537816
-5.311173687149175,43.135452157269576,1026.3008586915541,14.734499271968755,95.07496060422585,2.20809997535448,6.002540455649461
14.306524260746205,84.7182199690967,1039.3546913594887,27.540816272535267,36.653905440895606,8.532896153028815,18.97692631389916
36.03698251713177,84.02913507642762,1032.6278471898377,31.370755563514763,98.00991031079778,7.747780890930058,32.47404699179278
-7.997044047465276,56.56191617541004,1011.4782771358538,24.05659054137325,54.23000740240844,4.441070172619904,-4.437979019013186
4.573045674689695,68.52097802585752,1022.8998753095723,41.358935332900636,24.246924330305752,8.456379232506677,6.64434102771609
0.3770468102851723,68.340761278954,1028.1799269257606,41.643452089899476,19.16643870158078,1.726895663412206,3.868518443193893
1.9073326832848156,86.17265187420986,1015.8915529199658,42.53002741507784,14.169491726023175,6.622965253298518,3.5707525757331604
35.42172759396876,54.0001931298558,1013.2955689116145,40.171178454908144,45.293287057345296,8.813584474428595,31.82152591636522
13.403452711714507,42.03573438324072,1025.1568211949857,24.40417385985723,2.192642978892323,8.549778079281245,20.839664034796932
13.31497064699094,41.2027934512438,1019.0232184282958,19.07191490745036,44.50452833148654,4.355044839476738,20.012995495450625
28.028782122764113,62.89538234257633,1025.0759613735138,41.56881418571853,98.84046921559462,7.707104677512902,29.71442233288371
-2.27538979975371,55.931856218577,1022.8998341774354,24.510072927813344,67.01067957222666,4.847213309678898,3.8893252037355346
14.363267705002539,55.209661678794895,1030.3437592359558,12.318569931399093,75.97861212004047,8.561243479509544,21.602535034075053
11.499260706052986,27.290987127176578,1024.9962456148014,25.367176616110815,11.900539071826255,5.776857551395207,17.520275195777565
19.845534527332806,77.48829925521565,1016.3819740506087,7.092491095962106,47.31008614900908,7.88371344194537,19.323334237842424
39.97788516252193,37.09893503855285,1027.725776789907,34.581474529939946,28.62231010257139,1.7071442406250454,43.82329966828795
28.47244470410235,35.75629041669771,1011.46373756298,16.79606408119532,89.40975279890293,6.310233744479765,30.85591770957643
9.89328515087136,53.02066562219147,996.916985818082,13.032939922372716,18.12924720139125,5.952557597224048,9.685424723896222
31.377652613702345,38.22226732942411,980.0992754093741,47.825437311737254,45.873332713674195,6.489790495616441,25.401358047029152
-1.4645818343759913,66.70866138464123,1019.197490300209,38.84404978791538,58.80477183456377,7.260774471240311,0.8829776181141513
-8.476815684551994,49.71706714675772,1021.3458658626049,39.35347513619658,51.40410915785326,9.262980730307277,2.095897136628305
0.22241862321365247,55.912937807423205,1048.0434275343,31.186098463959173,83.02435279704073,8.07113873598428,9.37142688698584
7.020577805712982,62.97354572832231,1005.3034833865993,41.95864052551486,23.14531713196404,2.976741922914142,7.942740580811737
15.529037872977995,36.28284179854439,1007.5893269979819,37.95812405816906,37.739111042369125,8.433066423628865,18.97998579066045
20.75645702705999,32.46012982924238,994.1259706939533,29.938685206680827,79.20842965739526,2.098717098535861,18.237417465206537
35.53028586072109,90.43375222988838,984.9374006666126,48.05622009258587,52.807141173680485,6.599787271075626,28.496936431156893
15.492700477522884,54.697896226513684,1034.0963145003218,9.579747484221151,40.21173856479573,8.94478427421349,20.21273124703486
15.063782231286467,52.96748877060313,997.4776745037527,47.168985949737554,2.9442514744831505,1.9100984879341354,17.490050245251574
-7.487849508850894,22.84897202182732,1022.6233402721026,20.071908099943247,75.33854240156094,8.647233879792346,1.5719983315195982
-8.254422367188809,59.83810420699146,1028.1441124881837,26.419949170074332,97.21820779667603,8.18758660807221,1.1725920955804108
17.557998095818604,64.33357772888002,1012.9865681104153,6.136965977215447,62.028700948851004,5.5339789045516365,14.425152846598762
11.908930662417227,64.70726967637333,1041.3446479119034,27.005371946089546,85.65412206887946,3.780078420658637,15.447171926253866
31.959019749014928,76.56249354583075,1011.065638868581,30.56033759290967,51.68757431949261,4.648944052643895,28.584781935642642
-1.966020764407741,34.19854679928094,999.9436036129235,49.8850770904262,23.168096542336457,9.717923221301906,-2.9712807025216152
-8.75141689414752,40.17785073844951,1042.7210866073135,48.759620553576326,1.444210423514547,2.8152780053666175,2.519018441999667
12.451938396506293,84.85843721843301,1040.309499897497,48.319864593714364,65.33982675899892,6.216438590469057,16.051820665367046
1.8739278376128752,95.77364934747152,991.4827962953489,17.41940300510287,49.31088482482446,1.7491667309081547,-2.199259291499346
-7.519281333058128,30.87461978938565,981.8172712847745,49.563324937252176,78.20981470876015,2.96103757770255,-6.098851530125691
26.22991434238145,59.811964360417456,986.2989889444734,22.77390757975554,69.46824174353046,7.869847492670686,23.92957746472032
-4.420350002137626,37.134100219166946,1000.0583178987672,42.591812938095025,98.79523682065647,3.723391363244745,-5.054967515179957
20.415975000388585,24.805853468398595,1048.0581861219198,10.8159984509486,51.03125834120398,9.871894635064612,27.49006043612964
4.052487508344457,46.04026705009083,1019.0961307212577,25.291658982830118,42.717478967300934,5.50735338784456,8.691053078685988
-1.3251974822488997,31.49501001473702,1006.1283212420489,48.30060480638027,28.673968943929495,5.648853927769686,2.9056465381627397
8.987576145965875,76.7946458747397,1042.2101266228922,47.35156984617138,47.68612917912745,1.3268326540216173,13.342585712013987
30.072288811147686,62.69803309371555,1011.7195432034949,34.18674389107134,87.2871478122922,9.608740746195394,30.372786698820384
9.604678845228634,31.50675767922487,1002.0667039880715,39.89071612765299,4.243972579174127,2.5681009679597615,12.913328687245215
27.538482460552785,20.73932707244115,1045.885367012196,8.82133483012007,97.79000472861887,5.845065389293984,37.58357191714008
-3.725685160042466,84.65256392193702,1039.4662366334874,36.08292747420787,99.3307194307798,4.561071489628585,-0.6029998440870763
28.638570983253956,34.095552493139806,1039.056786279361,30.902540416768616,59.78213785879017,4.740262306701451,34.21817976697915
1.8466662453324325,68.49733137766128,1015.8599320135149,4.577586787562304,33.15442036954014,6.789701494324976,5.625705242492904
23.86965649444364,46.953753046139646,1035.260687917082,5.657950329483813,22.30489683220238,6.958798093832296,32.46325721101155
18.289077742049816,66.83887506520284,992.5547351485186,5.422180887563094,27.649039568487876,2.388597533722872,17.15949857818155
36.45723586058437,45.25229015858592,1020.1256070289371,36.21784674149178,5.010542650497185,5.49627987809703,35.23830811664376
9.366125898765702,26.955164855380332,1048.8692145993282,7.085760412378622,47.511095848335884,8.114297042276712,22.4858905467108
-6.691740558277978,37.83600068462029,1000.3670901362573,23.386613555723525,5.732427086440584,4.989578351970065,-0.7025310949241934
-9.042225722437355,35.044685318326046,1035.6046630473372,17.849090293887887,71.84742147759252,2.492240237439221,0.3155749075873959
31.342928048637653,54.241548195171504,1014.3334885045647,27.525207038510892,37.192945553285405,3.818952488410216,30.37894850394909
16.236781883071608,72.66270267409259,982.7863978255461,35.32382436097014,19.93647317471632,2.9114160769456316,10.97712392325015
28.76220259174746,41.1044859957086,1033.4113578470967,34.2361268610666,54.485355783603836,2.1323572112335336,34.914332841898904
1.7212800005757352,20.965594824049436,991.799840107448,25.77599579571883,97.37593072430137,4.398230146918184,5.673500388653555
7.254187275661685,61.51498914118055,1024.2031496992925,23.216743680519276,69.51310490184183,5.868426188782676,13.168060281006237
-8.494806389434054,68.46075914871776,985.9964935832882,19.890779756112938,49.17468501041602,1.6547637274896858,-8.779054555488955
38.07461622870561,97.02963952014477,1046.2807178247176,43.09549741521897,77.69142992545063,6.434410350053651,38.05798601801376
23.393395335040672,67.15766424745975,1000.4206721026253,16.542590243632247,73.74764718989887,9.937219961526468,24.35446600405929
36.66025438796531,57.693804750251346,995.8525284174176,12.968291058374742,89.17354610577937,9.677124388180752,32.55302302894301
3.2748203714536164,65.87213007181631,989.0395482846434,37.16577468276356,20.466894759394748,8.46256133799243,2.241780026224151
20.573180561283042,94.23205038896216,1046.2201535337333,17.988173084836323,85.88775762587319,3.3970700152216273,21.255641309316577
23.924998414631894,86.2702516481317,1029.8332619708913,42.34992998786342,30.102608704169885,1.2016683683143057,22.26100513700704
5.877485012879422,45.83829866910464,1031.9162622102663,16.394435931857238,94.09989278250971,8.501875325945658,12.62763011837057
32.405461750781505,38.98034909257098,1014.9583192966171,35.09724122872941,28.106514894673516,1.501482087808419,30.793421775911256
37.35807314501239,41.01068898928589,1013.2309449689338,2.2554503142668048,92.68485431626762,2.8506527332369336,40.98932363878809
34.24275588480022,60.35368317721704,987.7014870094033,19.278144005516,96.379071446408,5.90007893902106,27.79334965855449
26.953348796968626,79.52395609828622,1019.1888766908794,17.161508748377575,14.549135745701424,2.605402352292792,28.142283240007952
3.873233986247701,60.257536574636966,997.2841546576153,40.83393696379617,97.4499883262783,8.504094981687778,4.39624478785503
4.080802105281586,25.423711666249005,1048.4001732960285,48.352770161415506,8.572296842928228,7.994437266338462,14.338876239543849
38.1680160223019,77.88645603519848,1035.7606658010602,23.04406383464807,21.856778661252196,7.801925551635248,41.396121104497674
-9.485775203215399,84.4776102936763,1008.9094442135022,41.2418138576879,44.41687808728045,8.345148543078189,-12.067992400941419
25.802498662107226,43.15982920957757,990.5938881084073,34.984735047868256,99.35973657117101,2.9773160223815087,22.926774196246413
25.31230812776311,73.13005914266803,1034.9732183797148,48.36929938318466,48.85630511653793,7.560031385347744,24.331814291852307
21.134477047489874,54.12735208435147,988.5437636956921,40.55542571714123,55.040944317848584,4.197533523325882,13.965069773848949
39.50544230434329,91.12954845819543,993.2533627447949,3.8739032981865265,69.44249495236485,7.0016028361155955,30.694107861330686
5.593971788186261,87.61804465285918,994.806436242096,35.66408611911181,96.82935582729513,2.098195557680573,3.2176686480945342
6.998593189662408,62.03455986477138,1018.9823446791166,26.774985771118683,78.33514001242445,7.350279220580634,9.043947576930005
-6.053029852672223,75.32044366508757,1035.0939657793256,0.8218028966163582,22.415400442369858,9.748969551107017,3.84552103373992
12.139906827186874,90.66797608176832,1002.0020415107284,12.565647936272184,30.299093066435468,1.3924032878684462,10.309814850480368
3.052426311742405,59.65736080626204,985.9268869992702,46.08776225134465,9.76282396085244,1.8444601105037628,0.7571417283614933
7.169335108882212,45.060059239105755,1012.5176924467094,46.303068639337646,64.44523641647399,2.112730906042125,9.411068637448757
31.728589512781383,80.2932910327665,1032.3677168811955,39.94252301003172,18.074030653922158,4.875075144471712,31.206880372661516
36.77422567637478,37.60530038277534,995.5164690161172,49.08898016389947,25.74048884793657,3.617021664397483,32.28573206863364
-0.7133463997407183,51.082491840483364,995.3947183627562,40.327261231210244,88.8113655180377,8.262281381866243,-1.102606489293691
8.625446577673294,89.25817896854349,1046.3058919142698,0.5102093642622596,32.67556753320152,5.264085152808654,17.089718360418242
36.4315281057697,77.95378722154521,1046.7907608983423,14.391717015075589,56.664671835416705,5.360836084196972,37.78133409540031
-6.909576965538868,52.30488041979994,1049.3326012443104,1.5312091118881432,39.7566008789177,7.453342911928184,4.49874564406774
-5.3819735944310745,37.17956019266859,1036.5361721102347,4.705398436877973,7.403128740591358,4.257720842821712,6.554923684192027
-1.8604505396885322,48.477471266578924,993.1728918417562,10.942040847538802,36.28638298967051,4.178865226784172,1.6067335661394226
19.760641706343737,42.72833193819464,994.8387064559483,25.177927316276122,40.806820303593085,7.812337488647324,17.55831237322295
-2.4763864497001267,34.08714303550831,1003.8157669065674,42.37660017310089,89.57011019115183,8.020375712530882,3.1315989904657906
38.40381907253668,79.46663308525254,1002.2692771933444,43.0983378078554,32.445065364633955,1.1295889527953755,33.546730933121665
12.335726362926017,40.16559094801372,1046.9569424354606,30.810092927864822,37.92411197620679,2.294114282566597,21.13110651994638
15.075898017508319,56.333397613421106,1035.2351788017186,46.40879695331175,78.28967686723345,2.917883630336318,18.410044777237598
2.332930790270325,50.86875574688872,1030.6806154513088,25.003116329510405,75.8956651211598,4.164404218820887,8.451965832156656
13.548012621736675,98.56619029085047,993.0174256840693,44.451802206660076,79.82852766484908,3.6230327508875773,7.956945041482306
23.095681631850574,51.28737953185764,1043.6667891553632,22.703262816600606,95.3770740076004,7.0166804354944885,26.47953037474329
27.55885684770214,26.398598623740384,1037.9509265654322,13.861250371094114,79.55574983947842,8.453217104226624,34.234179999713795
27.693404135495648,27.186060205766722,991.4549288929546,45.82064590502139,40.76082032178909,2.7287828412042177,27.575919818296093
18.894555634704417,67.26029770824519,1040.9819232372681,19.396753783943467,82.15085168980919,6.066820545417535,25.60974164890023
35.217988749692864,67.94908413906126,999.0573275459329,25.170205442223082,50.86746320899383,4.310346259729323,30.337749023339914
30.87039236530547,53.5007192386124,985.6608822082475,16.44303162653386,27.77140325185653,5.5520008754145564,29.114923266782156
27.852405734931274,54.547495384962374,1025.9775614559946,33.14188001453649,30.29170681310124,6.586820576050545,33.36209457062586
-7.219723915976969,24.314606627269697,1025.7663261569032,49.751561250301776,22.384238856339834,9.0423983681381,0.663021931732741
-9.656101889017535,61.32372083114098,986.6452406695932,1.275677443238482,14.499295781975341,2.7306340104455264,-5.797552631014781
0.6223638597736478,60.37915803042814,1002.3196266255608,44.99240030035507,18.449041185365033,1.7830592835045431,-2.7286193081918726
23.176179695672616,31.963945484555563,1049.4970123578878,0.19630284946327015,6.3178049953819375,6.644907271408172,30.041080357403303
10.559874444127292,28.307150888874204,1027.4898666906115,18.211394057310553,88.84508649323864,4.547177638953638,18.106473565791504
10.120312964965585,29.88579924795924,1031.105261662233,8.430340314475714,93.10078096491232,2.466124239636897,16.4422081889584
34.22934441148069,28.08225971930068,994.9042099923014,37.867089033627565,58.67703924938955,2.0537845061936024,36.269043108823254
34.77814240659194,68.77665564294078,985.514744970274,2.530542037858674,84.0489556608685,6.030188081866268,30.955732612409157
35.458763202679286,35.71861219223349,999.3831182818657,27.674247679216396,18.357110265314713,3.70423535075376,35.737878398934
5.693903825751365,40.11441217499708,997.4228869635234,14.746306692265632,90.16738252269852,9.976837416273801,8.44873017548295
24.55279063696309,33.88577153211518,996.4180870523637,6.683512443235107,50.63615596305083,4.653107373976425,23.281131714814908
3.5816590637184813,96.62682435588025,993.4928025320928,38.59091060513204,6.7164992605555085,2.9105794788866444,-0.6289814591021523
-0.4695083462775109,88.36939705214684,1020.2328983458783,10.870841712762836,14.13127444941602,6.6596414060555,3.531519766988693
-0.7683771326315387,38.43958698812167,1002.9672433089276,11.183760602746945,30.897646078681717,3.198294007214562,2.8817802675972217
7.105381043179701,46.205303513770076,1037.424151053327,13.75383925689615,4.3557580354751435,5.44677438908045,16.611464284209784
11.497880988991085,36.791427384399775,992.8763192493169,29.33833819140137,30.92933780174436,5.3431856534890665,13.717245566127184
31.54745855275342,59.3500767568659,1012.5238949607981,32.98329658453741,5.9930433118891795,5.082018667441635,30.306715652063158
-4.005445326364395,21.56884259794029,980.9560485498256,0.8801261850672482,23.60276051928252,8.164771266426175,-3.6820051360584807
26.746292369744708,73.70944071174365,1013.7177625718634,12.093481805689516,26.56697558564416,2.949517013195655,29.720153420170465
16.572745709465266,61.85265198541133,983.9086754613533,21.54854212526414,99.43689763667939,9.138765745634231,13.222150193773317
4.397267133799623,91.89111426408826,1048.440645831085,16.598847608061657,23.554667376366446,8.12206452892181,16.241095713804363
14.640979226641228,33.15141474627313,1035.3414490055288,44.208532925544304,23.918644893858033,3.998101278189914,22.188581260199694
4.997103488851133,84.32873968489054,1014.3078033645519,39.38543654432094,68.6788968358385,2.625422556521247,5.2582273147348415
19.804097761915298,83.35688115733726,986.0611150725546,31.294510776941376,85.93574785164519,3.5158152205606714,15.405018080073146
11.69219614276221,30.174495137350952,1021.471180855329,16.90212079985199,38.705541260208655,3.993726222181705,13.861407164509322
-1.7797235460560632,51.88473793153021,1033.1134625491313,35.03361724230799,87.56180199406924,6.01239851926342,7.604079278056162
-4.170846272215164,33.61221129156135,993.3502077103321,42.18190064228972,34.01420207477571,1.4173135193228512,3.7931223647864902
17.33478410360651,40.377640036603914,1019.7745838551243,29.741518867949335,19.701587961501932,9.229232168668478,16.804999972321642
35.12065166430517,41.05969398644355,1036.9947628868008,39.223073344668954,32.96388243277235,1.8880737099499987,37.58102114187917
7.197884327884278,64.49891152206182,1033.7773444352422,37.45524806998739,60.93563739279924,3.5134605469003133,11.941451773140596
26.650005361131157,52.91287454083724,1036.2094412507008,28.58686555801611,36.71431593120737,1.9835869415766991,32.17200476172495
22.93306774698835,95.81862432050443,1041.5526397408803,15.609160841075548,67.28938039892888,3.3100554387309415,29.492006906709086
36.57774571547405,30.10961135576041,1045.637747151163,37.28910790006359,23.69358794224824,8.539064367479275,42.429285872554516
31.049050864957046,97.8953707880159,1008.3864808642475,10.339818317880322,70.09928939891488,6.5365823024491805,31.58462843434637
18.330262945273148,38.45109121714111,1019.8138371766014,38.97441732357669,34.74383632484667,3.045909025805326,21.868855870191588
22.85152491170537,81.82991491054824,1035.3461668231928,40.22733460712665,45.58683716019345,8.845826768194039,25.07080891282075
34.919323329201745,47.117594093825716,1028.7997869762048,41.10724397851865,55.77451404428959,8.206408532966364,36.83309428214073
9.97593922934674,31.446511633385114,1049.6864159785066,23.64579854892288,68.62250031859936,7.782843540894225,22.67509944961394
6.339735292888868,88.6311348196992,980.9574355773251,9.624038388521083,23.87136918487337,8.628694285471415,2.1160555143319058
-9.459445818240184,44.708871938917056,1004.8593250721053,4.986180003303437,83.59455374108104,6.576847133664836,-1.501075422443875
31.32755370957321,72.70843233814738,999.6719548389142,37.16806252439621,72.18427497552398,5.512936241901091,24.4425429531899
30.049035020168247,65.31549480693013,998.3621095115874,44.31306922649066,23.409791902399945,4.365415235542505,25.286094938699357
-4.777274094992431,57.740504751269945,995.577084774922,32.541917941845334,97.49745626029103,3.0138761836692853,-4.243943787576743
18.842869056635013,59.665557811883126,1029.638668857066,7.20800301941848,66.47969910304585,6.016704918822054,23.504517368013975
13.199084908344368,78.57903312738301,985.9331631292725,46.7448224258787,45.24268864667056,9.005431111426795,7.853473371191454
-4.0645452245444265,27.021833129875247,1031.9126183760336,49.45510072696598,15.752732555351635,6.345836100930925,6.961795013717909
39.02841135303618,73.45445295663241,1028.5398089411392,21.668930496746096,53.32210023081314,9.27646175548573,36.73798203954045
0.7347943731677713,91.6649681118863,997.5562892750628,29.74126446368856,16.47758868271182,4.212256326338472,-4.024873935305332
-6.638290995471943,24.623055761589132,997.6983648215613,38.861426000082886,42.949167869784375,7.256241752747479,-4.615276023271344
19.74236897509548,31.25226713869334,1024.020240974115,36.819489502502236,40.87125227395189,6.83798925216377,26.03123002133047
26.943333856651634,77.33055493616251,1033.3519773838575,48.38935959667246,71.99396443474602,7.0339045965646765,25.359603324373445
-8.377827697640651,54.982531859569406,1041.3539929161157,5.744154553939445,19.238318122424978,6.805378110167133,3.191823949001688
22.93588193635111,52.28388966509507,1039.6497694698132,29.036243307140285,82.18713548708459,2.994892074434051,27.21886672130965
16.614593797572724,30.95733076353887,1047.5418095914697,34.59657098365461,32.61323270161658,2.2923180845483406,26.695749265897938
-4.836749556247579,60.54160325742305,1020.6969426735558,44.504921209383504,44.39886269687751,9.807654306088528,-0.5368014530733145
-1.3738061526818974,30.12362489571018,1043.6058892938252,43.70548138590753,77.23409755538425,1.4076561595825108,14.306681135576241
18.398714865804024,58.12963650484323,1036.5959291282288,48.8999896780645,62.53923997135148,5.209628383254433,25.82916063251407
4.817880675664419,81.08922391693254,1042.626733701981,25.603922696883952,30.802535180193736,4.825722854276757,10.091454220601726
36.9157864325658,40.66114863097308,980.8138620899757,41.53804334066133,38.6202924545881,4.240170623935686,30.266434545476404
30.937011474202542,58.46289345437818,1047.6132094306067,21.364085406366385,30.578681398961017,8.037854682190385,41.95785772261152
39.17836032568315,99.36127755174685,1013.1471113992535,21.115693892801612,59.477016727715714,7.708152594812644,32.11128416528169
2.983541947520699,74.93203386832297,1035.872809270239,12.667418223642951,33.262453320683974,9.147024311769464,9.178951329443764
38.48618163989885,87.30854170441589,988.9042883536447,40.911864350961494,72.56976947831409,4.5593877356823,30.063518932470235
11.561693489577895,53.18780852484366,1007.7158767069782,49.29075529067578,57.97871585837261,6.077615751365137,12.260582730037507
7.375939765687733,81.42887385006843,999.0022464114694,12.817086417362894,14.5706611747509,9.030763426079085,3.487298092620311
-7.482523651532338,23.240733835305747,1000.4161139350656,2.8065794010536163,31.02686186798824,9.944632565698459,0.6958891289320926
-7.361737107019869,29.8328946033796,988.6278933965617,40.77712187095037,22.144744191015576,9.723649261288195,-6.329480376085152
24.600562797332735,36.24564743360497,1036.4034682780105,31.01150262673781,39.031321255148534,7.460594841418607,32.792749941747246
12.896449721701394,52.15615396921756,980.6469620206755,47.98494002755022,51.59840862093631,2.2890480202916166,6.575357162763343
1.326081301805285,87.65959026606106,1001.8753819889641,12.611960953847612,50.67628572841099,1.2086741061372392,1.8840429906527998
20.69851531626163,47.701284063034436,992.208738025149,3.5513829000640538,75.4523676563289,8.426965207626477,15.999135558645008
2.642905912505558,72.36969548123703,1021.2327258425838,24.62211304332508,18.917186360170934,8.568478220426428,2.1019301986706322
18.88158771722113,76.74514358427868,997.7976681830181,4.273301148257374,94.64728292974468,7.7172481743712265,15.687019326350251
7.960437349134516,66.89458832706731,998.129891816967,13.089500055135373,34.28451068821686,3.519311373992981,7.083393285713171
31.17761133059095,48.579357453610896,1014.1836700796723,6.298893040958414,30.024884691613853,6.75836073638674,35.358679720595234
31.034808038338966,66.16426733708354,1025.688232753865,11.206608983003935,68.51785781802198,3.846235976337468,32.29816623702717
13.867519906120066,47.3812474231797,988.4913293195615,5.307232641069593,80.55166286830625,5.055834214908322,16.59004369405153
7.5409554667507805,26.709899084160966,992.2858016725847,47.69529997136427,37.84717648136534,4.441915764824595,7.9715522829714285
8.127989827954728,99.42431825488116,997.3022321216163,13.928135672486775,74.6846974893977,9.2227607811105,7.065944293749791
30.285726283410895,30.174596290600874,1048.1623749882572,22.194879299628273,88.37359561360547,3.10741597669488,35.99256128707056
6.408974139880598,25.78787070688459,1007.8006749960044,44.93059038171111,76.68036652069574,6.198498141163752,8.721223954465648
0.4529686853423005,90.28245993657248,1021.9293063441719,33.866079398073715,3.419648557083299,4.2488337613047324,-0.8831817084985341
-5.765582906234659,44.14677287143161,996.9079968901184,30.901874028088717,82.73689113661882,6.967640007228032,-1.7698734801981157
13.33465604422042,72.0237579258806,1014.3321667610242,35.27815951804186,77.44809584543674,6.0810682705972745,14.482640871168739
14.106604945992093,46.32045837297863,985.1883422070171,41.44111285526909,66.9290238153186,9.315799132293465,13.545798997115796
32.04543552014536,51.316341663557694,982.4319502145629,43.88346339258805,76.00224190879035,1.9145093653109186,26.733768795876767
1.0619348223031988,40.96903776134372,1012.8113468775022,32.13198353325132,97.94253958319389,2.9857675578108704,9.992616387400915
9.049563683419997,47.44352046344082,1007.9061501262888,44.50036373470289,43.111288781834965,7.897131674479502,11.20960709939493
30.42028694468455,52.856032046923445,989.5816223784279,26.769876371273842,6.722323495459781,4.319081559053591,28.71116430610473
31.181180537448675,77.63328552738743,1028.1321000244513,13.86454281342117,46.08899696277167,2.4920540760585155,31.17171031163882
9.23055379893841,60.922895538783344,1049.5032443629484,44.00383544419222,4.643365539104794,5.529891333208489,14.380493899624854
12.956201164334043,95.48521737255815,1007.6952774837698,27.073641370654357,29.425040808846113,6.8692785545024755,12.60995349428531
5.164294542464146,23.35043150710204,1023.7191045142176,45.306879378361714,58.6879791796759,1.4034404273814873,11.635841573100238
36.6277439209656,60.24546581056225,1047.408315965514,2.008390697529061,30.96228929261563,3.6245970043070024,42.98885901978567
-4.067811712920984,66.73798310653746,1038.2074480712813,19.875787577061775,68.53952459095386,8.284802839264387,4.646522311022635
36.6874711500735,93.61575888594191,1012.448655631188,47.390250918123414,82.19863276857211,5.682201099491748,29.60684891187883
24.193322591767163,23.932681889714207,1031.6242639121942,12.482504637915138,42.043917927953686,1.3184129365598798,32.917899762112384
16.57860763433656,65.87996679481728,988.9694528175366,47.07681230192463,90.01379512930036,3.5375590474723078,11.070616545565624
-8.367046960775205,88.29039428223656,1015.847269882466,47.6951230564625,7.983893135040021,6.752265903814792,-4.932234603100068
13.779809591100413,39.354218249538924,999.5342194025956,44.10711571129305,84.01131642004498,2.7942352262022228,16.852500040348627
10.387405250136613,90.103387881915,991.2814581527313,28.183402254664934,82.85731454392989,8.446522655974729,6.134882365409048
-1.9390594012438722,21.523472741943344,1009.8396634378174,32.34697245403193,32.19938963267649,7.089183163752978,6.8005114899028865
22.82048017503285,78.59637033069838,989.171018810353,43.48084992249346,29.871518712461498,5.242411548530138,18.106542515856702
38.55754536841429,94.64905769349224,1028.928957572214,38.794854119459224,30.509498115351263,9.240614029601064,37.305477434324416
18.109440553226257,72.57581293120498,1011.9368030837335,31.50469247277058,81.1393712344411,4.526206938321955,16.12873389246224
25.73766382219729,55.12233951843584,1017.1801242795265,49.112970393535136,83.16534876101952,3.1156606950767674,26.017197673752538
-6.57747737169916,23.590481317817442,990.246315706771,34.28383181668471,32.97224588276676,6.952626932740308,-5.471501126237268
10.883349790849735,93.6091050658103,989.7840162765447,48.77409962238806,59.25903474444618,6.159656687231337,9.213617407940673
-4.182075741775206,57.62369781532598,1020.8390804682086,2.8694237303545367,13.89332294404545,4.017231108381026,-1.210265965190449
20.63979177682552,22.31973954687584,1048.9506823480613,6.948018537110623,46.87787382810221,4.092981051915794,30.04394163264758
36.92410791070773,75.18568570630094,986.7375408266408,22.57294230002453,99.87928508555383,4.583892777706916,28.389203688193156
23.088886623581928,58.546980286100656,1000.0011999996046,19.243973044215757,15.883914770624685,3.6202471073143236,23.329177385290972
-6.159847584278923,29.94762539539286,1040.8621381576522,39.13674206785139,94.7562639960059,7.392172657248302,8.388695033846588
7.733310249254142,37.14174474482077,985.0590408578665,8.030701323460187,82.42547219650078,6.862225645460848,10.269125392162382
17.533168972042578,25.1592544364677,1041.3120004956866,48.80475895557443,97.22146509462699,4.966998872917534,30.569582791795735
10.160387806662612,65.94348317668589,1016.7000188362326,15.7532937630457,17.9578760610533,4.580692082013135,10.322308765693279
31.682200523758617,69.76235834016074,1008.5786741748498,21.446185387007972,21.351849044336426,4.285461424237345,26.9610053698019
30.733550235499457,60.45938386843555,1001.6776395046019,13.737251622001146,1.6867181734858683,3.5512148925302816,27.065321872059116
20.591551005161072,85.3681706402092,1000.798201068949,28.968180866327366,72.47018129156055,1.7712699684135345,17.587175210787965
8.672897256635263,88.88070570464109,1001.4061807714635,2.9314350211291975,64.40946934361857,3.4138421697025048,6.272016825865251
2.766818688162207,69.24995173465012,1041.9362156672137,7.483875278522439,17.80654383247321,3.8908121382375853,9.224712823711744
-4.7062840893435345,21.020518376594445,1030.665666112235,37.28988517093621,79.1144965542072,5.92915605638809,6.294339760073444
7.7448841743277015,75.61837245981886,1026.8806105481806,9.325029170240196,29.91955061317254,7.964096581702448,9.621178108880478
10.658625860385975,53.439937353628125,1035.9124404266402,11.775722577833141,13.499556933063516,4.561319303506285,15.316324902201995
23.791146255203678,65.24459865811096,997.9980264102901,39.64911178624189,42.25626650193482,9.502812152668826,19.923077290525523
22.90799121487867,71.92644816151075,1023.2629968457229,4.66505891786268,9.096984842685607,8.446149670970462,24.36498711901267
-6.494593017937152,48.018929146166144,1012.2046367270566,21.873691138542046,26.324365627324664,9.863216630953707,1.3951239896341479
9.762965771557887,93.36788041374353,1034.7709144640135,1.1531693498613493,37.13333584273462,8.885827369373335,12.18578967887743
-0.9110566391319033,30.717989339982495,1001.64792773313,17.340369965895192,85.18641745141498,6.550533543784413,2.7077734029722307
-2.1593647341597153,73.72094458248299,1025.0225031808927,34.94907013053773,79.25487412932213,6.38631359035047,3.4361266125306384
31.365107486862293,20.348766396526436,1041.754868827212,4.505163985861415,44.275428575061824,2.1657351407879535,40.67320082446633
-7.904239164187123,93.97208843241447,1008.1505333336451,44.41673133893801,72.45750577523876,7.50159324002411,-4.377177996799178
10.959143795106066,29.00033065904732,984.6635461157223,45.4749521470358,56.8649636179005,6.401861718334042,11.359270792852431
-1.5898172116740898,27.590738411805972,1016.1235575639255,5.249518756256755,34.08418550780681,5.562388930563863,6.858182113832186
33.9665107839237,46.64061064417954,1004.2180741464919,49.53662181878883,72.58743434952848,7.239581853015597,32.446242159327426
17.852025663751757,49.88530288312645,1027.0557766383022,14.876477669774445,68.3499154466378,4.996430585541943,21.963114584018385
1.5690318188424008,37.14400578583029,1046.5723047324025,4.205083556580302,61.909444219360196,5.714736961674576,12.588212926430016
15.121364358318822,66.80973287416998,1013.9925822597793,0.25335572486311353,61.795552104325054,4.585170743229307,14.046380002803629
26.574317985155794,55.433127843357084,1012.6333161108873,20.426144788193128,68.29819923269767,7.456338040336209,28.814042150515974
37.90590044597169,22.73404712328699,1025.8209360134022,31.490499285305884,38.45455126425382,8.889498734930994,41.122824937061495
1.022300212270947,45.57216498042405,987.2448252515497,16.608962495165663,86.90758150677024,8.567604452193423,4.033536177707171
34.309088606467256,84.83463308585364,997.745433224751,41.83586827373114,16.23078454964608,8.07422744844522,22.314355249700377
36.71520570837451,75.17612278894948,1044.3285527850278,35.8303137782525,88.3885463239154,1.1240893409009582,37.95739884205683
35.82102722660331,77.98966828639044,1026.8959829354637,17.508076598401633,34.22818430319944,9.206924174897134,33.655930277345796
21.770717843095493,75.84935392668189,980.9410830788391,36.71548333043023,12.503161560862253,3.4738814865105456,18.745275157441444
21.491032721735383,44.87784171064266,994.3237830791314,47.02438684846249,60.00274026791299,8.991765486670383,20.702932427037908
10.16053165919114,27.97311376614207,1027.798608622023,4.654799927150854,37.598666907040524,2.7727129278043887,18.804124927588138
27.619894115189396,41.79737472264768,1033.5079441793803,15.305198007880843,81.54997271035192,4.956811762822635,31.53018580793012
16.564700917546595,86.54282401481274,1038.790170087183,23.166296955834664,43.078546852876734,7.744589148942223,20.6111971442786
23.871903561414726,98.43766382264569,1000.4523762367431,24.89950638773843,66.85625255621098,6.762510507494553,17.3826147787592
11.422895192439771,59.50776117932491,1045.1720017394293,27.10978224430368,30.825798950482554,4.743297442264869,18.169700472555494
26.574823202156956,20.776028393843376,1018.7062825504524,15.031345326932428,20.94523750253401,7.107614710662506,29.824165792572348
31.22357588022745,31.203584970738323,1028.7577315671524,33.362982299117455,38.804903094882384,5.940545590419756,39.22224263061464
-2.6781871698591946,45.76644602530126,1021.7717203945936,32.25422517649149,60.68078346024335,3.4816267597197905,6.6551675363417235
31.6464857787114,66.28682788743598,988.5918038272234,28.891075313580693,65.69467392113518,6.8169650094742575,28.56687845727995
17.014826589515362,26.007491664425118,1047.4180261569416,5.688086085543831,57.820666529801834,2.83822377710071,24.229680842889774
32.233295454511214,95.46858389679053,988.6012905925907,23.848394554797224,98.80557186241089,7.245894558332489,26.586902510308132
11.56508531705073,49.20669386275206,997.8417369487829,17.811344374468778,69.10901864951653,1.0279978986091853,13.054813684350828
8.952024269151753,93.00673743398585,1036.9539516156085,24.55192349190613,93.15196275969177,5.938952623855927,14.931098480838381
35.75303662586112,82.44174422056174,1023.3017873050771,46.0933217757513,11.793319489517451,4.609608648005269,33.6301337915649
2.5584633774200647,80.4349818012465,1038.670441576345,24.026567157920415,6.137292981347886,3.7279339642175255,8.325697873186451
32.210616264307156,68.53756638257856,1016.1015331861831,0.6990395919755921,31.099470201195366,5.641371705111737,32.74386510505661
14.201028625470205,70.14270536414756,1006.3895264756644,21.941836904206546,13.658893837642394,6.807804692822993,10.709528445412113
15.704772127562986,71.04025881729984,1044.529184968345,41.03240900246911,52.58685282282677,9.687810395921185,18.758786353837237
5.4234140744742,70.29771096204657,982.5376622260356,39.00304616090841,51.898125352327874,8.497580408992878,3.163253189605815
18.652110030950784,64.29825851186891,1039.9291154247132,25.66950367640905,57.50471664439502,7.454348947754297,25.69510169205835
6.260559813810566,98.91312147863111,996.1572449631448,12.488450642965764,74.52278808310727,5.310702205112317,3.106604103147682
-8.036529287917384,78.5832453940557,1039.4115429427777,23.254433145727255,97.13297002123198,4.529297076979188,-0.45031350185180447
3.599930267217802,82.1557110714017,989.743762939182,28.185110970909584,87.82586914391464,1.292766891273975,-1.662192155595958
-9.681047829670465,89.79702520669393,1020.6153274583378,49.99357191370669,11.83672395755816,4.2318721275314335,-3.901410521982557
38.91773935284283,37.25118101806793,1042.1675543308031,32.20890450846887,33.851368877065724,8.635394248053549,45.04215535713424
38.287360490987375,26.704332727604864,1013.1477752829223,34.71324650313068,25.58230250480419,4.456221237786609,39.948619003547094
9.757764873615251,58.63155492788789,1032.2596671662375,24.5727071784026,17.68173577797928,5.154264991559318,16.027502839619203
26.4185427169823,61.12645564954185,1036.3270132498892,17.724477539126493,54.47248766557845,3.4465098162241428,33.23357109829226
7.290304920521248,86.33454239599342,1031.5545946101745,40.647649182360304,55.32644020327305,3.4671948293203005,8.380780540542311
23.554657854298803,55.502686342586856,1044.773081581222,24.746616216961808,22.72448278880613,1.5568458480257354,27.233552582428924
30.271502152298957,65.66824204354502,1011.278396136395,49.73450649822625,71.18972503066855,6.5242353305782075,29.805391134031318
37.33781223461204,62.165675081076664,992.118780741561,22.856028713402203,73.29142991695052,5.032624627408118,34.42752883191438
10.0106137924836,23.056222700591285,983.3467744591736,3.400014182378869,2.0979994833933313,6.453647267417152,9.609548195142553
29.164899147802387,69.21719172775312,997.2521908746254,34.12890685450414,39.57577037223166,5.921982100259675,24.071452462726647
3.2964225316059395,86.24346286194017,990.0238252716169,2.3320725462905534,89.0140641201621,8.189601285674573,5.6676385484926275
39.51661518968242,32.60004384606431,1019.0564119004137,12.525079844235165,52.03186082438383,7.759107210803254,42.03666185282701
-8.711520061782442,67.54653871412766,992.9461736048213,17.686912638995167,34.76278014389943,7.943084678240915,-5.176611704835508
20.17644032505605,67.48884355571315,982.725359510256,36.974179281066384,25.36761515951301,5.49315106247508,12.992868669266958
22.97529908256636,33.1347971245087,982.5192880208067,24.711796320380643,24.33545199182823,4.184932162185374,22.333812886397038
24.402277853706444,29.87708589845888,1038.2098648855404,1.4322965655128306,9.976803385080634,9.400929314796576,29.172551116787417
-3.980621060545549,98.40415543811878,1021.4014952010117,30.84249256379611,81.72264190930922,1.4884279634489856,-5.54740341575264
36.92648917365652,51.497533572243,1005.0659711325364,20.571811871333118,8.665740539417122,2.373591770652073,36.452666108504154
-0.9408360474958606,38.19373829788234,1042.5959629918173,46.09172549835536,29.22947658618158,4.776391829589757,11.098488808921731
21.137670161992055,33.70596355635,984.91376279854,24.97811555701177,4.56757385663532,6.5256188731121005,19.251129043617322
1.1338039561542477,73.4081370866588,1048.6225450909478,35.448757296966946,78.13865697237004,1.0738033732604948,7.5189249308833155
5.360820851063545,68.7556237861823,1023.1404253178123,10.943424616477342,3.928368222679046,7.473905373800277,13.401837699850146
17.322927086406217,71.4841698389934,992.8424977778194,38.04867822658266,30.83011038682084,6.028538885109232,13.640128453440374
10.859670928228823,27.04048220091618,1027.534836928388,36.04776552418362,57.329737008666406,5.362324828092327,17.263781528855688
-1.9887199511746854,91.48276667987496,1033.4366881848493,45.20408542706541,40.95613602934438,4.811455349450814,5.1341801163663225
-1.4531798789575863,51.141311744723865,1010.0539948359542,1.6910820859599607,28.227106724910044,5.67538328566562,3.3898676583468546
10.907239408139983,45.069552514428636,1040.3142824371882,22.37503488087256,27.518907242754164,2.4560716103357283,17.285924698609573
27.86414891377504,56.98891577981914,990.551268510753,33.95777013698151,79.77903060062494,1.9784056534928427,25.641231532361296
34.89823234238943,51.20528525981026,999.5186308504326,4.7581950040107515,97.3978095087245,3.606737308766546,31.833247238852316
-5.793616887030858,89.08616025113167,986.5444653108793,20.53020335744562,34.80410704487934,7.385543127867922,-7.385510621551509
9.655195377970053,94.34087801583136,994.7614488425146,47.10733015330977,3.9145513609016525,6.294590954519467,2.880179445295338
-4.987721813856169,44.27625731596849,996.7110168337801,21.79672454455641,3.656577790910842,5.321107158571114,-0.9940536524629948
-9.170375968370106,89.11486459679638,1044.2343233645197,49.27023917403157,75.92134152107181,6.143688693063643,-2.6161772204757394
23.085934132197828,82.52185036264537,985.467678212581,2.8419530539909807,55.236982160912696,6.033322117354089,20.63539061199041
20.12247209832939,94.46461378758094,1009.9190584131396,35.89148880704457,78.35926574173304,3.7633773294093285,18.95472957551568
-1.8490443092556887,39.66002497487103,1017.2679081058839,29.050811812413475,69.74970102885749,1.8771035252025325,5.496191981344052
1.6906416546532057,66.15673200967834,1042.9085137661514,25.02698385660627,90.75063492653965,9.071041317967456,10.117946103335374
-8.814612317774081,41.96356677923557,1049.838735306285,48.54237007425047,88.58242910466235,6.399201363615231,2.0526777522787114
31.747360284720187,85.92755923874994,1032.7371680443885,6.482520024556432,78.83273956211774,7.279731997127665,33.916612646334215
38.73452980242757,20.42593524568514,1047.955369339832,44.79994758404567,47.518916004214375,5.175975019302596,42.01891918684316
-3.2270231602654595,65.18553303091169,1035.097079277511,34.56202055683051,30.812640760385246,7.808325219789063,-1.119283608622061
1.5737606882649064,47.13627450175344,1047.4241848679992,12.949803664981635,50.702678744463995,6.260475375808005,14.356767514261481
33.4204761973467,45.81469656622562,1029.5089508161118,45.08345728161467,50.207160731982356,1.484210098874712,36.26271972527851
36.32318989780924,71.59250590919336,985.583439781575,21.46474589305066,61.027554888933764,9.01087331854322,29.657616744426264
10.981369140340515,88.11875594511952,1008.1344130894873,40.71136640365354,18.60975677829041,3.7498253210909818,11.618374153812272
-7.4688763865462935,68.73563131146611,1025.2618098661728,19.44182585237,65.56198804449888,2.2410169967920193,-2.4932100800672687
-8.030408315359029,88.2538382917378,1004.5502956617976,42.54654137166205,45.66009242058158,1.792369069338842,-8.741921914873965
18.69749330345052,41.1677689504824,999.1368742679645,31.831455922252434,62.02048319408592,7.483962824578997,17.19013068858806
9.644755444658951,61.56014838119849,1020.4179486993164,7.0523316791863575,23.960482291954566,7.335715301239238,15.118549928634145
-8.567378621117275,56.04292312536608,1045.3451313691705,32.483158173476376,43.4394893877355,7.301459123319436,-1.7540100357067152
19.16261961562784,20.931591960247697,982.4487311461307,9.56723813509363,21.020121445252027,9.241774954134094,17.968723868064693
-9.434873170548876,64.54497145125922,1033.8461842479007,20.596131394708134,87.53051567568016,4.140487197978864,-0.5566887971453061
29.368597907463645,72.92194593169398,1030.5909094631238,8.514779212601686,48.79610450415376,6.050197507230308,28.884147853801842
5.321641135168578,67.3531523535256,1047.47673977718,1.1008057833559293,22.498141557381214,6.575460246949145,12.880992642698073
-7.987099849538395,78.90239190267371,1045.149785563278,10.594326972497875,4.120869574154629,9.815336457098164,-3.2816098926838393
19.417611049157667,65.70716227624617,1033.3562793430935,26.818601186206287,67.57386646535419,3.8111152934673265,24.122521550641117
9.884220721652735,25.34002038806055,1016.4286135277819,24.078048388867302,21.464471398975572,9.606980799135464,14.259105205399338
38.690020667857475,29.315641926776912,994.2987287263464,25.074854776803186,98.95821923187783,2.3386089977414324,34.2337702833662
17.20993312518511,67.7179662035162,1018.1665002827903,12.384343922330066,53.37003734151716,7.876013104250577,16.726718254510935
3.7619590518504147,41.998335357891214,1033.5746395743759,34.25806003070931,28.89769962480321,6.695973100183715,10.324664275652268
25.471943231698738,26.371610322781265,1042.6968448846526,35.21316434101729,65.76774337926304,8.352064335447887,29.024980262985565
3.5746001271355663,54.36821947588374,1035.2798406447384,17.89839127798328,27.521992343808556,1.2581701627586241,14.97076843710347
35.212164570378256,64.34580784669242,993.6686854633738,44.05850442370872,82.02742939097465,1.7031793864515024,24.860563621068785
8.73609852536882,46.299679067968526,1021.9780419959642,32.20116083177739,30.82360509299419,1.6272620161223128,12.507119379358794
17.49342813881026,77.63469617806223,1003.252142167195,35.65196376293159,98.82477323959093,6.33663509947559,15.577675219258916
-7.471344808788557,71.50164864809958,980.644396717345,13.866995896946971,60.51447854452936,6.4264246081798415,-9.218223274836948
11.306061897611539,46.62546888733375,994.0154655052066,0.030581757779352126,84.44111489426633,9.154944004194785,13.405169314461368
31.61817698304975,80.38980231268485,987.9254454953415,43.268780605105476,7.281546957842222,5.208431630666005,22.870440894731125
30.282440268167093,71.89560340264283,1038.9903386477629,41.12121922899043,34.82994173861882,1.6124414950446755,34.84110471879181
1.2159279426763128,70.99563029743217,998.0954376503469,6.1595944021415105,73.74870861661496,2.885764614602639,0.5224702267056927
1.303953550528135,64.27421606296545,999.9288578221289,18.705256747815323,65.50590173405827,1.0726578533605862,-1.6819588138563972
30.865265610661837,20.911173447084224,1047.1955600259218,33.06696541942913,19.424312143375776,7.990430726155645,35.391567925306
36.51992100846628,75.72057467815114,1006.5360706134196,32.60554286093641,35.620293050970986,8.340394931926971,33.10740988153779
-5.231953936349822,50.08334328873252,980.6709948101076,43.01751674042782,26.344340748754092,9.981463746557225,-5.739903683598935
12.502931971311263,95.40877681269245,999.8692303842296,7.013408081771427,61.3370169761843,4.709750041477848,12.128770000109277
6.872713948211448,85.43878168617643,988.3509706421269,21.49698738925594,34.4568229458775,1.1736853786143326,5.1879897813637825
33.53442277287197,67.01555756250498,987.1965993215098,4.861220896321239,30.905424200034982,3.1125689334133497,27.70688290590077
-5.823754265999062,40.17455854554156,985.4241103095025,19.479762421931408,20.73779804363417,6.289919808969662,-4.302694372004823
0.5562971279018711,36.29739146221333,1021.5281629122765,0.7553722793852191,40.902712091464835,9.657486703474628,7.989859513305281
27.623416879324715,47.230787014203926,993.2543406540901,44.91365325550635,19.550259019655357,1.9322069632371488,28.212601988621202
-7.435307550939221,58.125435486401486,1005.2869955828708,26.352199841434054,96.25695873776323,2.0941571814466853,-2.1129622824768073
14.626769035714464,43.68524080311577,1040.3412401291012,42.490113040117684,15.45018114953034,7.315830867510487,24.647988581824332
12.105351733986002,61.194359631398626,1009.7036697857393,2.995235050168188,91.33047149587763,7.004863495193946,16.381347663412324
6.720058949437433,33.22963404105487,1044.0983945036146,11.372905523646033,42.8473098156582,3.2545571978064975,16.972626493254214
9.728615765946188,98.21702502603999,1014.8556637376925,12.968999761059031,37.78659915617221,8.318303119130672,7.953137997600647
16.497029346511646,28.63396439719951,1007.9185630387828,19.3345747319394,23.131980090484884,2.159008799297169,20.355852854276883
-1.9316320805808438,94.55553117234976,1032.527224896349,40.143318619877306,63.57563343675191,9.331676602990838,1.5438496967443296
18.59979391417964,93.08624091221559,985.1222569137601,19.327893686574633,68.55280150108364,2.8092873729917924,12.977574836134302
30.27161646499932,62.02883854555984,986.2634868087692,10.23267648231635,46.757096225241746,1.732171354507045,25.778257955005703
28.008046489507954,77.99282174688675,1025.6381599746073,3.249513016938421,5.570689569342413,4.055698778264691,25.14573670652256
-2.305004765311316,54.88386383780703,1014.0858499267474,3.974587417634373,91.85101506885499,2.6905715968109045,6.085864593660523
-2.5375265129263047,70.40276620339506,1035.3290675223448,38.00236029804887,98.0329132876381,5.7424710253242965,3.5092163027556706
3.408718387245667,47.2460749936895,1044.1389586140472,22.24014955183165,43.1043415211835,7.181618836345534,9.798054712121868
8.053736317051861,44.09272158283563,1007.1856814370083,36.30905610000077,61.366080740932716,5.418294206304621,11.544182971565725
10.42277907042413,66.2583828935611,1021.7487018609253,34.11435608818488,45.02986262437467,6.945465986298799,11.403606715892113
23.984860841667263,59.85037393471843,1015.0487639456717,6.7681230880128895,32.18796508861206,4.28428462959986,26.642291484031368
-7.165978391708229,66.36290953199848,1048.7127458949703,7.14439670961336,7.731879285780763,1.25130337514776,5.312890574277931
-8.26636478869668,42.93284650296184,1038.1759085149617,37.767100771706694,45.60677303972989,9.766577118026342,3.416266429368437
9.595528147195452,49.35662654535962,1043.8216395794148,36.06341467427086,81.83845563594515,8.374721540859959,16.655910551376394
24.858184606899023,26.711836850312743,997.8038061304323,18.90153834371552,1.7031461088003574,1.6607694167616527,24.890448514181188
-0.32823285217587106,24.182109781776457,1034.0768496213816,3.871113166642004,58.21076831802223,5.042587565407009,9.453328357454192
22.075224062812588,40.2765703738413,998.5831257498354,0.60490108492261,88.07721087266889,6.715171630646871,21.853926454791583
2.991406897014974,25.939748746443662,994.6119773399873,14.407847473087243,21.7549430014358,2.715348435153741,6.904460061669139
34.30430544067582,28.301976690779256,1046.0986311758886,0.46111367936134684,18.32558646890622,6.201897502264943,41.367554356943856
34.78449721333082,85.03427243151496,981.3513091702507,11.50363105518517,77.22766257019431,5.8028375630591835,25.74098802794402
4.864360214066325,23.109895761335146,1047.57720925644,20.975037010566925,25.50864311192933,2.874386696812343,14.086174551381411
1.4996876981620257,72.71542351477942,990.4483327892165,6.0707882655977095,19.198426756064848,2.2708927834970796,1.5036989828407878
10.565198603311565,41.804619905232045,1037.3606657255289,5.213887891577312,37.79892505692351,7.830660606567736,18.111059448759068
2.026579259007436,89.72365445665011,999.3145787147672,44.82187178593683,39.2502012270218,3.9032780153467037,-2.08194071502118
23.61919216458518,58.79938276619996,1004.5491629201509,29.273501451144462,87.4101063016566,3.19636480458019,24.25220411090964
31.30323422741428,44.44611674622606,995.1730397925389,46.72278433813907,61.84434719336769,7.640905175253899,31.536062007228434
23.654606545560853,61.411114855154764,1020.9859829736756,17.29130818928396,40.59614563395893,7.624618228206838,27.402034839869934
31.217522362467477,50.55664152362151,1004.3666883255512,33.857246866458155,53.43879642857669,3.4876149070260625,28.012127568365315
9.849608110373708,65.14408517358642,1026.0175127646264,10.234583731089518,95.39652333252742,8.853116151266683,14.45107843889035
-2.1841514645569573,29.16262946610786,981.0953122559446,30.91701586399706,11.321467660989537,7.1942514856510815,2.5097648464047126
26.89754736987961,99.75924022500409,984.5062418460527,6.479286500499221,20.771552172469143,4.1118779603938425,17.886748712725304
8.023725257077693,54.044470215737405,986.9762806911874,0.10403195881428795,96.25287065865552,4.84740685166193,10.103039610364895
23.563541261456628,47.8584511765895,1009.3295579717162,46.57659007047895,95.73248485272042,7.54038717337556,20.374771754056475
3.5321970990882825,76.8167878653012,1037.0357320861983,27.744718808760467,17.716542126477265,2.904254496059428,12.39322363235533
-5.938518259666367,49.1119525196266,1042.1724537264868,46.347033139101974,14.510881712529821,5.218847132277016,2.171190630229397
39.62908977438817,86.6619444023006,997.1367518042631,16.691576185103603,42.10851343386198,6.882025080322896,37.94579216647781
-2.189924603470036,56.34165794883402,1020.205880696731,16.389303458087838,4.971829248796911,5.855486932078419,7.298775980032669
39.42104969817405,77.5646730612348,1033.785549488482,20.032750088651586,65.49035322851401,6.474955113140439,39.156052298226115
38.86399662832236,28.596257315350925,1000.2180600943726,35.30204919790842,7.749602166174219,5.915912495291017,35.575492356885576
29.69090519540198,87.68953484440894,1008.6305415715391,28.29043170930871,5.802962709428073,2.793046994110181,26.491717222586225
22.971148104099882,78.85743894224879,1016.678194188,46.2677453549559,48.518693620884925,4.691848104753593,21.044904700264077
18.890352512554234,36.93734227695725,989.4412392485633,1.2720450566219677,95.77866361101015,5.787869459297911,18.651261960796727
33.305077268891736,31.622880779662932,981.8187605608047,35.40979689862682,42.679593606315954,8.020564681113514,25.965582946217705
4.471976080974397,45.30338789804995,990.6964066522798,16.516384468327715,35.64811586605511,6.885138134525883,4.926443244100659
13.384060624243851,98.08564688255234,1023.8797534877474,9.011682590923058,99.79567155022859,4.839318506673413,12.440020430106562
20.969498468325096,40.546525965364694,985.1532783073577,25.519781126004947,53.196896077918346,9.76959848943231,20.180649723501034
10.559523793474554,56.49017671573066,993.278745539509,25.2531892089998,37.524140689024854,1.9701596951175264,12.16767609086613
11.3743227045134,22.401618057386905,1003.6497719986712,6.85055143442142,38.586081334160184,2.8612438169947154,17.562351090172243
6.514233375104219,51.778202365298604,985.4509045014456,10.094802806644493,19.495949603351047,4.071813490284976,7.39248789375433
18.2115908342268,65.70560123464821,993.4189489813144,20.408233245077746,51.222305744753896,3.0571486928911913,14.510020660982393
32.5287264007558,96.24996900063721,1043.7888852288459,20.440570619615766,43.88550281680058,6.628977971254102,33.90652571914136
0.0764189003156428,61.338883595205154,981.350939255889,15.877906980984235,27.07952963474134,1.3559565640262972,1.1521212042747728
36.72165193767207,85.52858609421503,1025.7402346922054,7.427257575499047,16.054008660175977,2.5969310584607435,34.688318435740456
24.45438268741148,63.77021140551204,1006.908625164063,0.2186839550489761,31.123886866755367,3.6401251389274396,24.947940791505804
31.16366063400151,23.262801074841448,1027.085411760266,48.51175312140103,50.86833276877293,7.150111975713848,33.97438838234396
17.809534631500583,45.20066201518192,1021.2084204254384,47.17496148519635,5.833327228480167,8.882783943230152,23.66929980433785
28.97583507120317,66.04396062648826,995.6449128048251,24.18251895880676,15.374402858395598,8.186425934977489,27.186650203716116
-9.189980133026639,96.04751727448995,1039.304664130137,49.75258766375028,94.76572669690954,2.638728399252294,-2.868895035202005
30.91902123897676,88.73042878009866,1014.435826782655,33.682716539112164,54.285535103133896,6.088651825969622,24.230584473234128
-7.993057045731674,38.268449134307815,1037.577521323943,3.442876880377077,6.344930366003787,1.2702038081021851,3.9545845884912256
34.49566881814312,37.60878640153308,1008.4208775331754,5.885909954131368,69.3087758769573,3.7948309781757503,34.971424857719605
39.59813736193217,36.09383736911206,1048.9279887740668,45.805542193481884,6.180287007903473,8.253854153454942,43.492516753409554
4.703373108838891,93.79991170420026,1033.9342550950907,31.50261010748142,73.8874227046373,5.109991423690055,4.882055019583298
0.5159278142896824,88.21329224813765,1047.61651435788,42.159181332867554,74.99627217200269,2.349471900482511,4.240456104738712
28.26816819290204,81.9906745802359,1016.0028535236901,44.91348248169221,65.10789757492526,4.946980433394814,25.487407926205197
2.651317046012661,51.418809137938204,1013.1583792603491,22.397100564119306,73.22045446193496,2.7822963291600544,9.222728175303025
33.278119158610174,60.35045634390134,1032.881766652768,2.426297578834652,8.796578101305775,4.538723120775665,35.08826575660116
-4.857870392126165,57.146539583612224,1041.6203884109402,9.414017444866102,72.67805523552676,5.390501254730591,4.2715669351929755
-3.702240181032087,40.27184860474981,1047.4902057105892,3.328597365121755,13.668831972388295,4.146023012599256,12.150632936647446
38.957577755030776,60.402243691901354,1002.7186334222749,9.436992284925367,33.950590727184384,9.432720553904748,35.62406221718336
23.69194491350023,22.43972382822036,1035.9093201689848,20.52664632279384,94.27452535006329,6.062772678007438,30.445461931718434
32.34436122144764,30.544829879796733,994.7451918344875,5.909840525749272,50.287547765914006,8.586034065522071,31.73491783262894
6.216468867575902,90.92716769351571,1018.1902042721812,8.336662390267163,96.74264320830139,7.846556923500222,5.630512350463056
23.824187476030218,80.13438136251386,992.5893703886439,22.29108910358396,8.892245888673756,6.950496783409989,20.7572561955722
19.71209136542986,53.82947272472697,1004.3178153225238,17.00854751942448,47.755659956318006,5.47199873472324,18.940412527875885
20.15750600614735,61.37202898271018,1045.1950857044521,23.382906209402048,6.240232027687065,1.0195640540342876,25.774094097726675
24.126622976886075,49.59991087679819,990.226348984116,21.458601387953102,63.02102623992848,6.521208404968754,22.889404867264656
18.76795865645493,79.26238937285379,1024.2680626594638,32.22390129899417,7.870700136851639,4.203617077022479,23.525903220199034
11.453118465133297,82.73497433856636,1021.5067991049182,46.85947744379273,17.53678025403773,2.0598595012118692,9.363858652733596
3.796134719027343,81.06281521625273,988.451684689629,5.393216922212124,25.883031006928046,5.001636372508699,4.469745521339218
28.4290665456601,77.80893798675596,1002.8185330638169,4.963007465459746,74.87438516644832,7.619979900549742,27.852067623518085
1.3136215001593108,36.36034709542366,1019.4087053160686,42.6403055545451,16.396211881807478,9.655100152288336,5.710611481626003
24.617715307720708,47.0375983392383,993.1025026291943,25.319835232622957,84.66320532930678,4.366944020098738,24.060441473275496
1.6666411324663315,57.587634798694,1036.0436559488971,38.32025117842211,13.190393883080088,5.8845096883447905,11.58704231469811
21.266508497722693,46.46343931421245,1048.0509556674324,10.771095180364071,3.5244449070156336,8.661199450272264,27.49860325059906
27.353913356451443,80.39521601266631,995.033157997373,41.44312865837759,39.504541896966785,4.005994779550133,22.484965932927796
0.9356944453269591,46.348281939996376,993.0838375353403,46.192331209634794,97.94416419712951,2.2803152047373385,2.5500395210270823
-7.002834956934586,31.05856694282697,1011.8454550258211,31.77415077732441,11.034222778877723,3.5369364810942017,0.8193733560934944
-3.4513128502912958,51.923236163864324,1032.3435693998022,5.293951073690112,10.171844403962904,9.092105468275491,7.037946561861097
20.299848363551273,98.39315462259043,999.7120427164676,44.76474070781694,75.11665107956239,2.4345379761565398,15.434597767794994
32.47232031128678,38.07051303468607,981.3915936088097,39.624386368503565,31.21616939935653,3.9629895490610387,28.810223317411154
-7.750158938228782,68.97269271545832,1017.8854439623026,37.543888825724494,71.7281617225717,5.181762794503065,-5.1227756619194125
26.707562952082313,54.6378439871765,1046.9620397437116,1.836409445295778,20.001058944336336,8.62401901141828,33.61089346686691
7.065932297502606,25.68196541194613,1007.3893798784862,39.94812626284856,46.00719941981629,9.439419552876773,10.109803357191003
13.926418495976126,59.03012847984476,1009.4094187928171,6.89755052341785,26.52898777489179,4.832292786699293,13.721922925635614
36.44297749227828,76.173146291865,1047.8231201979827,11.11930880984442,45.15282148790869,9.38758643518164,38.48189265541872
6.598575236792275,61.0575980662255,1028.622532813871,28.856741743462877,76.90970925853038,2.453131853719791,12.113636725279012
13.266846696974302,89.76848509972649,1030.3420345989487,13.249038645844152,76.20099404776617,2.4116706270673336,16.855788694740514
-9.315879261965945,43.11496133260661,1019.3891403759748,33.067410315595986,51.57722876737236,9.54325737671318,-4.649611980508709
-5.9200639997580815,26.899933704317192,1048.2226447604269,30.40352238495408,92.8371843721051,5.5871212017549805,4.653818065226841
2.929579556739201,94.92524893264049,1028.220653909789,5.407479900663131,26.3784102448274,2.6731705181855854,8.308159359438719
-8.60738795894628,50.25570796225752,1042.6522926123619,32.80072897957532,24.03113511192331,5.391913335180057,2.4373672260223005
21.56876630241255,66.11244411629067,1028.9565206013256,46.1977454912465,61.38064011754337,8.048900398411464,24.85225196747663
11.319917840081125,83.36025009041568,1031.4581077388277,8.055495259291657,62.129703421678904,8.442283291511714,18.0047124090484
17.407260136401103,45.94509311004644,1000.3287645499572,29.85310104714437,4.654003956497399,8.77572330984318,18.75299751645478
-1.2676407051835223,77.29316305420889,1001.2435088609674,17.093268596834704,60.77777123868976,6.126138127786767,-0.7586999987810774
4.796601471830806,30.833507985426245,1034.808925470322,22.980583588680197,37.443615734901435,8.802514129310923,13.912439169500214
23.191223742636254,43.30349977644042,1000.769440241893,14.350008953948496,74.74425253205591,5.590271879229292,26.965969989566872
38.26513618151999,31.57685089092159,1019.3939049561072,17.706531817384764,80.81056645452729,6.463539121519696,45.551874831135876
-7.47916131988954,84.89844467210862,997.4546617634692,1.445591163327864,55.21538195470366,7.828478220444808,-4.677050257836097
34.519216042763304,37.81193881814283,1037.1888366566347,49.07758689586103,0.17050315022650864,4.8289176343945766,38.511932962222154
18.844060065560424,77.39228443241683,987.7350945859383,31.239996103637413,63.63658101666421,1.662233384248973,15.875749417836726
18.195978337781185,95.46387177965221,1038.0612647833166,25.035279524694264,74.88812796659343,4.1514972117192785,20.33448327764333
15.013926760388017,62.22177672551016,1022.1910860355322,19.185767475016334,24.898326623151423,6.615497951163643,20.48117794455326
-6.530295704790831,63.20233538085502,993.0836674378954,26.968727941201383,46.46460011407888,2.7309913267552917,-2.97673387545066
-5.506157413191967,56.88268544782496,1017.9424769854282,19.005299935790198,96.57266234117883,2.3354682714967603,1.219010808283191
20.045600282954304,46.071211471491424,999.7749185793139,17.995396374683665,29.811555339410344,3.6377249013229385,19.783491478943514
7.047928571777916,58.05240247399337,1002.6427134311348,23.197327086100657,22.31532510417408,1.2890031605003922,5.54169497370267
35.86340332888403,68.22460258134075,1004.6069629117816,13.79915168355954,21.085479047801016,7.690806082782277,34.49183857086193
10.329526867973613,98.87932577365275,984.4323472880625,9.002494998339273,55.88008343539963,3.328440419695049,6.510195749629967
-2.8359270648679455,95.02116474545794,1049.0173179080991,27.830294909014675,94.97871013080065,2.118145569729396,2.4733162946815446
25.7359416751018,88.97223666344973,982.2074239691857,42.13827180751505,60.86901292003547,7.292164743670917,15.722130965773395
4.667671072050492,91.13044285638867,1026.3747811228995,7.641408886294615,30.332312023765994,8.58635211288959,9.574097405618527
16.27351536779466,57.42793466336344,1005.9859353430202,1.6367170302109324,63.856977806745405,1.178880362756006,14.851835096264933
24.8916392752585,72.59554617419718,1025.220720366269,12.340587257701808,62.48422975977874,3.1023979366710237,27.115610756976817
35.01320556010352,91.60533783489713,1004.9373777161309,48.98603217269054,59.692513572965424,9.50709092382625,30.411203566419108
29.609559740083803,51.43606119930824,1027.1625452381202,41.437903687166965,15.9426206888302,4.467287223394977,32.1555132573195
23.818053393636205,96.9409982676375,1031.0464856627852,29.79330267642983,63.45667993449942,9.447328570437382,22.875893690059186
23.981659119757182,53.26288496553464,1028.3386848279752,46.4624457621568,43.016445251449966,3.4679128453360963,23.552310921689436
37.296232201604326,68.08661323145725,987.9773386950707,22.26395584186223,1.859205862303337,2.962608720147388,32.51230980460496
4.791204874826802,76.78437706178975,1025.982526425828,49.1640301287587,53.976448714749516,2.926975705551963,9.769997620002695
-9.944395290190629,96.04736104607507,999.5991284617868,14.815102255964202,98.92667452184176,1.7670579438244443,-10.082877433364313
3.5977279699099345,39.56930192418128,982.0160959398534,12.015287475796955,34.97395908439835,9.06789059658213,5.607991038262817
0.8945689813371995,79.69047825909138,1009.0381470322268,31.90241005735055,96.55592183186582,9.81851520369611,5.308777162839418
23.09172925569991,61.66524689152658,1010.348017196266,18.90769839751802,9.620574166259455,9.590579265444742,23.979261968470016
21.68557998827645,41.48457124965128,1012.7021893346713,31.318277098812892,73.24501158673063,8.668253258445466,22.659631545567358
19.67306913523619,82.12854718371125,1029.3376915773501,15.24977591513429,11.432999466283533,8.621991168858777,23.871697011225983
-9.187827839527316,64.17778241390772,1001.6190666399722,30.895912841899552,27.357157355527416,6.949769204520889,-7.720933851125611
26.438902722532376,72.87790565197406,1002.0696359172746,13.787313029251818,57.08408353221244,8.43592340755552,21.667530568017142
6.176520624274577,45.83208548623208,984.2386579368882,2.548603440944497,59.27796939767489,2.87508127908743,8.71648659251279
23.25279945033156,58.5019161462084,1028.0774851194608,45.60679509615917,77.52113172341713,4.491213673484157,24.20368472722918
17.828921425107666,69.38834007904536,1019.7478263979709,44.16026009367311,61.53114072274393,6.767526639652731,17.7246349320225
7.1365462713953605,52.39286514158752,1004.4597578885652,48.5399074636336,59.361470438056074,8.872941993054367,6.862722158360006
-3.2711866447946125,35.8698031878161,1029.3632285242147,35.826358811070236,91.23530869891383,6.9442251613190535,4.01743864386982
-5.279055116975952,96.93123938522432,1017.6150424458814,34.13605888676515,45.21607522091572,8.551197625007852,-0.5001757226498227
31.57591665561118,60.91740320340939,1012.8471462109378,27.950153503741536,22.526577869505505,5.265545642643677,33.82069868901768
35.9198771040779,78.71362962301603,1015.7927180562789,6.2971208176261335,16.178858502363024,7.455733639345398,37.87881410847467
22.48940233821498,52.88377548448465,1024.5443687686939,9.461765547463502,39.999459680949975,9.81982725737578,28.274098229009887
-4.828294256975831,48.41054112205731,1026.200182320222,14.47348443362681,71.27527551936957,2.3813970141678196,4.162002237704391
10.101360844412035,52.57314387737,1000.2270473398502,44.50781812866972,4.25434849299009,9.342286230843008,7.324400218238443
26.446960005257864,52.73573150285198,989.8520354373808,8.648476230153756,12.905338650940612,5.701275530577125,23.931389582539754
28.991044200503403,63.53440927535629,990.9643926833363,46.143658724394534,10.611346010363942,6.788962276570522,28.210619771927483
-4.08906888544557,63.477589598509056,1024.75736201321,26.13928665257086,58.52501530514588,8.900821062194614,0.9814810913381911
-9.99846405773088,59.77230527062973,1041.101130003699,35.77848177365361,24.286465053126626,4.686887552970853,2.1240554906950817
25.606852294030247,30.782862793395047,1008.6647394841887,5.512224334028327,16.62594283013965,4.768233174010456,28.43736677044208
7.829808799310282,59.68603828004249,991.8664112230624,13.451677438795546,59.27707197430223,5.7446365271239035,2.6315474568236334
2.7240665809130125,33.52831203365212,1032.9621748805698,47.92593040907131,76.13099154523792,1.1719187604716552,11.462192470053722
-9.355126510523728,30.09086290366121,1038.2742632093614,13.307497346486569,33.21549164526644,5.469995628490157,5.249147440198434
17.014970338074985,94.61165738729342,1041.6407710184676,14.826086019557305,57.820460567659616,3.619785384948073,20.300611610891448
32.557536771299084,68.39600105181634,1022.4782000239613,9.879869242053974,9.81244131994602,9.351587641526033,35.54606472192124
37.881582313629394,72.75920464996673,1040.250999157166,6.453683265341476,93.519103045757,1.789617688777282,36.75791927606129
18.287247530664462,52.1434936266691,981.0790470913886,11.662882072699897,33.68961853147729,5.133884158178216,13.180265343205821
15.72306638699471,92.71847135318913,987.5065061238666,32.11634459753992,99.75056931735013,9.527213533396248,10.877016025564748
-5.747180725537945,71.03443916637323,986.4803246936469,22.768386675178178,97.8587755849782,9.109317252866298,-4.779999924093916
17.443640077129988,81.533589561887,1029.8823278978314,27.68779181689493,77.88234493358115,7.312135981370952,22.115524231624043
8.99895394826973,49.48499752221711,984.8707248480505,6.118241438301214,2.0067095406966717,6.304249467964672,10.392856643041533
20.356764044178846,96.80095046553004,1014.7455060726415,40.105822358145005,54.34749203843633,3.526578434195561,15.378450014568507
9.436317393827334,85.6369032126652,1013.0894829045402,39.2047350289924,8.68364204400115,4.302614014772093,9.5991944561202
2.014956172518337,88.31587704116349,1001.7492466490769,1.0794955571337694,89.51380259615162,1.8112137827871453,4.057309693428651
-5.251736238581175,33.77554139406034,1040.928361895947,19.175754725515247,78.96362526474029,8.07497467982414,2.2659794364032178
5.745922229444787,41.67705662969756,991.9303241315997,3.438530098557391,97.2340376595683,3.9148279111343056,8.08022453998832
-5.167758285612386,42.85012797468617,1004.6723949079468,39.60528897074791,60.83829531497954,7.010037091271866,-1.7711750809672473
-1.1551524588008029,41.672737859749695,1034.1920050016051,36.86348415628522,52.2172804484338,4.218352994787521,5.6605417761743615
39.366807928977295,88.43265296834304,982.1295620075299,45.0994047146578,51.89738559443876,5.178973972566364,30.44919267106519
12.20517784533093,22.55078361668737,1027.1065280172459,11.82019794765573,38.64483744543449,5.995022251387555,17.74594473128455
16.593588325250828,26.087999118461944,1037.14784084531,22.814794156389944,46.869006722914094,8.216671675515432,25.28270558997054
33.680926436860766,41.9131896503923,1045.2587487186718,9.224393858219887,63.54125831353503,2.9004073978661236,40.72230717260783
39.77844502453439,35.989837971955495,1041.340764834404,18.561746723705973,93.29476075562772,4.588888481468707,46.373045242595026
19.135722467234075,38.54876911062787,1002.356888178358,26.1121625783442,59.588433825603104,2.170734147026358,17.982549140550006
30.623691052208585,83.835455140264,1021.0454898926067,2.6665394919294485,85.71159423173673,1.6818445442913337,27.33632905574162
6.347051216833762,65.05012751136375,985.4105445205327,35.74352053386926,86.27799113025006,6.442069205519126,4.773196199464056
5.287197872364555,20.46165290343744,998.0509002483606,27.164668018553762,51.88326758482592,2.701819399230124,8.63404512782587
10.13518604972801,54.34582125633562,986.5955665123255,41.447950860533666,34.746964149762164,1.5381940773348894,13.98948040057154
23.625363133682455,52.63079414802871,1002.0631103107775,13.589025059559862,63.9573873332081,9.07388138085765,24.41810737791228
24.10958446275494,29.115621555563482,1041.263104942111,45.166055263462724,44.58773419148427,5.808829778068563,30.21138347044851
5.76197173247254,74.09134308811657,1004.3016787772004,49.93471265152217,8.14408673219329,2.211653866626862,4.773228798203459
-3.339503793168566,76.16777507035928,1019.3328672100998,45.964921918883725,37.78091004324337,1.4808351470279475,-2.7664399351301325
21.619812823275428,77.6714575241678,1010.3366593680458,38.89462379165771,99.4072138049325,2.0787404807229053,20.896655119383876
-3.583706890561774,78.27767564468736,1012.1241567009115,40.618440143689035,4.851187002628721,5.242035162885527,-1.6789534631418201
18.924625411466504,20.004226154583744,1047.870043628559,28.687212127229323,69.66669119009266,7.01618729652008,28.075112078443333
24.671106402815447,96.31366430773778,1000.7308127784701,9.507693145630524,84.11887050712471,6.77152067487441,21.0884712082604
25.03057481972258,85.13670136437304,1023.912712866622,33.85203425738587,64.87259034753788,2.2998077763804865,24.801782764572845
27.673605532979835,92.31853572714283,1009.4043868705613,35.637650102996574,56.974823116329,6.701400566539379,20.28734607846076
33.642971078283225,21.25146362459473,984.280232673338,49.26925701339528,70.75544169787575,4.643790617958395,31.74902638964596
14.997949598239423,94.70870366285915,1014.2531582136966,27.06506581281609,42.93427372996557,5.182694058695185,12.263392557256614
26.51245947647856,84.78308229504837,1036.9340330331577,13.56845075125282,9.136173730887675,8.212873656207854,28.33856199387666
20.958636768291836,86.97753143669588,986.9127078077182,34.18362608697534,96.23717543033817,3.9924943541167455,17.75617344625193
-0.6680030101158714,27.462990777757483,984.8714293177417,48.96879098332273,43.230076998419605,2.322991424470184,4.076330212216253
-8.715517756529591,79.1022423134878,990.7542064275286,8.8606954134547,66.53892371680176,8.861078202097065,-10.967262161925401
4.227069283846689,96.79333517136727,1033.5080077972514,16.299895926780135,53.13104368892952,2.909175182797042,8.121238106158298
12.151685316880972,74.28378731345285,1030.6796768901318,27.094047688634053,5.4673071977554555,3.6462688349917842,16.17930505369273
20.855297221432814,65.64491236996852,1019.5512438234277,8.51073174410024,95.27466009925385,7.359310530123602,19.96749958254666
32.497966525160265,95.65037421991975,1012.7758482864842,1.1110319759969178,79.25372261143234,7.151952853518465,31.437249981801763
-0.18771416469171776,55.43496973875488,1042.1828070291836,16.84915612206253,14.909789446939492,8.203600191554457,9.1231339840144
-3.722510505076145,67.9434853048383,1033.6688476683437,43.268540075052904,98.16488762882668,2.6547997730314696,2.675606584187113
38.173997373716375,58.107063479549296,1036.8359575911263,2.173419966185741,73.69013721717079,4.17051903982783,39.38094949297076
-4.597772031179645,94.62769770882393,1036.9283610945458,21.446452950845874,47.232165042830886,2.1329491506063496,1.8143827601936655
13.924553505359459,26.08677814124058,1024.990200832189,38.110038646304126,61.137005655957324,5.869352324517438,21.268404333549306
19.278186439665095,60.08957606602785,1012.0610237021162,47.659129845544264,10.673668201459751,3.633135332848311,19.260085218925195
17.068721045371912,74.95619531083506,1040.5274426809956,49.27376995022161,56.0411510015611,7.2004207690770645,19.09947336641147
-5.6983921483528395,83.35252307377895,1044.8205192322275,21.098469030437084,7.36610720170594,1.0030993118608698,1.2841806252173158
-7.148654299819031,66.64149179553091,981.666423028084,47.51921471895588,54.485525711930194,1.5371469861362133,-8.092881365971918
-4.725828626948216,92.71341952971632,983.6088411286376,1.770948664043187,55.26956887627854,4.89304270467409,-5.883654402428557
19.279384193630626,95.35931575070974,1047.1120307835906,37.29584689992782,87.44387851607439,9.623657403780117,23.770387815310244
17.217244381716053,25.14553785548668,999.4012429690937,32.137301731680644,72.5057500272294,9.017662486232647,17.9658194797514
1.6870396018372134,52.18964316330995,1041.1358607754594,12.476092879307615,24.955239221512006,9.94608125255785,8.36862547536871
21.888707092279578,21.876721737692357,1007.2156583272982,25.365925033982446,88.84261421878568,4.751472023776404,25.38808794145887
31.00337510278247,46.353332589955436,988.3370040326549,6.477686888024781,57.32426648480058,1.419116376463764,27.61620878466826
-7.921052007670312,62.94945743764817,985.6310240146533,43.57985754757805,60.637947857403375,3.7536052781778615,-6.535826178639785
14.90649717740212,92.86359444079591,990.955552935632,17.894904277282397,16.898136922217834,7.081937669565564,11.005100032924013
24.465520605134515,87.72434579723223,997.4925236407155,31.30222352328583,85.7773595969114,2.2164742879067374,21.146138629258438
2.6155963534843547,30.199978133758858,1014.1962847751579,7.938814314363113,93.0965115016544,3.6997496088400093,7.511126556854944
5.388545264657456,27.442429979271658,1029.104853039605,10.308242231560355,77.49906494949082,1.5054954809037282,14.521957447439464
20.68189514946919,67.14138710053336,1049.047900353971,49.597818540157604,94.07524526450062,5.274703345512108,23.687067620326086
34.89676467218685,62.569437796702616,1010.905472030242,37.65431972206647,30.229990412234585,2.8802860992557915,29.969052459903146
30.496221015144968,41.31021131440191,1016.2729459640177,48.09859348870354,86.11191683627712,1.8212322420910212,28.930767421746523
19.156510954979176,91.95624676430681,1016.5270990968279,14.792558260602206,48.88931428637425,4.700942285342311,17.57701733853011
26.511085887862457,94.18931275692428,1017.7604048841555,8.22814383099102,16.391720294358493,4.1610286393673945,27.741320579250623
8.241123510389933,52.20891506721301,1016.2418459973123,25.153423173941547,66.88005990334011,5.837659632509431,10.864966720368857
22.048276404937887,91.22420456908162,980.6142328543342,24.733414111367168,68.41202707058788,7.741347897822752,12.755482300696002
13.30907955637785,50.71591154103781,980.1207375476888,8.747325687899393,28.692451375669016,2.013118627838547,12.099143892389836
-0.503193177121954,78.94534654637602,986.8366422688287,36.66097847907051,2.749333162757006,8.120130311890076,-2.49253318653762
25.08691369386286,58.07537740381793,987.1089622400425,18.088876721936703,19.984725908556335,1.236609818876621,20.85564092336714
17.823231867441102,29.806652520574637,1029.3427836268356,9.318261546525864,39.977754767388674,4.98791712246263,24.378272420685764
7.9310790976795715,94.23473609896172,994.34412227612,16.59916972716442,16.756291105986854,6.286872581972937,7.47675237216361
35.566959503931535,56.32772747020293,1042.6299873328928,28.18293498175076,19.40299482396042,9.612988058258178,40.05246026237031
-8.953294108663336,78.75896322579229,1045.0024430703913,36.32354660902216,39.139066438226955,6.165307241826847,0.19163249342783617
5.7886575624748,49.373905154503376,1048.312533652713,24.094544302874226,96.17866143085604,2.428742739442497,12.645241779466089
-7.155930111117672,21.510470286098773,1045.7356913420915,26.279749491418674,76.42435154076483,5.6578762480951825,11.516084132835516
28.32636581108136,28.04242869534687,999.0321825342967,6.94729679713742,31.97484012265641,4.562055524722746,31.443983604627483
25.105372705689632,59.69755835919395,1015.6843791292458,45.73454623541161,95.16040689185482,5.3142001084021935,25.66374881509871
6.5676109368158535,75.197148570109,992.2818479137859,46.43620989960222,64.56467922587326,2.773873131931785,1.7585405539781105
23.78314511035365,46.778826126342324,1036.4346758620704,34.17132952090019,45.544964464014015,5.507443380801447,30.12546238242699
9.796861309797492,75.63907673421203,1042.1902193600868,0.8815704467012353,46.83001989551471,2.3503578786178916,15.558403335670203
27.812689571121716,75.89084715455648,1039.5902187508261,26.853710795166304,41.07444678353919,7.696387726217829,29.77682402668261
12.709183136835303,76.31487258622647,1010.3356864087784,31.460948604430676,23.299205254593968,6.345156342030381,9.313362838388555
10.613986391583278,59.401748321640675,1033.1071719280746,49.7327111479055,38.66321922137057,1.7067492243260496,12.266222627049435
36.73649577441505,93.19089200972032,986.8305418703388,49.80334775973984,52.78963840433926,9.006530211360818,28.182256937693268
2.543954994535012,59.135721438449245,982.8171339433476,42.88056176627787,52.8027350730221,6.547416441540745,2.7225153840080436
-3.9776330001717284,56.021215479731055,1032.7265490016132,3.1915496013056766,76.1736902212518,3.844963496150483,6.256528421242312
19.22715566297291,35.95046552085016,1009.7748692030078,47.663819538936494,35.87978571573526,1.4107815957457928,21.851722468849204
38.466090614208944,44.61240698850692,1049.6884485317698,30.633062357599954,71.67980293039524,6.690040261944698,42.91926571096311
8.891960686359333,23.386759401464268,986.8077951098873,40.04433852395897,57.80918387686847,4.360962352135031,8.892764140841006
-6.898161818560924,70.68282348929361,1039.8939377074664,20.359642484292678,96.18454045268344,9.16856294390639,2.0258353941158425
6.965263365478371,39.88285951416743,1013.5988145870294,15.98347356172949,38.52849260339827,1.313900494427571,13.61331025569171
15.296582715977923,44.33242035883721,1037.9005136852713,23.1622072741904,90.12164642607902,1.35192191808019,21.99219287882262
-1.9038496683893147,81.6651617331457,1037.1989097519102,7.343725648441346,82.06425472982895,9.543693582162419,7.481669063408692
22.905110902824603,46.17769465291631,1044.1194400953455,17.8533069376653,63.76642845894569,9.683865511115556,29.07024083495415
39.88746945051003,39.375671361051374,1000.8495007900272,42.88087498841393,65.45144667421172,1.2496800409537474,34.777118822540686
12.58697379907219,33.52461993069646,1046.4859547423403,1.8975243130440744,8.464993460641068,7.4442991144719475,22.874250646372477
7.736427836510632,81.98867217455647,990.6166872250334,7.543902341230224,95.02246055934323,2.993453670959564,6.444122410282153
10.035208341723333,30.37650063920215,985.7378144315444,6.255807982474276,10.693606349574392,7.312534896574652,11.483628670383785
-4.242691080239943,56.30030082002828,1010.2130862160644,20.153777135011403,56.32333087435071,8.818595169921853,2.9752737136174012
34.16368007131119,60.554409286175556,1037.9826078049289,49.849345044543085,33.00708004491545,1.9074833097604786,37.01030319768073
10.7412827760676,74.99119301485717,1013.1394791443412,8.667896510569134,42.98519782898518,3.148897750858378,9.806439987348186
9.363720571242066,70.66267858663963,1038.050067427136,7.274132479963008,61.018301083681706,1.2166990149384533,18.718685717093393
22.984513646523716,84.85765383561399,1031.0780764056015,45.75278648880772,90.88513778823216,1.3944686089999672,17.639462307437523
12.101671046556177,23.580114714099054,994.6599870297254,44.102525848298285,45.75671235723014,1.2665607239599677,17.69593172019371
22.4116734403923,43.71525798235177,1046.4217137429625,1.612018499827722,98.77295553064411,8.206141207837732,29.86074689508455
-6.927685493460625,42.41072950203038,984.2546818040582,37.58529800896575,59.28120653514998,3.68463410587699,-5.901589132746514
30.68616718611137,31.68135244736866,1042.8795795280657,32.77328507382148,16.055394264217448,5.438902956147902,36.22197410997668
37.02519764397013,43.13426030851545,1001.3110414293262,38.38704049263545,19.00092948312523,8.090598372373147,35.0683922281409
22.4382693079693,44.78122513143227,1015.010365821508,24.725122739796106,71.61110355892511,5.454492964360463,24.504803234962033
37.72829644294054,61.750756954198266,1009.5646310890514,49.56896092241478,5.0397794243381755,4.862764563621365,33.81844765972605
-2.4283842815018355,73.09635831410048,992.0284189841841,2.1923509355481596,48.034157622222686,1.1041588584051292,1.4006466151579788
13.870809474017683,50.488041088945124,1005.0702806481186,11.718579320190287,14.82191098035166,6.112355522830805,17.056950056509393
20.090336697272363,77.5576185050705,993.5054105404956,19.827299348680754,43.3218635177845,2.122687703233778,14.98901561717465
19.086832371059334,46.893227086366394,994.2720532822367,22.48889707828516,74.99174220717195,7.881834167119236,19.970060315583815
10.07308895445216,43.22269418518083,993.0939785218467,46.068370134975936,45.881292824143415,3.3196395143351762,10.813202354364751
6.904220468313071,63.29504446856195,1014.2312166242616,28.000218203862943,16.345110898092695,7.067686697277896,8.44910797286481
-3.6587988724790597,21.89730882446325,1035.855195725792,2.255549776019694,25.19253703566424,6.816011750422114,9.988014975227891
9.587122528113909,26.383129890720028,1019.8279023632869,20.393148171283094,36.75395886521824,6.550080426370181,15.677786501122013
-1.8669592447257433,53.437563486922166,1042.524461198559,20.824520618453494,6.956118348641471,3.4025680678347334,7.032175767640324
26.71828382461092,95.43301691134052,1024.5581142003707,48.27454692188924,58.43376360811219,3.4038079945801134,23.848063447107315
0.441546774729499,77.72094238747388,1028.2538080942822,29.959854551055408,60.75337912780502,8.767432390971969,0.041481740206932294
-7.071734735773307,27.05012556004462,1026.7325060808903,31.78255355794694,6.215192713256745,1.115265993673843,1.1923649981561124
17.618306890861717,87.7054410224699,1011.4621435228619,35.66265156256354,40.2311321174162,2.6337037010856212,17.321661009987178
19.76148663597008,78.58406164865448,1028.2537175540058,38.50196578410616,41.40006828847249,6.491538258777865,20.778675566770243
33.59565306402528,68.87572205621225,984.8795422528273,31.75255351012446,33.38195685526012,8.353416289628528,24.62017814263087
18.849080620884095,85.62343684873419,1040.1896030340963,11.859717556696776,55.77397403311119,4.2251095780557275,24.53656066751643
7.274042686172287,52.32878781943657,1034.4468500410742,43.702295717058206,34.595749006011175,6.880991127497201,12.381345658912945
30.150594076316025,37.72008406830822,997.1660970762175,36.60599002053151,41.640927947780604,6.014407776582127,25.911862318486968
17.013944659371052,60.96187112870075,1033.7622717977858,37.09352425484779,79.75235474416056,1.5808609403383187,25.20659275043685
-6.035985768440413,63.90734044747791,980.8849820980013,49.82783696173746,16.210935543020145,6.595751772376103,-9.708164861334778
18.292528015662334,63.06610976079297,995.2072600736616,40.1263267431658,61.91146953034209,8.325131250452442,17.537115728911914
35.40092727108312,65.20590331840842,984.5596067069628,41.45757015775766,50.55944016908456,9.932034882694683,26.9467502113953
9.815631274911027,95.89639345913446,1034.6158841632525,47.57027578550792,30.507163747934907,1.2667606538655058,11.757097611303742
4.816290094990004,92.17964984769851,1032.911190582487,7.556699992444694,72.75346564904108,6.940523553254812,7.473956253940093
-2.8265271490989976,90.05736292471515,1036.9545216661281,24.886368823903393,55.1188359541148,4.730945978331659,0.2131143354653724
-2.427723903232134,84.11334487269018,980.313718532787,29.02835117953938,47.73615269606953,1.0880909983558475,-4.15258759727863
11.638574217090945,95.47424858122282,1015.0862908674885,16.463786461122883,66.76693147712001,6.529248493376603,12.50518359536541
19.783991208076475,27.87957133435226,1029.3385338262135,41.97016719472528,80.22903079813608,2.1018456870007194,27.177597422750715
-5.9692297415199125,41.20986091565916,990.8780790117311,38.12098108228617,97.26687900335762,4.407101651702229,-3.7137352164910316
36.978429451258286,59.60447565236679,1025.4853509258837,36.044153725406204,62.93503683763735,3.3523038323956205,41.12460552224543
27.756680872259793,87.72275944987241,985.887706951678,49.85747198790834,87.4439985400383,4.250470620439894,20.50233376366138
19.331195914183134,60.4132569218186,992.6928099273019,12.969068670419526,0.10915410229569433,5.434260233508547,18.987473391358915
31.42193354694954,79.8427791473271,1013.3057770496221,36.772862583771065,53.02356927258912,4.2328857924056305,25.76158612116124
-5.990662159394335,31.116792419913295,1025.749560687677,27.57022374529503,21.46475487701981,5.974586835305853,1.6743480565635036
13.841943886656221,40.19310503812481,990.2108388867728,15.649459124693804,9.419245708313717,3.1478472120956837,15.338716178420984
21.50465634308317,78.54208760301378,992.9656331581657,8.029343536156292,53.19710170643921,6.718255906855434,18.370513155469464
31.432645305914463,33.178720711017924,994.3112456945964,44.794191853377356,74.6826506149094,8.68386703712368,29.34579438473573
29.173478002463384,48.10847477239414,996.7090563289285,29.772774135392265,41.227252247437974,3.0166034222369116,25.33351055144361
3.853462485669981,41.189300625085714,995.8587693968404,41.246691882039734,67.0107449344435,5.570894942700603,5.54067382517995
37.04400847796021,47.98893553779828,1007.6604375948345,27.26724920007724,48.971925384094995,6.838208060948999,35.671087325647115
-3.7827079284564826,76.66592392623762,1025.7652755585707,10.998854032700978,43.7085865959426,6.0816351809207445,-0.39459706090694313
33.75668093105761,49.42777449142408,1010.6622248194129,16.87744065501626,29.025664043586062,4.290845015730033,34.77951821160734
38.547012480230926,64.42106580863522,1034.3181736124923,19.076942123677327,38.25935145010045,6.779797372051735,36.4050243853595
-1.1423238388687214,27.994550164352773,1030.348795416403,48.64674062518512,34.97956307944279,1.2542158558906862,7.277919166209917
26.103303210189267,84.40141545877023,988.8568839834353,0.281663919069125,64.61871840148815,4.329156087967897,25.281329281172095
-7.985724061100077,49.59109005184999,983.4189136324521,49.28330115122535,11.601851127913953,5.793509931769028,-6.3453795931383485
10.271141256957748,71.8827327226674,1041.4559094799724,49.02308175549153,9.263636868780601,1.185518429522782,16.09568227689619
15.814164959883701,78.03116813294662,985.5881746594011,49.80753952650683,66.00129942084604,5.568839467158698,8.752542637952878
19.032261295481703,36.77287376893603,990.3837426503799,23.829408945981733,54.629806987888074,6.888290146890655,22.13980725620818
36.79686241242798,90.77399879626799,981.5493292890683,48.19044848104998,43.02000967426576,7.832869279417405,29.591726305374664
23.61253436470973,69.29794012855623,1023.9835455709058,19.779959092491367,15.244288440790354,2.0203667326848738,23.448172834938937
14.063897560961848,54.29801134011852,1020.7659394210843,1.3147220334193355,41.10271118693115,9.915083874025253,17.710100347470018
30.483751813294468,34.58681468625756,1049.0832566504678,11.217359318588226,78.97317633200116,6.45550931201586,40.45517648789382
37.526641047720446,95.38407503209653,1042.085267742202,47.26481224686923,88.9621235789257,4.268744133510969,39.808763193615
-8.896692565885457,80.40545633053,1008.7590224236637,0.688234666769999,70.25765699642201,3.2418356901104244,-7.244555627414554
39.126063612801936,36.64196501865991,1006.0110088638775,27.299706771148752,5.991217588088082,6.156071755150731,35.85504132096388
-5.6933930468159835,47.016861977937964,1000.779642399599,3.7800794447339525,67.04097766011185,8.935404824499138,-0.9603641731698138
30.71933896343807,84.77394064704586,990.6684844026516,14.319828921378924,24.098558954629457,5.685088565272283,20.87161602260246
4.016737627570624,75.65421305722711,989.6658559621407,4.404642535594333,31.525124302640506,6.9532485004446425,3.6296265268170895
-3.391017112306413,81.26274341725795,989.2598595606723,42.97643105565282,19.58732079599845,4.219267955865042,-2.7717396094629083
11.992781985691746,55.29608817703459,987.9880330030745,29.55353548238529,77.57557906202047,4.493370592800753,7.61343177754563
22.197828972380677,77.31810101137336,996.8358429683876,45.105323285915645,64.8602122637279,3.5755759519470276,18.20703075652624
9.04759225117375,50.9194978291131,1001.4668041219181,34.41765997701142,61.18350545991809,7.350735649314157,8.952489796615161
-7.271729585865052,36.901033355055716,1047.3105279727242,48.551456562254984,66.79726096692761,4.232687980749086,6.815845448913969
19.97305698293583,70.6141627873088,1020.493127570132,25.49388273802033,23.67722614039034,2.716447636371153,19.987656686863428
35.120163805533736,98.08111404790354,1049.1317042159296,31.935529088143728,44.46444143253616,4.324605140496141,38.81661546435082
9.160768297362583,44.84807771162637,1006.0726863477971,28.81544099445283,63.325372154898915,8.684444870494806,10.47402759665256
0.8166388815413512,56.877567377003174,1012.0338642812609,24.213021472330638,63.659402761830044,7.644268392192311,6.280717838390756
12.12886729664077,73.92010968558829,1002.7205061415696,42.29796827115063,79.18518627551305,4.011767600172075,11.19299717170089
-7.581864447560957,63.32050256979903,992.8021355627587,32.22625678351801,28.710396668811057,9.161280683530322,-6.477762823801428
31.024379224013742,87.47422365672394,990.0215295444306,40.06561324277364,77.03361216968224,1.6734937160572025,22.29167607929172
31.317040547509336,80.93941651756127,1046.1555438465482,39.31819683012066,44.01844806169357,1.447784122722789,33.74794372209002
19.400023171481422,24.663776308988563,1049.0767477259128,9.552258032764765,67.01726920589348,2.1472331930671715,28.51974632331898
7.655144446919476,99.87369871390192,983.1436647556112,32.508176625882186,45.571938006528676,2.048092802727428,0.9835853152006977
29.989168222289166,80.19219629755739,990.5242112312236,9.982400959066705,94.86101697909433,1.7905088351110647,28.100374404622844
17.73435123941836,89.11226530352906,1009.6466864610716,29.166023912188543,17.930226474164446,6.952083507981931,17.028979557761044
31.29661542750081,72.09581696762771,993.0433433441085,33.87173422231503,67.5005088582357,6.4075814168988146,27.384650450280404
21.57293962915103,88.50281024374098,1005.4716275538818,49.86175357937934,57.65350007681589,6.828449595235432,16.80123328216788
29.22027366063986,28.990637994296755,989.0367444901743,1.527098907486918,17.27310409477446,7.19529448745827,28.425181605985337
19.928149660888,47.819026844745245,1011.9558229705253,4.5621197056860465,6.600633581166793,7.811917772326119,22.181519189767457
10.70705341078331,90.11367548835942,999.0186231318481,3.8513348185615746,79.91443889716636,2.8645923473776933,10.226605913948154
37.89729299630688,36.13241690135138,1004.6333539031062,19.918064313337002,15.745133364626518,6.600731619113199,38.30481246823683
17.05569124394224,26.25936788640182,986.6018856023924,41.079418074290686,18.650668278577598,6.22043793402736,16.272397322459934
20.25447592702692,83.04951519561752,1009.9689635497099,42.20281663935678,97.84342239890394,9.492940232231264,16.37225703445084
1.024381970737462,86.83889245146369,1048.8280327673099,36.84897978605758,71.72608514766307,3.0913095181568373,8.926510118856447
21.282539471363823,33.012177455192045,1003.0183132816833,44.84391209149739,25.04868416012225,1.5285064093689826,21.726543478338183
18.580382474147193,88.34767862261724,1041.3500492389705,16.142997208472625,59.094896015160124,6.8814556274308885,19.23919558109572
-0.7580801026487531,74.94142364777358,1039.023939913658,4.407732212614956,53.41118384025133,7.661555562130406,2.7229328971852595
-7.020645132342814,61.606614657326716,1046.6440892808048,2.9076513994925057,84.44732675138475,3.548764052267956,4.550947637989513
20.217965985738555,86.4200154225108,1035.3076658586965,42.606635980969315,72.93207478326244,6.13763587845702,19.77854033607751
28.18461346751603,53.53993994551726,1026.171777894117,36.52181471768456,83.17211254931858,1.5358245898073553,30.63552645877347
16.17006854610041,35.51951649787178,1039.960911095922,34.93076530055605,21.150658797736245,9.640403570514602,21.59935872598824
1.3386312659822845,42.78821412884909,985.2951276460145,16.983816927283442,64.02192043670053,1.9893247596925177,2.926229291305035
23.326098834651745,60.41312146346519,1012.3981460039165,18.99525943091131,4.024085841838032,1.6081348253679613,23.147290165494493
-5.9947136695198875,62.50646341385406,1049.2479367030542,47.90567644496596,6.894061227922011,1.3969914354515716,6.3997246115562065
12.091685240097732,84.44646611529869,1033.8720105906314,3.190237204896751,71.35270327045973,4.845447158530174,18.34413620884633
-1.8316620800789902,83.30821789218675,1047.3452764626056,38.68658684688963,2.442010264393135,1.8744376911147103,7.640485727979941
-0.7770474470058311,66.509324576366,1034.5744049293435,15.481666185419657,57.97650089005092,7.701834168600177,6.478936672304433
0.11469745791018227,82.46283866923811,1041.2417377209501,1.9527309206278043,84.040509844453,9.089867445637651,9.233811736025498
9.335352852198895,35.34187666349368,1029.4570742612234,37.128505537122805,37.99418084180286,3.3419703909237133,15.85313580881922
-7.442489718980118,24.005162167463546,1033.2351403092068,16.54559428391873,4.484043683991279,6.65895807326259,6.850644832522356
9.889672046454908,89.89070581077601,1016.622460688765,36.10737593713983,71.38474496287269,1.38104602310636,9.75784095056981
15.585372355735043,26.044359501021567,1044.6966390569894,35.382719155906,92.96864524641508,4.479080245235158,21.304398962324584
14.164714248316262,39.73507437951979,1037.7527237436352,26.739343771655754,71.71713920582678,3.6364790208495554,17.18989948316186
9.139205020152026,75.62551596995077,1039.0719475965943,38.86865646052744,57.84472430027753,3.0575718679632296,16.97226454512497
31.957330403537625,52.75583501018473,1027.1106370674136,29.051916208562172,23.002882987906005,6.802511406658292,34.514272740177844
-2.733665378974795,90.1051175932407,1001.3205962961074,14.331842642413035,1.5375624044496994,2.1720515172268264,-0.962013967208891
15.2848371890687,43.83838357298156,982.4940856773097,36.70576505322095,69.46721084790532,8.746394709672895,16.003161208388445
-6.897929152172285,20.949707733548742,1045.4958590586682,29.456990793886177,23.102617584429296,6.983523157318612,2.5088430336236707
-6.442216056104513,44.052451244859526,1021.0284244163847,0.6363640844960272,85.81626771823575,7.396616608192522,1.405163280491693
18.693292483854815,66.24600393478653,1000.8700079803698,45.08220888851547,46.63641188326113,9.418098777919013,15.993869389893298
18.30092124439105,50.07507003226347,990.4394575493277,27.28218091621567,53.06355823724562,9.481355843522632,18.23613750815371
33.90167564222285,62.78982046070042,1038.0666215850529,43.43136327397659,75.39365442663667,5.9648709143731224,33.94638328289072
17.89368378300366,90.1278495068015,1038.5564136113305,44.13684194911223,77.94306078033432,5.458418355573825,17.17327571222338
37.98955102024251,92.99880433842948,1037.015557769137,22.248332836754425,64.26508330805682,4.018434474042191,34.8704337416704
-7.565257580003512,41.27792517232897,1025.155788437675,25.382999822561548,93.8431815412743,7.440144491822215,3.0703514702779153
-5.099615760962947,56.97123786159206,1005.6210771314313,20.787719383780097,98.22984363204193,5.843879982818317,-2.573661012826411
-7.79670692148093,63.931521219316096,1001.284919934618,22.471838765402275,94.68854443746169,9.395875717661122,-5.776611497525121
-0.736157483322998,95.92899655105977,980.5988339082719,44.75735794858639,82.41791853439435,3.147633538413448,-4.179100094642054
17.063505547083906,99.88938553315077,1038.352529108177,39.40720069839555,70.56252202442515,3.7922741762544168,16.897457387206213
22.2786090713714,38.83257990732213,986.120288824555,6.326283815778899,66.33258578816675,3.8448140267797184,18.022043605462944
-7.72074210256656,78.15838970766524,1024.1528498628538,30.515389077004794,10.37501769205339,8.253986091010363,-5.881546285666758
37.298544492279966,50.24248497865561,1015.2852462788062,49.795332019317115,27.148434681911247,1.891362986579371,35.373769567569674
32.10826883251905,20.648655750897056,1016.8682551248446,29.777535061624288,0.5688223529377034,5.1008420889008175,35.67615442394535
4.830624107854657,20.74020179487219,1044.8698991715441,39.29358127965528,13.740987023399187,4.8482266327574255,14.8081296721347
-6.140623488676602,56.84528060498046,982.213050788987,38.45307366905855,43.922947716918834,1.6582565891238272,-5.4969630712602955
-1.5056463390471357,59.06679304034677,1034.137455724014,17.51587629361643,14.653655078907335,4.697172986899124,3.014006660488199
-3.6527793122513668,21.805575725875414,983.6436678857115,18.592465135197944,90.16634146767579,5.620401849555832,-3.3229886293230884
-3.8358110350526573,74.9541933419442,982.6707524154764,36.20382108952016,80.5699185335282,1.5859422325442192,-1.1584812067163623
15.928084433286696,43.52027108759625,1010.0872388698967,24.999176580241755,7.161191208951823,5.5887591560020065,20.785945627031772
2.292372124670015,64.79144812287595,984.4152622040077,28.5285354565194,24.891371546726603,9.63314114215061,2.53900679771166
7.906985826457223,44.073525853233505,1035.2400765905038,35.64528951824188,81.90718846115088,9.81022890845379,13.379353555424558
39.475266669216126,33.37074518954458,1017.0694165553836,38.87875135195251,80.30461265598736,5.7851180073083,39.02477958791914
24.21571244626724,52.57389908791002,982.0327147861842,13.575828886653568,94.54505501177889,5.635872393426631,21.000204791622107
37.44903335235007,38.58186918324006,982.8350480537343,7.3396879718481465,99.75477616173603,3.569573497747523,36.43209385173915
-2.8721722483442207,62.78407815353344,1022.8867970817636,14.589732336186263,97.62700632411219,9.974039245408914,4.045025814970144
9.106973741628465,35.906282422918395,1036.4278272360884,25.376916254603778,41.01379857214415,3.4680625392270343,18.115580961809403
17.736590164117715,60.672478131570166,1010.6459671892342,17.107065864851954,25.032844380203223,5.076111703959607,18.62853530388197
-6.162096905563099,32.590281189509405,1018.8206470074937,28.41813794237969,75.84101904270625,1.0264065202240888,3.14251542279585
-9.790627818602108,73.6779767588628,1035.988061783493,2.673286206281422,29.92728927440308,4.143090618182232,-0.34708133444837497
23.521716689845874,80.31501475531392,1022.7354321829273,25.48752058068836,80.64003601313297,1.6429627054794151,23.792242269839917
22.090975840071764,28.831538739994702,995.7332166361174,18.399245346885394,53.39547303979244,7.694422933466191,21.424658248562213
10.53944049998059,57.424192962987135,1022.9136418108635,26.73333774464412,79.39272752349538,6.04913007726939,14.237824888138586
14.482203801601631,25.669736052389887,1023.979562134565,21.126667744248838,27.587987971701043,6.149546895588909,18.63782987258259
10.772150029604479,67.8545956433602,1031.3874886616788,14.211292531877124,50.80273155538209,3.578601573097327,15.64524053437905
-8.799747757755558,41.15234383437163,1023.4611931289761,45.20539527288179,56.402379360218205,8.334066612276763,-1.3352411792098293
6.768580310873123,62.209956547096624,1047.8469491320627,9.238249421067845,94.31080677201321,1.0294383279812516,10.68258987001781
-1.145887230135509,61.39688075074329,993.8101816101948,34.068278779027985,26.65975768304173,4.002410612477728,-0.9783203812978278
-5.078790544931563,93.94834769550403,1046.5763475696954,46.2322356291207,93.66882392848946,6.93547741412981,-1.5097598340430651
37.83602169446749,63.92665780549783,1017.6837643245011,26.933497984271654,80.48589154657158,9.17130283675229,37.34965421635251
19.967986252108282,66.63987837746525,1027.0369298346438,43.8204244289741,73.08940540866953,3.1115436123270976,22.780435784944682
26.432814211830134,52.13225006115042,986.9623118216533,6.242573921664219,78.68702691851252,5.869900465546762,23.17685051699773
5.768187163305875,95.92636825462534,1006.6403158964675,24.689438512820406,60.5425045880057,5.841922784799889,6.088469261512907
9.657356474700759,82.17487275516876,1033.856540252422,22.85126402404697,24.408001046248586,8.867569321393297,14.752814892413225
1.846199694836173,42.83242322422733,1029.4837710569293,0.40594035184974286,18.949496883985272,1.454652006038581,10.085512844795934
-5.151716451728763,87.53676686209856,982.8097571715787,22.162867067966722,86.63414358503904,4.820280049636366,-4.000006159991553
-1.0484181279208098,54.5917088148072,1018.2615984448071,18.45148781912989,72.51394025958332,2.6421910731273837,3.1080233878343
29.87570226482429,86.29337148268752,986.1794735077887,33.48993638873077,21.320428276094905,1.1937934026873824,25.686032819723735
23.87729025918879,85.83104546348017,1049.7099500424713,46.91648892882593,61.50933658744015,2.3232784646843454,26.089482284795043
17.346443799273846,35.109614941028354,1042.8107611973305,4.2895544131018255,44.75464814142238,9.788236055633792,24.456191786593056
13.754493643338403,76.09129051068615,981.4756462299976,16.373819335731156,15.865516996309392,2.933636585682411,9.30357537208706
36.12171418280622,43.25143754452249,1040.105470523184,22.203236869712594,53.185710935716436,9.415276960022199,37.95022233135683
-6.36325261106658,43.799413599413455,1044.3600720390884,22.759268901719164,28.151909246641726,2.8472890836784748,6.172445288196044
4.030040661895798,43.70784615044646,1004.7483755794418,38.740486042112686,9.624412415757156,9.38165704646036,3.498600949235797
7.496892678535701,78.04545980479585,1030.3651158533437,22.16978329167204,46.69582985454108,6.891588416802829,14.35421731332728
29.12129061063939,38.38608334340289,1010.9472622345445,1.3580650726826682,59.01085520935618,2.018967197517341,29.384662029625876
39.62573100809857,20.072466819687218,1025.8662739203442,35.50520472964156,4.690641038115051,6.2372363961392,43.85406160657026
2.0335257378576532,77.21894827861064,1003.8222183008734,44.24148475728359,40.20927494109968,3.866626337862508,1.9606912442779172
33.71536670685403,33.69477950681002,1002.5791465643288,25.695235627483644,25.76619198366853,4.448378403802632,33.60622010965545
31.531138021589562,28.358591624626772,1009.7103722200305,29.05542608492527,3.0650590707232417,4.961538620514758,31.356477774584576
1.2328698820883304,39.001289647524814,990.1897431056751,8.146821948452304,12.56625496115058,4.804363202773011,4.754572597068012
9.966629009961128,50.39204178581632,1038.1797275104768,11.032297233947851,13.903415881837756,6.9769800143472605,17.885564157577516
10.483643464625956,58.07250619785606,1004.4088526753146,11.758511956230588,18.287424811797116,7.915312617316868,9.422876616250587
38.91103342632792,23.565603257010466,1008.0104687734091,21.537098744064764,80.33775714379212,3.9625992028100923,37.38884552475951
-0.9554049310550834,97.64586661018883,1042.58382288915,46.4072610447821,43.94918664781392,9.319275655171207,2.361622638901861
29.957898555239105,77.28504427356465,1014.763666984422,26.0892383357443,14.708599227038688,9.446196826169889,26.68150532469126
6.709635708655497,45.85552522594689,1018.0977736545605,9.604882260067631,10.029696692788924,1.3662139343602906,14.77479216022941
26.54351728880802,45.495780582831784,1046.954868734397,13.304386793447481,29.794045872903908,1.1341790999471666,33.31436658704244
11.000550214783143,55.88340394947675,1042.0708468201492,19.200751486359213,79.80155187044524,4.825596971359548,16.673042120032186
18.917988155827,70.09958582104264,991.8626696221908,31.162948784639973,36.44598479396435,6.315807258888927,14.712036422860075
31.630588666306558,31.70984532711742,1013.1250520942674,22.00165765020027,15.989736029393809,3.5011427270685544,32.20896150472714
30.20827824919421,35.114385101196184,1047.990735919998,19.622242208846245,40.411618154615994,3.334723759771969,36.50928503726665
33.321159176985006,88.75476662668407,1006.0656408760021,28.236430019949736,55.53115572870575,7.105004467382716,26.56996979126616
-7.019133732767049,40.500393911125805,1006.010117596134,12.091749747723274,2.958418363801385,6.415338561900128,-2.5372272549027537
24.602527651987245,50.4155998380142,993.6521162252408,3.9451636292291092,62.76418014401731,2.504321874937987,25.2626735918011
-3.000631163911857,89.70174807600937,988.0026179883388,1.2207157411111058,39.51007530147893,8.96050866938643,-3.2166332174767382
10.79092840092055,73.0518263519858,1031.8213353529188,12.562958173356353,0.9725875131194384,7.119784631449629,15.168520333813206
17.429420752734423,47.33695034733507,1033.9021328091062,4.579601707223436,67.38893989463809,4.2631862425210745,23.889637082672408
10.136974237341537,74.69596365796966,1047.83090744521,16.81703192603834,71.23876355626481,7.1526222099203505,16.883414016431487
15.980583790150373,21.574657230513097,1034.1392747633754,38.64667701798778,62.883978855868286,2.0138777809103434,22.6278187973304
39.82631543993096,78.85141280090922,997.034674582352,35.81471652434192,34.193021759842225,5.214305121166505,34.34293013841923
-3.2391343143572637,58.96128324129916,982.8081604801961,30.54638113940144,52.96048540659611,2.5208596860360335,-2.6899418397524153
23.77280226682128,85.0545717827569,1048.980616905876,42.62501219397394,38.71577061334354,1.3728812151559295,23.474832163905823
9.800048319280762,96.37101216051747,1003.8315486880524,14.103381227213834,70.06217301596945,4.044936432594698,8.226798968575933
-3.349510054633561,94.06308395956546,1001.8380079702695,44.252687651498285,58.35801862336887,2.3566193513270495,-7.320702248919788
-2.063161831284523,92.74120347642726,1043.416864682457,19.961958483458957,8.179911382744976,6.701661612584423,5.612602350400972
37.46365531228084,60.97359647471097,1020.956992898149,20.04466591333133,64.30935582189974,7.066611046159393,38.64286805021819
33.9800748355881,48.81136913111504,995.0409821694394,20.267580681276076,68.72384143378015,2.33823075603943,29.999364575829393
35.35209802075109,57.20282597845382,1042.2367369901367,4.904718312049072,37.07021806146994,1.2215170504308364,39.32981396161073
39.57663879136933,75.19168026506887,1049.535259853832,48.774524916552785,87.57857809597044,8.135295054716444,36.39349068946109
0.4157695004258972,90.71982214969493,986.0674992805582,6.92533889125796,84.30143548449627,1.0185131865570605,0.6052558790913021
7.771966868203087,36.55890424000957,1040.3576139811742,17.044286223459228,17.516652389973785,4.095217802654099,18.302234765277824
23.460951496243332,93.45545267693625,1007.3360988379076,15.965016016337858,90.42663084858685,5.451249682411028,23.06770710599623
14.190126993032361,85.21441855759113,1016.6850712554693,3.733971640835482,44.08723714950775,8.367779696845895,18.53360484642304
10.919476668916676,98.30848121425876,1044.0371183035486,7.613006505593834,72.37496526342933,8.547027784715265,13.19357550573752
7.890562466779652,90.42014186253498,1048.1365437042582,2.242916809269291,81.4097006967236,7.524454965494099,16.357790866212053
19.68903159717261,42.39498637535253,998.3514737286159,14.620224678025673,50.51124210696899,3.2247786028590806,23.32439666179654
18.7796714320041,28.476472907523814,994.8995539671939,43.33284620144532,39.91019393708157,7.481682408872537,15.763737927549933
-1.9271082967879956,28.97928575932709,985.6361591014058,16.972110286869224,91.54513686150983,3.218852780892475,0.6980110141600233
13.586991875921953,43.29786548626209,1019.3258496863497,6.184591603368961,23.08535529354232,2.931473725585315,17.947957761957845
17.673588810492493,69.13469791876314,980.9523076815468,32.2846934191959,25.69700777191445,5.924151588074792,14.73130986507279
18.514346936569524,84.34562608777381,1008.8328808326955,49.83004560274553,36.16203140134371,7.109689994506563,11.035092521141081
0.50535964561759,91.94002455852518,985.1368811656406,11.616189476596379,85.94657779705656,1.4774658932051254,1.8959918275735972
27.11356961261434,69.90027074953862,1008.3658048050534,13.978550268528473,93.8788264213076,1.5402034101214759,25.785381589701494
-8.740045258946518,20.4505050198443,982.7952532485926,48.59235271403943,22.006771475486186,8.057536181351107,-4.2432197160708665
7.741592777158132,34.90534212148268,1038.465208242614,8.938814377524357,86.38701476312454,8.735475258689318,16.990292532998488
29.010632426781676,27.978096308269436,994.6817295756996,25.560703372958194,25.82029594685693,6.439968247077046,29.329264227769247
18.194646052770118,49.0659580455208,1002.9816097250539,11.982606650804744,97.0641246749888,4.859452087361974,14.74544711019848
3.058121625543013,60.10807949069967,1040.9033597624475,46.61759489506219,59.740789198158225,8.607848316392673,8.825616496468182
24.747655967152383,23.47177428628487,1032.2386242932544,49.0760507288147,0.7086467447382394,7.559353294977972,31.235279159411515
18.36954720780367,47.878238063652425,995.3326853149441,40.734892306000766,3.4129904071177886,6.216347785881418,17.624478956909893
29.812180472819357,34.33437397002581,985.0329593060247,15.739190790640528,14.748453080470847,3.87781409753887,24.28790565521256
26.751259309491168,71.76561330070992,1030.0971643798737,20.17437376402525,18.757315781875672,2.781955554911346,28.626027105543713
20.505396101811733,57.141789545947205,1007.3491785481676,12.115284183321068,76.76191228265967,4.768057353443641,19.717371444200275
14.4088837655407,59.6254117547127,1033.6255999382754,44.537898350449574,22.276587641694988,3.581403183641904,16.483624831204533
-3.34089371662383,54.215343042676885,1011.1706340662647,45.727913884407904,96.91416200498598,4.053327289610149,-2.8291762334585298
3.0666508942691877,96.48157683892536,1004.2201689080593,20.943533112302358,63.61120572029383,5.640679497808292,3.7113810374228247
10.954973645854263,37.178810009725055,1011.5843785748677,32.82665349515009,69.25175092535177,2.521845612564488,16.659775797542046
19.964964350319434,61.33314078750995,1032.3991289969474,8.277658988734693,21.781651928520752,8.25559012066443,28.74984110320179
15.68539276076524,78.88138946922687,1043.1554200578262,21.746795018170452,89.27063140950847,2.309765155432907,17.45994916339185
4.409226297976474,64.547553050765,983.4837037612003,31.574955333674882,66.78145728199314,5.328942754788572,4.06259022916806
-9.676782110514473,94.32167085734409,1016.6878078858869,19.27015592590098,86.44056243418639,7.713742042723929,-4.5649923350950345
14.811961095040697,50.23746845130273,982.2984800358714,17.879976284322996,95.6481097231227,5.365186369206366,11.86093329140892
4.281299428112154,57.094064461854245,1012.7886681517051,0.049949613347133326,12.564097710959643,4.2491985722977486,7.1522253282167405
26.730415035526754,27.081785217178272,1041.969798036783,40.214673188855706,9.658723026894567,5.274021752404758,30.667561366964282
-8.802686736475826,68.71992888415429,1005.3113186494217,44.46688060107241,80.34078265896358,8.638036289867264,-7.4612307562975975
19.241390565289542,43.056957475848485,1045.271529475645,48.47317647729161,86.61260590941703,9.913885284555619,25.682939171622284
37.07371187530327,32.82472316124551,1024.1425930155426,35.963569253460776,58.37614208779856,6.68028960360492,41.43011175178012
-1.2795366444250238,63.56250343236064,1045.3908740655104,27.43961561849423,36.60005477505206,8.140996383838306,9.474720582571958
13.58247453752977,62.58482107039285,1033.0016637788763,13.46422599043547,65.26296360752238,1.1303981754335979,15.584522050041215
-5.4289004091430915,26.069731297923802,987.2404616654134,49.964973798174924,30.566407259245732,8.923279685721154,-4.690009788903296
21.28409561306763,75.85723627955782,996.1805957293874,29.48764272660528,23.838569215346816,9.586447839351264,20.574890340439648
17.52658402981128,69.90177525206823,1007.5919318208454,34.05770361652231,48.81452095272655,6.176524075818135,15.279173332284687
10.368276210641618,35.121382619719775,991.9074817408454,34.120308097765886,21.61538276063797,7.784243758541978,10.969602698885948
16.06885107368706,57.55478897232351,1014.6438123343662,42.26258978785907,48.37036083151729,5.614702686640674,13.72700478638193
34.82873292345051,77.6258333182848,1012.9957708991044,0.4836269423459605,95.66065054635719,3.5758336641003075,35.6256074382444
-0.1852848844466486,62.35485924330212,1046.9381438619166,11.01234702156859,83.97840356173904,8.670231747847115,5.518726925262465
-8.871774414732638,51.639126094685615,1010.3609518027184,33.2767000085007,94.16309195000223,6.371530407963476,-7.067451731688099
33.083244234955046,45.78707664647549,1034.9938763001599,44.757286841228385,80.63289748473585,6.214447754122663,37.57064269262971
18.855854119395325,68.83150933152429,1045.9337381396035,34.26693909606781,35.47509359462767,6.932189834570858,27.537792380234333
34.53292277309212,95.12869586481925,1041.389218168179,20.674564574684005,81.20452385515591,8.704028492459635,34.336121014985586
19.84726117065863,73.73958723819868,994.6067337158114,18.07777479351308,92.2915743553214,7.58715513193868,17.164400709974345
30.50805449798512,25.979672290905242,1014.7220925977481,36.89740041416602,94.70357878370544,2.900117747941707,34.03347552853483
11.483668167757397,56.8547978785707,1004.3417847607147,37.06188485685967,68.31978506849971,5.201411899665876,12.589803212967123
27.49299656441344,91.2659305208502,1007.9901086596051,30.35289962528452,21.136664381511316,9.822684987875856,23.002207597006613
35.6520733444928,27.55699406408695,1005.2564778372026,14.573351204866853,3.972915336469085,5.991046423864971,35.18859969025758
18.606148186110314,99.11005697100347,1037.8451447122502,46.25774091952718,14.720022816015577,9.444208181237187,16.116710146404692
-0.9607424718810229,95.92555149163371,1011.6497338585713,27.593997105931955,96.55469178939454,8.320325376817504,0.34296854729996595
3.439880751509909,26.26195845839007,1016.6586032571282,39.52461781241653,46.209682419276945,6.994210976278829,9.161667915921672
-0.06777115512971044,94.67306563596439,1048.7713149932952,10.715413108091582,85.49860148320575,4.144286823937797,6.272783502626929
2.342851379786646,49.05060722075697,984.1985490534062,17.20203943073639,46.50441535582911,3.738874127728951,0.8334258905074199
5.320772467551819,87.576733366069,1014.1570347853524,43.72897581936712,66.08175834598394,6.790789587678291,3.652562648381165
17.756689337659424,53.47066701706172,1034.184319486228,2.5053514969984203,2.4140777122333645,4.893051167617697,25.054666764743267
19.39958147319164,55.26840901620127,990.5813370731759,25.615765562833104,24.986494271936678,8.188782605350545,19.137911110569604
11.324987362093058,70.73944727820341,1022.8072116230342,24.085273992200452,43.62692800425892,7.844110655861763,13.529669206786695
20.77103899104177,81.95819354207867,996.7625345674127,37.561509445404106,63.063104715416316,3.8091743806466285,15.870073225368145
-5.921253719431704,22.70313207585989,1040.7182879257198,14.09468852996662,17.15211880531785,7.324559047555858,4.846396441545491
-5.610588147092002,67.45247964217074,1002.8969765780056,10.953341092979974,76.455146427049,5.450951710874657,-0.404678777201505
-1.4085269821170776,34.938639527789675,1003.0343971830637,46.306641938661684,36.44047061362373,3.9096289073259736,2.209479922815591
15.903874902017236,47.67596142905624,1021.8735714962526,28.58548259792324,81.74352692338844,4.71669933488176,20.291780305586407
0.6997339349156775,47.83749329241732,992.8494035683937,5.234478414182725,9.79690903950673,9.058166804910357,4.150401256021778
4.164220174628866,57.52482721769229,999.9422047232142,9.651808110716054,67.9756587682372,4.235659229102865,5.83093803289761
10.015641808649704,46.73091295009387,1009.1642295083589,49.94130297571242,29.33283332065102,3.586593459875122,9.321671579126104
30.593306200518988,28.58888947605342,1004.7546504198077,9.780449812609621,79.53831741226179,4.166264986391241,29.949107873325705
-9.306893204356994,31.650299082036113,1016.7414052603908,30.523775567683938,40.21704270424106,2.931565925878225,0.7979099257029949
22.46894101183112,22.675038844887816,1021.9748100848276,21.006403949780903,66.53496322635665,5.901714886566958,26.079129437999377
23.443826552034267,57.61992682630034,1019.6667217625115,44.27995474249177,93.43052686364734,2.32692792690279,23.23294431088054
29.93278901783183,96.35581558823908,1025.7917818394353,37.758429614766385,2.0626632013764357,8.356994077932248,25.446470142532483
36.63764695301566,29.254017891849323,1001.5424661625474,29.84756981309079,1.1116782334373632,3.030222225210635,33.10853687459012
-8.993107552535509,95.70115944024656,988.849835900852,0.5369490898991247,77.02792521767134,6.382495247856811,-10.53793623829951
-2.310814724339191,78.66892117856749,1033.2565279001753,43.98976037467298,64.63930515080781,2.1252294902790423,5.908099324807858
34.30856470279965,70.99990423473305,1039.5546267841478,22.233373541935812,29.297972050443267,9.806078333928937,37.6198877815113
12.925928109350767,71.62222042588503,997.9904362555702,46.578882650928826,49.43967027742624,5.091179130042824,9.573304821819194
18.229531946673177,86.13821187170257,1008.4964369310613,24.776950642710062,4.193566559886874,8.39954206682933,18.80541680156368
23.15136018615737,28.55358915038571,1014.8998451874488,34.711224459136275,19.244560536124077,7.917830520849853,25.589186834770523
23.953330224781872,60.38034588524334,1017.3328789927056,3.4646324733321077,42.44963745271675,7.423237424311109,28.665283339468026
36.58702016582541,75.76729106086069,1026.1643119761357,37.25758267633929,83.40444162214823,8.446283840841488,39.522812219478546
39.847470870583486,66.94563560588509,982.9122263348725,16.899801565596146,47.96671828600848,1.9041724779373523,35.1628667420086
26.00787304654701,86.62232568186357,1030.503395791381,17.567950716589042,58.63625045259787,7.1064747772476595,27.063119778338734
4.361060460257541,25.78173672090812,984.3379704885588,5.932792235469497,87.37537919937805,3.3924451174640304,8.39703816208932
33.98762011471718,75.25608315993327,1012.7801997371007,7.342857432010113,30.881891358884527,8.072844976599308,32.44901997224396
-7.53895427296192,62.72221843077742,1037.9369794898437,9.287952810310507,70.06993211020558,9.611818838630999,-1.8717360514688846
1.5540426437248094,50.33286911839547,1011.5850719294878,16.41030842857112,86.16672586782533,9.113405768584263,4.902301257264968
34.869285873185746,47.22199857872247,990.4362824137773,44.59849563878027,20.261570069617672,2.0345700022629947,28.293467494731242
2.8095757219677466,69.66661062193543,1048.952369150417,18.413011911504025,35.64781651478325,4.325971786055389,9.883433207243367
1.0325529810874237,91.27962997154118,1042.2499823451985,36.21813532816092,97.98101738893551,4.278904814778398,9.689233086851637
-3.093735342987638,59.69407408808922,1033.991954325751,4.13737519449357,98.3218564796211,2.1006663972357753,7.731022906260668
32.955587882345824,85.9778531261536,1008.8058122029447,29.55493996359963,22.32299302939379,1.8831344801214471,29.858915885046684
15.002912959554337,52.172510547517405,992.8692008822509,24.094561563521978,6.644583889262812,4.464011214722635,15.92901312688404
23.744660152707738,28.191557023454124,1045.898782699295,48.89789734772523,27.092161131005287,9.928643954468601,26.583332133621525
1.9533192037514837,24.920458916691082,1017.2645788561997,42.310388493948146,39.77319573036873,6.120483859596477,9.597219439765082
27.902021050560826,24.106749705894206,1039.664882227124,22.741488621932486,44.10056009311637,6.596034657438306,36.48008445188149
28.000277248104922,50.4120113566136,1003.9466504031598,38.75713820226694,61.880630733042366,5.239170190168141,21.941921027346147
5.629901245415006,46.97902006686736,1003.470182195563,9.651937064688877,89.95027601315464,6.960974970736205,10.595498436912166
10.53413165051414,77.43496188980556,1048.9878336471827,28.116816369588904,33.034801190716244,9.609958726702926,13.853401895016365
0.48451387151004255,79.42572012678926,1016.5283133946394,3.730952778435409,84.99845354992085,6.298281582529526,0.41046783802247644
38.828051166145215,24.068317506699188,989.8486796702523,17.404451612584154,9.34789209266269,1.5853461374907394,39.33809389431529
22.280128852920583,37.6898610311212,995.3772274596295,11.293109081108515,4.187469897321472,5.436015122513788,20.650751212157108
36.727194035775774,41.94094801271198,1013.7360995574904,35.94549076626055,50.40451831234613,9.93476145926756,34.69408600593423
5.169277181456659,63.80895873142475,982.9729637341887,24.50453456071807,5.9662223330604895,4.486624485348369,5.489095823331278
29.094545649844484,31.56121791255602,1012.377378976481,37.553523942400524,39.24898012342302,6.344931134930249,29.573920474210663
28.292932194237103,30.71529755200003,1009.325858945609,25.76477188157228,89.67781168692343,1.959730870859353,29.342078061246102
24.582782593327074,95.50311113663665,1034.553538572364,4.324222107581926,24.148303620747335,2.2706244886291023,25.81776218099673
38.28194876334002,84.33623258382248,1004.8459375142469,36.76838248662634,70.59757751249032,8.872133078385662,33.3764268868885
9.677766805315777,34.452392167293624,1048.7784133077719,41.66146319939028,30.23653923900669,3.703101654264503,18.25093041454983
-3.464133820512135,52.525424632439275,992.6538943510632,45.17656129563963,4.49200552421356,3.749061460191337,-2.279039481434761
23.58544296220304,48.44975994060525,1021.3690679477694,28.599597265335408,55.66905814103094,4.484916964020954,24.93990980069739
26.465490023860312,83.28032592523257,986.2789507905778,37.67926794997475,83.48534905367518,9.698308056140702,20.59475884710932
18.753028672940733,60.81703331824976,1031.3704788795787,37.602216844131355,40.94684483426194,1.7595144643318879,22.52785876007902
0.3408946566698141,30.227978959477362,1049.632758164338,7.787487989947217,61.729382645808705,8.368876922962015,16.722833141932846
15.222797083467768,79.11936505249952,1037.3397046426142,8.211034372978537,90.00235976577258,4.074020888193878,19.03773039514343
5.60948682845647,51.751038257993514,1018.899247850421,3.544275290456306,78.96945127369878,8.645212233869273,10.9173231209789
11.373326408334453,41.033939810571766,1013.9318950179785,15.995681757015074,19.387639939281932,9.925800845540882,16.15226107895865
22.260928792233194,50.03988976165761,1038.4520972886794,23.675429387053228,73.33839593650058,4.138006691905731,29.431512705044295
27.260737134541728,59.820525088551705,1045.5181859297506,49.894892637710846,50.189302516015196,2.164207295911197,28.535797508498987
1.6112345450671555,47.44924131336076,1049.2444568058665,21.549667103408478,74.59668078860847,2.2993794818463544,12.089948267497915
10.266268032347668,39.352461807340624,1007.7577459295139,36.312129425368546,49.45155505222182,7.828668018542674,7.910534228956795
3.45807854958146,51.880162304318425,1049.3642232356158,34.66985131362673,12.795816410830286,2.304293971043229,11.917030869015006
-0.06841930690654507,21.53383285999186,990.9148376521682,10.22409751252898,56.990944668923916,3.3437941168117296,6.490611792727593
29.16936099979192,81.79982768770512,997.7484843152337,2.9253575724718206,49.21339923973399,2.8395850929587176,24.313690530773545
35.46263472184962,33.67559148540686,986.2311287313727,27.30033757667937,51.792173364144176,4.201107076278843,32.37251985618218
8.511609284228836,23.51236909045098,999.0216961539137,35.015279615723806,87.89024536458703,1.6692991763471872,10.398557657892091
27.563946218688343,72.29589543240634,1033.7556286132608,49.9125895093128,89.48370467062514,8.710682341665322,26.494593072348692
34.849764468220556,81.91489030589378,1039.7047050724914,17.930552614058538,45.353710676571836,8.741316806208943,38.071258700222955
32.30621052651158,85.10633052742746,1034.52248515718,44.81822810405484,45.57320412800884,4.716396086344208,29.498716494023594
-0.8593305730387044,59.480734612847996,1024.1746044717388,19.09662279345932,51.5186958872616,6.5087881212112775,5.768400362703302
37.81459407566807,36.42945477519882,1015.9776558765852,34.47058542152564,51.9589278334257,6.777564138138742,38.51787093424578
8.833822021473125,78.97821417998614,1029.6093002449552,29.912646525852598,95.03871441791127,7.743323038113359,10.432655260226666
6.962033058691816,75.97704617234697,1007.3583484487056,2.648939665129846,64.94004673774934,5.68621078789646,9.122240204064882
-6.878433636110984,39.70165872825386,1038.891584604979,3.919421348512925,27.745699488794394,5.5930244089751735,2.7450696594306057
14.308682705244149,92.27262046902344,1027.403306578375,1.0382044862230488,53.15367969539899,6.6817339959538975,17.88274017419905
-4.549319217953565,28.34971664662632,1028.8463288946086,18.541704229699473,62.72235829079828,7.3274355610288975,2.635074026429898
2.426991046371299,98.61505916730606,1017.515519519035,37.290052438300535,63.97717210139645,4.120213393263266,2.2573519555876644
5.847131088364069,88.81982487819717,1041.966028894782,8.637769699536136,58.525422623818265,3.9733342594193357,11.221947964778392
30.441316174584202,75.03189163832602,997.6410313575336,30.29264841919479,17.773615462153735,3.427465636863183,28.230000376422133
33.77443251979483,95.09999106238664,1006.6803357352735,14.441389001553894,3.359318907950748,5.939618997814737,29.660335410471788
5.123315873073484,77.78489346589663,1034.4349798774383,39.8496311989536,33.78430523668544,4.241401206001951,11.214819416732913
32.93490606222869,35.23655976240367,1014.4924227290536,39.91980745014955,42.752215456025354,5.8628194093686865,34.46300050573242
32.861546868489555,55.37249104902494,1042.2449809396933,38.770725748321176,6.18042395760866,4.6538628924422945,36.997332409623574
28.232547519243674,25.720241946530827,1004.2479523833997,26.24167569006884,81.49673380198462,8.530607642973948,28.601288728181036
-2.665244299240923,51.17259378304923,1005.8531118173752,14.228335503992584,34.407743751027375,1.6581721577091466,3.8490966074576978
24.51614234503645,79.3282415789767,1042.211505257064,40.47220219393173,91.36327461785046,6.149895342442072,26.088236527221838
37.25120322902844,50.915468074465394,1012.5059224127428,9.305028096962076,15.441010784226517,6.18061375528478,33.541271295920055
24.12702393835785,46.42353403745073,1016.1287208941741,14.487980101432802,5.693495693731343,4.453455794848299,26.0594224167288
6.580842455391696,67.62845780082495,1003.2934600734975,9.19738530803108,48.231610438632174,4.7891880510682885,9.124542017928151
15.028965871541565,89.7763623199116,999.3668959525357,33.71050801938239,18.912933682570664,8.201182247946356,8.598769559703019
22.286252167552682,23.806655403688993,1025.9164097586875,34.3118014057909,93.73992755778612,3.5260633923430134,25.44044858619746
15.528520436425179,50.837634775978835,988.3888463078843,32.625499639337654,1.0303398453738954,8.842634122835467,11.298106672744138
-4.002352913451509,32.65925934522102,1041.5490848828038,20.78007334323339,41.2619675059035,9.067089737212239,8.752052550625356
5.603202232601031,75.62834005854957,1034.5442195735575,5.008550360071662,92.67477713451683,6.855573739619763,14.98938538508194
30.119801527681624,28.457964834490788,993.3523784594062,45.55847922575106,38.44182067297683,7.955719423372885,27.630728610967054
33.07090230477587,73.18462068641956,1028.5813962077195,25.38654820061191,9.310928060046075,6.5165277551903955,34.33644005140978
-3.134998364221488,42.89446966383259,1022.1843044899945,20.348609745554576,30.28949428617871,5.727332023719325,5.224947735326017
37.61933761993623,35.91334509897798,992.9174535515651,29.44124466241466,49.801039383443346,9.700099788252066,37.676519061521525
6.441130892430465,94.90820462599883,999.1242454235163,9.63952179095529,18.515168734333308,3.5438946780471774,3.963859804560455
23.115686936536,21.48196613967647,1008.6290552613684,6.627438955243719,46.65617051432619,2.387358519788009,26.45300501680791
27.591257297834055,55.02218175116552,1028.9469914671831,20.276261072897178,83.63431957858374,3.5873682682826376,29.697492530650194
30.597311731894173,21.730159396943503,1024.7106386171904,11.361034704995527,87.2617970196613,6.531630475415006,35.55858075776388
37.287485111296505,58.68744384834632,1017.2564393373689,12.214514726858228,4.926073471073211,2.666650942910293,41.985740605230355
5.6459774014411295,60.08379022355346,1033.7887380179825,44.625574388926466,16.09033580525735,9.179326389036827,10.89103178698636
32.92532272757772,45.73299771157976,1033.0556417724315,26.537958859291244,27.529013576680416,4.699219605988534,34.24991151920072
-3.4156548281896484,30.572942202001894,1023.2501407843579,24.173453216167555,59.48658508876018,8.649665904626591,2.620712022937713
25.252045317679638,50.111003018758026,1035.0893058369377,34.47397968642987,36.09947587924671,3.2431289007593502,31.500345184372303
27.098886475699295,73.78103519460528,1003.3984362345446,47.57740568383698,84.40409134460755,3.8185151957447276,21.54395683180967
23.88616206006602,82.59166469155673,1041.6874669825825,5.609928223528204,71.66718682829377,1.5330105745524691,28.995702130340728
2.615736806757649,62.460048191051385,1023.0437060061358,41.67672835546286,10.045602311350821,3.3199092296701656,5.239909255089866
33.65215735076017,67.18675155518045,1037.5654459668701,29.200958993392295,62.45575025120912,5.412824370669712,32.87077709592627
-1.5570768314802503,36.04930968997222,1018.2395373353199,7.3082676905918635,11.301262534697843,9.51523225950918,7.3734563344160495
-7.318260423958458,42.986426658211954,995.2906771492076,14.857465934449582,25.50356696364601,4.5001267650234835,-4.370196950890052
25.873249530595608,32.95164880418867,1017.9687090074816,24.118070823236977,17.787063353422806,6.757694915350113,29.696384285109353
13.773785761636685,39.9436280003689,1005.9778164643611,34.55885722887115,17.306194920070496,4.8493910572190915,16.67952314726437
32.454900997933805,37.99094241804254,1028.8249325225966,12.130350847672611,61.639552477685925,1.421126656911471,37.35714328083112
9.169857052912949,61.55590291129901,1013.3055654214315,26.743940773379492,56.36049225541615,5.531793633070324,10.992246668731468
-1.586070574614359,65.01510046325835,1038.5278963449382,34.23358137079309,17.602815278772688,1.5932228203352876,6.890504470727618
31.82210962349349,95.59579366572036,1027.4650758625341,22.43703754237531,99.01728054184318,8.953299321377823,28.553946532077028
17.445481582003584,35.645651768121844,1027.9181103121928,43.15129805600879,42.18367323682938,7.777332657558226,17.098978345153512
-0.5402103804822556,71.33405681291967,995.2008733443746,43.47295514202022,9.706932815493662,4.407863241271295,0.3543642223519037
26.01919992932229,85.38074151900183,1048.8974836543903,23.534560882022287,12.056901695511513,6.761967995721608,29.77493613213617
15.555681924475028,64.81931710264419,1038.9172646490042,48.646285520444984,58.38937137265947,2.008253397819989,18.221903200892676
20.215649112015992,40.40029220008606,1035.2303419192485,3.7792546202723654,97.90694033834728,7.322994882663858,24.104561402130283
13.044916910329093,41.00401840160002,1003.1150657612019,0.16811891614683105,57.195110161919786,8.404591680923225,12.193555222353982
31.43544919090032,23.140244245679995,1017.4942156993062,19.03341319019595,94.90414766166371,8.39571083684411,34.644860664414956
31.478135784152492,44.43553812387854,989.597223165203,30.054853068625466,44.413285075802676,3.5584979292159025,31.435985119428416
25.46944109121931,79.56829432027041,1017.6933183663895,31.460007872483043,43.5841103652012,3.3737157574914396,24.087443910387087
-4.729931130176887,23.80142057656883,990.2122472538301,23.82228681469143,50.000735931588224,5.692579191124106,-1.306503132819003
31.942693095203445,37.543622600386456,1018.7126490792721,6.244165662032309,69.74254581555553,9.709949457368635,34.59375271668952
23.550649026645488,76.49859988254255,1025.4105316108435,8.524876089394711,36.76159664513327,9.284706798454767,29.641909843019583
24.851208300214978,82.61212502583012,1007.3137177074932,42.60739919260046,86.3886032678957,4.236746335803836,22.985053202916543
8.149142020193583,56.425472804954275,1014.8981414831906,43.39555658696306,2.9281384768146235,8.018465555647397,8.610525782497858
33.963977807850334,75.84594707829191,1041.295737137221,33.69492689303601,43.97641950284423,9.291859876823116,35.367527404144994
26.268580011742877,51.03617349239136,987.5994201291967,33.21089861394412,51.099184997991784,3.348338191458445,23.389641041582312
-4.370476673540277,32.7930596019302,1035.4213025099757,29.884106401390376,60.70322382630962,8.472660846426457,3.367962382605495
10.388901720308134,51.85195948183252,991.9528185697337,10.146294285099412,27.607191236586324,3.411060642182589,12.486291019605519
34.319018098007085,66.39742561625143,982.569558796324,21.41253501299516,42.74799709858353,4.089539132984896,26.538560808516046
-7.6401649151310504,95.84426254823123,992.9902221921534,34.794732573168936,48.45377502140566,2.789386217656787,-11.97477601623547
38.07083098210248,25.500076167094186,1033.5530232979343,26.862613600166934,68.69099786832132,5.563718191654422,42.162290163780916
23.958128415978138,60.59152750759685,1008.3588251335802,0.929016702754959,77.3544184735814,8.58979804835117,24.560148168892248
21.56879888216883,46.31358225685795,1041.0764361792328,47.67784033600492,73.78273273437873,5.752469236919611,26.40392207497416
3.5279628243995695,60.66493554213557,1016.7295278827586,42.24080262860717,34.15830522895853,2.1109600872378778,5.013673373026642
2.439589436958853,21.918035790122534,981.5575246348432,13.027250705486892,99.94505229919636,3.26598339004453,3.6522490824152705
37.102910974429776,45.04202837612651,1030.169952672135,30.822946758314806,84.86653117871793,6.06575680553205,41.17535094181792
4.913622711706138,85.5894518021604,987.7163036104863,46.16196918640939,26.00233731449689,6.248687100135042,2.0609414730313587
28.77526483594997,64.315338708371,1035.2565743423347,4.800550605682568,19.510580567282755,6.1921531319038285,30.4487144817993
9.656089910353959,56.04659942528939,991.7671784863626,25.15147403983503,31.40212505833905,1.6930314325559437,5.330057751900133
-3.037296460764801,42.84200573722717,1004.1812470063859,22.812151292314724,45.23448529996449,7.783263033712788,-0.35131576851052704
-9.464235115232052,43.84340182330847,1033.2890000737752,20.510250264176616,85.07993783196139,9.184853790901059,0.7303636483659139
17.21286685076254,50.64811468724676,1046.7961950233496,41.77943044464625,77.83622637945345,5.5946705295690995,22.245681942729657
38.78894092744663,86.84565679716484,1006.0003765452713,19.03230733487287,85.1246123505876,7.4694635809467655,32.552087949249845
8.456809690460226,97.37705654466147,1038.0580154139254,3.18316666205038,27.19571149103285,9.226139428328962,11.769346814443244
7.859616699652243,55.09243050802996,993.3554585833087,3.291887108215125,59.34612224518362,6.783604794532144,8.96658906067499
7.204580892472105,51.46822709982095,1036.5025839141745,2.1372303262304495,28.324906227737443,7.06893151987946,16.944217487346958
16.027191865242923,87.72406206558902,1026.0245841479375,20.457271093701863,10.902316071949315,7.492639720455591,17.48517377982351
12.033244171214676,54.15242565090429,993.4920455048658,35.920313884917995,68.41977434746806,3.344522063086586,11.247728667979404
33.99573133635072,64.16145378365209,1001.1752772245989,10.186123096525773,14.299755119543878,6.244100872451447,30.980720034303847
15.276039586174516,38.47533316789956,989.2239622017926,32.323426021577475,66.76977617064715,8.579576030900107,13.675316359696907
15.38789190942844,79.48020286232602,1006.8076907745019,34.35442360518521,64.79643049054091,3.6654645723467563,15.813206072583977
-3.08142026397217,62.55906546166255,994.2554048786294,12.760106200779898,81.0248444424017,9.074534496371742,0.3611770961344598
39.136977045519295,84.72276401922733,1025.079856754133,30.027882803031464,13.95546045635644,6.5834375478906875,40.83975357545369
2.4986445434414843,82.45861840229358,1049.615357295439,34.243417001342365,78.34801485088109,4.808573662897506,10.478419730769016
-6.331796627019867,37.200381461602284,980.8406414158985,23.330681140106286,99.92765259462371,6.608646652602636,-5.395324138130532
23.157312448760443,77.25084404462099,1017.8643869301109,16.835829864004754,85.10424485859022,4.6167391512016875,21.53221198597271
19.768318507843635,84.00435263610972,1020.1566618284306,30.957577578716368,75.18120763276663,8.542320416633572,21.464233437530318
10.757282699637287,47.6885792625916,1043.9946152776567,48.89235436640285,66.21653546947076,5.340867220608374,15.853204758392517
11.109611694033902,33.808729032181965,1015.4203734336857,21.342070468448902,42.17814846854294,9.11092023778903,17.603897482028806
29.253196052321556,20.210572446367053,1018.0590993751442,19.586754814256054,73.05001678916022,5.5882727276304385,31.458070026537563
-0.21436799501754678,56.072292247451855,1013.0156960929872,23.213345121305668,72.41780351404532,6.943315506736485,4.822007749896301
31.012665947244486,48.19461852310732,998.8233013193037,3.810919672252411,63.149828268728825,9.979699789061655,28.01864335785944
22.437355694750906,64.39278670603272,983.9220393274239,27.6581639835695,79.62783782978285,2.3226925690768705,19.685497812654926
10.94848868897622,35.04328740710286,1008.6060377546885,16.434869360863182,44.87638884268347,7.630562338600651,12.504571277203171
12.90143082919343,88.77324381331802,983.6814029868475,6.071106116563124,12.125271213239063,2.249850051243402,9.658926500961346
2.83236035930479,40.62041725024877,1018.5344728626143,23.31283705586867,55.90677276092374,8.549797291879566,8.376722133533855
27.60571663484874,38.114368407011995,1001.5105550269606,0.16919932869887133,26.504352871134262,6.368080430458105,28.837445829122128
15.643737115263388,58.45712451874847,1017.3521681067799,20.089262258137946,38.44330974291502,9.443436045458133,17.42736102126083
6.042727137492179,59.90808189954194,989.400787507663,5.286763396322525,1.7414903941226023,8.793609417503815,5.650931576496345
19.80250578804751,37.20681830280743,1045.284097601755,1.2146351699890146,38.27905879178834,1.6738483372194108,28.89702974539915
39.78672260256615,41.74885813807326,1042.6164870484954,41.2237523122251,80.88011061354547,2.235722875109748,40.805814246618716
11.763113982827694,33.576419132419595,993.2997556441599,45.81244016413174,54.272236693825484,6.4105383574614265,10.000830569894012
36.03457003893098,77.47681426585333,1004.0410998305807,10.383732417955333,0.9800526933971043,5.664831759478673,31.801118746235584
7.250841996228306,81.60712250032655,1022.9444940296386,26.964913191713062,46.98438202398473,2.5170861755210012,8.933134062190055
-7.263364653750706,56.98627979674261,986.6980345114134,13.897907856549246,29.145164764540745,2.164233054444848,-7.433745483151707
0.2121053184214432,77.1269618148014,1004.8197474781306,24.67887193360911,47.75506553971711,6.075917050974518,3.3475804863425753
10.934757166384209,78.87483135499565,997.5778600773305,21.831566044708012,40.4692721447877,1.4402939317749954,8.860710955527884
0.9817464297284513,31.06204221422469,1044.0861710101688,13.452552754024282,93.19792195573815,8.863617726580951,11.836494695963085
-9.988648089087222,97.29424198676294,1039.6757445402443,35.01967898176488,4.117729896301581,8.263746278223584,-6.728569154655867
35.75007688737636,85.68255576771448,1020.5882918886805,6.3245479660127115,68.35880112819322,8.068329745399804,38.44824898707842
32.19397056154645,36.35867689566588,1016.4242435810102,2.653639108568356,85.10265963017414,1.1439743233666695,39.64127019849415
27.114611574347357,34.893202859685616,1045.1508056181779,38.38377165186396,95.92385846504754,1.4287684907146416,31.54859871274519
-1.609270217698569,30.052891646366618,1045.269944808517,33.29650156103399,17.76362265442959,5.948552090356558,11.80572838881094
-3.981821189500697,31.07028500335347,1047.8531087746162,24.926306207319897,53.13048019661939,9.9498312000476,7.877853427007384
-6.619762526380843,79.8529439222957,988.7765218875732,23.38948852362708,4.358957731721191,4.080845808742166,-3.66049061862654
26.20145943864606,57.57234055612989,991.2390467534219,24.87056897457131,49.91835244550885,4.099373347648095,23.780248015444254
36.44039803439426,82.63473381918938,1027.371568907592,21.851203804933643,12.545808954098192,2.20850170175785,35.576259107126894
11.526791045651848,79.70039154801643,1017.9004133626892,19.644614791558958,83.78966746987135,7.069022233655513,8.126033250551018
-4.042966400197592,68.36901708041773,981.2926133425265,24.984530144306017,11.387000260536484,6.820090200946051,-6.718589259291069
15.61964103660533,74.90932852629436,984.3382525192663,26.425758557988022,51.32883603864953,1.9119017474124316,11.654439888151416
7.441595372931506,21.46845795033134,1042.1656267581163,34.59511570418105,52.10960689927538,5.20671058361516,17.600300164881627
8.741246217499885,44.94221174440176,1040.820955687757,35.56035803670113,97.16504979316053,7.003674179397769,13.7501403687765
21.066531207785363,71.02577434075282,1005.0089645397231,18.881454007007232,65.49806940388882,5.441645226897343,18.574218502612883
25.93590566311012,20.747596278899536,1042.3735431851374,20.677026137174437,28.784029307680193,7.069272236782799,34.814786316745156
-4.469820056341957,22.638155494607474,1021.5572552078531,18.68485848681115,24.079930993813846,8.346433576883408,1.9225244099114351
-8.220488459676181,88.15103859763066,1036.4133952913232,26.826788681285517,12.824820564506489,7.172338898095909,-1.6513689714539175
39.71651513428574,74.72198893536574,1009.920174981215,22.667676895709764,75.65147240490595,6.545028122474714,38.611828214688494
1.6364174457775924,41.22957864962751,987.9378829141436,44.47982315680968,69.07566561823386,8.68231231250044,2.8302190744454565
-7.308473754577046,75.03702720949673,1010.3608943852212,34.81806334582363,60.98771273081059,9.105297110828094,-3.730960391326279
-0.506233545204001,83.39653353114106,1012.0109858597829,44.93281918772228,4.084044294998835,4.499977934582238,-3.5873171746888977
-8.05210768257679,44.5435426488081,1018.5660935688422,35.456849577971276,76.28288663942945,2.5592489895149733,-3.03952893850294
9.590544730858582,22.882990199934994,987.39078990331,48.549607426190704,64.18875771484792,8.360743636072456,14.110865586604035
30.120089222566214,94.62232997501876,1049.3981304134727,31.786838912763454,96.38888681104883,2.9237779656953484,30.65434322247065
7.062222487886032,47.61438706365044,997.0895774564834,48.177506908152736,58.72021298768121,9.36055602774177,9.877251841770105
12.209170343918327,28.51854106277651,993.8986682475966,7.908494520471304,30.395190666170812,1.205901506997131,13.564005239711811
23.779338678371943,59.34854971145179,1016.8762043199156,2.6238840414701925,38.15205521893203,9.291440643573731,25.30914934259491
15.444703503494008,81.4774236531307,1017.6045725576422,28.95625926019296,17.584070537823248,6.302646933508565,16.83385069706317
33.07228430106621,37.73178516940473,1010.7874516483271,49.17466028998874,72.29141822013851,7.972679048615932,32.45366960709155
33.301783752287825,41.55920401066907,1034.0324502427677,20.88026236511984,70.77216600217253,4.58643328357964,37.80565918875245
-9.504465225442317,39.41719894388665,1016.1658080510022,10.60216810964798,20.065001547767626,9.925446627179921,-2.9741890644229514
28.902315324159957,99.33384422653425,1022.6786818601489,26.077072459675698,15.84893231822786,3.047962848096614,24.445668764514263
13.036680012083693,35.7922986984434,1030.662246978545,32.43993122894443,7.70049332021946,3.379092963743573,17.42339137094919
39.442027065183154,66.04161735728992,981.7517571094706,15.758934775794447,91.19757436817586,1.4628919963372564,31.65257416152863
14.161603793771757,94.02117133255715,1019.9450927781531,35.738467924962976,23.306983369485113,9.464260267552945,13.261947274461422
39.344797269414876,31.75172551022234,1041.8936129859858,48.75572535228629,34.41635267518039,5.104263732388085,44.82374607974805
27.72846806028683,97.66833582941602,981.2172120047803,44.848156085530846,28.050450837749064,7.073671732474143,18.870587893381124
2.4302442306653163,95.79817875164997,1008.3627472660672,14.579268675609763,41.36246026107911,7.186966547165566,3.8964961570802874
16.919748964347885,90.765758964661,1044.835921514408,16.336184157229916,71.40487993824833,8.870518830544098,21.312306946982794
39.60678197392914,37.16452170640018,1004.7208081597777,18.57706122247943,87.05956337262845,6.984327255817684,36.24100259711288
32.87653038759618,70.72440448087866,1012.1110176940168,19.727638919682267,18.259874952854016,6.058190640737685,31.151908231116167
-5.131655310438945,80.87131783689921,1048.707897513102,5.015974959663971,68.64123437411651,7.392866717719392,4.485337658540118
25.3185998404998,98.88223425571438,993.9526701265402,38.098141944464466,35.25621422424852,7.758737191028138,20.318070988408095
7.278979293540651,34.43390576650963,984.5678632387504,18.266963180535022,98.05271682972928,2.6733515162363375,6.067075125687665
-9.650886905982594,81.28207196154372,1040.1595813602912,43.99099883527261,29.891915928407688,1.987003350790777,-6.962254095025372
10.174048451349979,47.104093594169036,1040.7925738848658,46.347031156005436,0.7192956007859963,1.673639654370068,17.033675851384544
1.7377210862485644,34.050117245440184,1013.045448427601,1.2215654653844055,51.563997401984516,4.36648145070283,9.356492537723746
30.943463526023578,53.71015529710839,1015.99450221341,49.42515349641031,15.073108427593773,5.482002158539707,29.574279617908257
6.866530442288273,83.50687297188931,1038.5064458732486,35.50113657500923,4.44944268183991,6.540849084608747,11.212952891884296
31.376184697690853,57.187984296324174,1031.6991648681058,26.019611299648115,69.82692319477086,9.62231067720649,35.30615717173036
-9.970103058260234,63.00184801624388,998.5604301551907,19.476380418627663,73.22592825084566,3.9770903818630563,-7.622101091528504
5.390957501305957,99.6127528160097,981.1825348550063,25.925906630485645,46.069901311650256,7.84786646869547,-0.06290313676120207
2.058260715388098,51.928743964594084,1013.5790113773483,16.231236198922222,67.68855167565772,5.782218576353964,6.9785848767961465
1.6783680534305496,69.23206037673918,1040.123862826695,31.134390684827412,53.82394482471339,2.9808093887822515,5.9102785467010115
-6.590669011726865,49.21953612922975,1042.7084273683113,4.649013822239562,62.980110772193164,6.537748862158832,4.330387413732989
-0.6437864794749135,51.4228517062964,1046.9358337953308,31.05613014559051,59.67039731879612,9.704585604607333,8.6990352832943
17.777478494280995,75.65126027563265,1041.5694266328946,13.767242506922205,66.58227640555924,2.1187746932614515,25.879892196316867
4.568053641887225,95.03095808759068,1020.6030488708669,0.8817414526173184,19.963064867317126,5.5655178809430605,6.73050789133914
10.869739116457396,63.38871603938571,1011.122391946527,27.635288308143878,26.87066200367002,1.4644751873547541,12.854797822298725
8.843344017359424,81.47199431590238,1034.239489257387,28.92238779263482,43.9963149507692,3.8909466900672607,14.52612207923912
33.795246249994726,27.136524705357104,1031.7875144055918,21.328450235576803,44.61280094191864,6.585424098345921,36.581772534506015
35.264949950525775,36.89264299455416,1017.6700401057018,3.6143116275158427,77.44117115869042,8.569512424276791,40.24506722661439
14.647848582793003,60.170531273562595,986.1129160790929,44.66714764020958,36.739365922953205,7.572955795534639,14.848349287457053
6.507797515780219,21.600937890301985,1044.8256942750843,30.571540361394444,16.25051560591824,5.165711003939265,16.941037405084597
-4.659964799881818,40.2283983010047,1011.8921776251163,5.785664978448479,25.146597049107587,9.18300481393732,1.2364493279463467
37.67014396910475,61.39210318599729,1005.4333647341385,25.546528829707384,21.47335023842284,3.724431985213936,37.90017123627544
-6.988652754985127,21.196895860504057,1024.069717661814,24.862715797423572,73.1660019256022,7.785850692026497,4.322477094359522
4.882513878414022,41.163702898083336,1027.1686572816884,3.020093439646349,47.03396146259821,5.266081195728962,12.94527289440387
4.903310058500207,61.12246555806956,994.7481541921211,30.342985180147373,70.86306979709835,9.087721792054982,7.82677781412181
6.020064307010745,65.85193983849965,1038.585719136697,40.416319946078225,41.621968075762695,8.176895394883841,14.257925724178435
-1.7856578363795368,94.06013544442443,1000.2955965563665,37.45040271242391,88.97356025039052,9.113226951763856,-3.5433145565592286
29.158071546184857,71.62764986004862,993.0678748140022,10.148470708209167,98.35203077227345,2.9282306404786604,26.004366218741403
-3.875106901700539,53.1788642023995,1008.4479896998148,43.11462647771057,66.98425087026116,7.013353889045872,0.7169021043011854
21.74533295765814,94.42809417064542,1031.1392056628226,17.127108282967544,86.38125572362189,7.64617067273476,22.801270975408503
-3.807698664709127,82.79063867102354,1047.5820724907862,47.325418914597066,50.79332671720627,7.681728387543343,0.12950378739487878
-6.473218120352172,36.000713689019804,1036.6496885060003,3.587398211285686,93.46208403539079,5.536004054206038,3.0592718605183378
35.47147518429382,30.46738890790558,1045.8243864369135,24.310434425992135,83.1586485672828,1.1012547011315728,38.654973467334266
-0.4935616840647157,74.06493085941864,989.8424062853569,29.856218858877458,99.17785717660391,3.352877054821674,-0.3753232943008292
31.062507727985214,64.79065324615871,984.9823759204573,12.382504923730236,62.309373532778054,3.90970787503943,23.979405816729333
17.23154355535679,83.17388910342046,1019.039333333467,38.569009436011385,77.92067402682285,8.668329555535854,17.30518656363397
-6.10717401956152,79.10440400629491,1000.3208238130824,31.344783990535852,54.28681399782135,8.567972353937982,-1.3747582121450073
37.772409571903374,70.0169227086012,1037.9638481078491,0.9054718643977777,25.912010427142285,1.9421209363400496,43.010038312211535
2.348058349594627,98.91057373031137,1027.0391509981628,30.418429534811793,35.47551711297577,9.548522935941318,0.9431215778463904
32.98226726763033,62.68717840883269,1047.9509714790056,24.57391172092232,89.40054147313161,2.6421173798634188,34.42650009904187
-1.5594997107717905,29.04846052013759,997.8354649011912,9.801460085175384,5.594794659862057,4.72923506170829,1.982762286793173
32.69714410709264,86.26188518527907,1014.0048880048663,49.78741135297648,59.147988607440816,2.9364126949967986,26.164936930848803
-9.3385593547353,40.14826898765672,1015.0868334197747,44.858109741380744,37.24840325041087,8.742992219464217,-6.437146199283838
15.589022828474032,82.18417185151347,996.7423756400163,14.625384751453174,38.669253800555566,7.7446182867338065,13.43434208506116
28.472128971077844,96.56856768000411,1021.3065379641605,27.053546039930815,88.45712064137673,4.181759261990235,27.7293287024765
36.739775874639164,75.74364111714729,1011.0300190255467,15.825106995514538,85.38223745462265,7.136907634234499,35.94063378557357
35.460106810324355,67.68241287598408,1011.2705089192912,38.774787581803906,59.88423755724687,2.659301957543881,31.529382376012833
30.981243477382243,56.830894054003245,1005.3915653580739,46.51657165982275,27.291884740433392,4.440673831384014,27.726684251543407
34.4095674830652,49.15278927963226,981.1850546697874,17.941430345719176,47.545634616202406,4.393968295042974,30.30795039166651
-0.0390157081461755,48.2403800777469,1016.5466665840353,40.27921245718137,40.8293393789216,3.1414301354925804,4.358674482923925
4.209214785586438,70.90981645676725,1003.4673484990232,24.920377135660242,35.36180292024953,8.886808446245944,6.800344221469158
4.448426246052925,80.10184935501968,980.092390828903,19.828928065578864,10.278557855729641,7.109611619312136,2.2561563074689506
8.85269655008494,74.28136555875315,1001.5560595363353,46.921092604938494,54.311388671532036,3.5194537950741935,6.717028276047254
9.666033519259436,35.87280809548502,999.503983316283,25.520234435951572,30.183129787448358,3.179086845661336,8.2826169960697
17.227766232733774,59.51897441147929,1007.5413707256545,23.370525012873244,66.08079429275284,1.1615812389931515,20.84282591407386
-2.006011831677931,83.33120577464504,989.2296392750378,33.62172009811715,31.920393582553075,4.119240284131192,-5.040411211436673
24.562333189299466,58.0563262551245,1015.537867724456,13.061710050914222,43.11634931348017,5.7409415498378635,26.626189058077788
-1.621673034774675,62.92986237883951,1028.470824676269,16.239643539415788,5.236037419440754,3.499398477175388,1.2126471171657456
5.5154241052273765,81.69088385366578,1024.1129898338202,46.60229181193113,99.25380699054777,7.30412448786793,7.417040498854866
15.167256530307704,72.90122450120732,1036.2628463298433,33.92649227184712,50.76103832751758,4.705745761101396,19.003696348273504
29.822028076173865,52.74759367059141,1011.6405801590956,41.33185738855028,2.4237594164172815,3.8468605330960104,29.10561467063263
26.973461661936362,91.63301689553751,1016.336421123781,13.555588096771482,54.12306587611441,9.45151892911298,31.39707139016747
22.276717820526116,33.00536549307829,1036.7281358601288,27.189509496493603,87.03539993056498,3.3652078955932514,27.182289064608703
-2.211336970991492,99.64131588722597,1009.9390819573467,48.56981334947491,77.25521342662026,4.5843185808699065,-1.1472416162791959
17.352267280778886,29.508206278098974,1029.1119544929718,15.93519495141088,70.0906684129454,4.440617096686948,25.005269017208114
-5.6276749100057275,21.195997688339112,1010.4221658102595,8.023823815852094,13.94646545990349,3.170785111041235,1.3256522068391443
8.868158839832539,91.20151209190118,1009.2415336158094,25.544300411233202,65.77370789874723,2.9572906582937506,9.962167874677176
10.67582651449796,39.59628066927649,1033.2143937170413,19.39105443624381,76.62983780122603,3.7214201693206324,17.590714545663545
-8.009428027712309,78.37597019573766,992.2385840826348,7.978861639335677,57.24190639654966,8.778125529380628,-4.890760473632599
3.6994049734985914,84.88122999456554,1003.7010180359101,44.4275691351684,89.27490045203515,7.9037459850636145,6.609695323380086
37.78247336332447,88.71891128256935,995.6920593722831,49.53619552768889,27.69897817848854,7.12899562744047,30.196186366946467
37.681630391484475,99.32753885313333,1005.1376960077318,28.429109034499888,24.214469973925056,5.113926933782441,30.870131215809018
7.616352712626966,43.523176803199924,996.1262375656216,38.7338384186727,86.9569744942646,5.569785861693431,10.577401743007364
-7.844994552583797,76.81946735418073,1020.5583941760658,42.951918477314976,62.53982429914524,3.404249609441143,-1.0843332236178806
-1.0452530335909227,29.231988662466257,1035.8719561832493,35.04910030109134,0.1447220520999326,1.6688432245232585,6.634799162099141
9.610889671677008,52.54474330854795,1035.062914285253,2.2078024555865605,35.31314085110525,3.9793650104843405,16.208809597174106
37.38898489846149,87.83773546500723,1005.5150675184154,7.88171158584089,85.78559858146745,5.460253803931296,34.537639418644474
-2.9400468231407544,49.412643684728664,1049.2132284125983,3.5494595575693233,2.731951164174329,1.5158174186739921,8.488395968733899
28.175792183410614,67.28763044284912,1021.569805529406,0.493980332102828,0.3247928261508881,1.794099718513958,27.868520707303283
-4.565873031265396,60.30187549797073,1007.9580211244806,15.299820437861827,28.125929052512976,3.3672270959611055,0.804959686156549
39.06287886956384,71.67612248896361,1038.4877495468997,19.617798024077988,91.40000370092778,4.303723362334854,41.60460920225679
9.080824955456748,97.83155115101559,1031.0911808849849,12.051486616796286,90.14775814700164,4.539851300068347,11.284508410170952
28.761726944952798,24.45884212011217,1032.4492735776873,3.230232404316047,51.876194580150795,2.0609745965920463,35.31933748070067
7.129554140556593,65.91692140013038,993.7297544813711,26.49315454183388,55.32368711396226,3.0323921908130993,5.368426614684401
21.383443857940435,89.04230234002279,1012.7827015157989,13.665965997857082,33.20080113171888,3.3548252685724784,18.096175167700576
-0.39919576299816306,58.5106169398742,1040.3279691577222,39.80185774317812,24.373666202780985,1.6087138858112158,6.044807519504683
-2.6989490351518732,26.282174875325826,1015.282660534013,0.4026310812640599,81.52218542121183,3.9348973053072758,6.023451556485395
36.903206978406565,64.84314819334168,1027.8416920394736,42.12635256438052,10.629486049964143,1.6499941547995651,33.30003181094167
35.88236389522167,46.56591126590563,1021.1553613123986,47.737683947297846,48.73543708786357,7.331120587987031,34.713130546656544
34.37344701064412,32.395342827034874,1038.9649751402867,35.80675315767848,63.439725949708446,4.474429899015794,38.85587140722927
21.271672508329672,87.92276106267784,999.9192587833122,36.68220326312833,10.368029037102922,3.9407715044053724,19.590199221656142
30.413410560813915,61.72796103928973,1020.2832694520455,46.67811558013666,51.960709547234615,2.138699543532462,28.996562022747575
-6.548153154431255,94.66211299032534,988.6264267606863,10.453564265017457,57.75212879124432,3.0385328990040623,-9.859418119858969
6.739452094533959,84.48132036824552,1028.3147543689627,49.728278410428835,74.24960605073649,3.0943468804521124,8.311507860321726
5.685156237857811,75.43774350189338,1031.23774868469,38.67406016892709,23.483604914753286,9.866837933859728,8.41618400810462
21.78226609763066,20.402040269224955,982.9986124832299,36.328535416389684,29.33275032907583,8.51814441557644,21.620485173227788
7.797888673532025,54.225876531059996,1027.305367453959,18.054528949764638,56.95211466330334,1.1373606247008845,12.807403267898577
-2.57466091781596,35.798902532162586,1009.028310791605,27.288874270280527,98.31264099816141,6.551529316916318,-2.483704320648389
19.823353770677187,92.86383288390942,988.6867813276777,32.69588941366735,21.749318282011444,3.303190867797314,21.47221580522676
30.719196033454075,33.96671877410882,1009.3935283388927,31.017143065860797,98.5903827123464,1.9393923593762583,31.536877807229985
9.10617472299866,42.88480413274284,993.5963050786908,35.24923192387904,71.43425330544812,7.350397868077792,9.764831370156255
-3.386564245075915,61.34694141875993,1009.0891672486322,4.119086953920531,82.60820696300232,2.1844499452151434,-1.711734126210586
-0.1655901343588475,41.069089519846344,1006.903731957097,17.78242164158484,8.964126823633922,4.993667015767621,1.791021403769351
1.8741652584691995,36.789174182329695,1031.687414585524,21.700000829773856,30.042018743063224,6.689486483559318,10.134120766106292
4.994879649726812,67.9279460082202,1034.195089071645,13.031464893748323,5.773627965098105,5.990452805394898,11.961444802292792
22.139753525315456,27.11436182040191,1022.4920058069183,8.631363513461189,37.15469950031752,9.798661884724686,28.996102524604176
20.04727422688595,24.65342069767398,981.5880789527713,6.946373995643141,98.12896599200519,8.071683518102702,20.433677894809197
24.803993078351958,49.779623614885715,1045.1715595349697,18.319169612829256,10.527306220633847,7.967740385147407,28.588915270676026
8.125099226575657,77.65315636062898,1028.0363296067512,24.672085028128294,56.237278237119945,4.200358546729281,6.65699380518516
31.199882593998915,64.38454066191584,982.3936814944832,3.1488220073330355,0.6070622813812321,1.0755594287572752,26.37030337699523
0.20438305778801436,53.830117477342306,1037.3183029449883,47.32290472952748,71.26828160440627,7.609698367036195,6.030967064986045
13.452037375907697,65.26012513796658,994.0186308302598,38.262166143037916,19.719269237204106,9.99758875866105,8.877964627646717
30.046936077071514,49.23611877226189,1020.5454832699775,36.54258865927333,12.958453712476292,4.65291196969254,32.51181566947404
-0.9920676133690378,94.89170683456904,1012.6644058965131,8.643026249436348,33.701781216078764,9.869666490614057,-2.1182379444840294
-4.506844312960853,24.392391272861946,1009.3887147648554,30.19003840060945,77.10442979389815,2.275372985809118,3.3505340057653252
34.18419838439949,73.87131832238681,1042.279960408708,26.486247340433373,10.66130863112108,3.6686111647304567,33.34426890519817
7.146483137959795,91.30261318622004,1010.6152904093831,49.12344228933469,22.983899579869536,2.5365423856822362,6.174600430475611
24.1935062454516,84.31077669882028,985.2740882301206,37.383588504007896,0.8464421617309537,5.276583756341342,19.60950062608318
-8.732569786803076,34.72328278571574,1046.2647109050467,28.78809418581156,96.8414862695618,8.172832613564983,2.6238883536220117
24.502344420472483,43.67410791842307,1044.437466186774,42.540633323506114,59.214559998886386,4.065955223841585,33.25149205478219
5.805065577348525,77.36383509656838,1027.9102882707118,7.754713543035474,71.98996363846994,9.156060434366843,14.37977914766278
-7.212957320627913,26.741644734461243,1012.7524769692418,0.7608264845488599,65.13831711560145,5.903473719968066,2.0788349199075125
20.49063807740585,84.94893598660673,986.5001631060464,34.51166667072616,14.436455886967437,5.188819723676895,15.953339360417639
2.0401908036586622,77.51255556838322,1035.3523683004232,4.9155730118618735,59.49399389939941,8.083322579757487,10.711652064742632
9.340362102594,78.3685319388274,985.283454009682,5.77168199917546,13.141559514126211,1.9129914733760611,8.26261197856322
-5.970959385674321,28.01930962140731,984.8020689426602,37.234036321226526,40.12364539631279,7.9637722408960725,-2.5837652870009675
-2.641837445252734,77.42084358529847,1017.6168689707557,13.526742206699454,56.8963135925293,3.1865680015554405,0.47882511443750775
4.898861774792188,74.3854500175976,991.2089768129248,31.431560778444645,55.88811141021559,3.527312924649138,-0.05174736017338777
-5.512024971992143,86.47379926574804,980.5411187138244,45.87034630463742,11.907342598274095,6.3950839598807185,-11.59566550211033
35.54131323431576,23.327676500517562,1009.617940169705,15.823726581892917,3.443596964652218,9.117409825415846,41.76014154301113
-9.697647840801078,21.848853477423376,989.6052062127046,10.857207891995941,79.82343138738138,6.205662547937783,-3.44807048995889
14.193010943215569,49.84056799028486,991.2360790696484,5.328144187052586,72.59224369960053,6.840544139150382,14.004451550822418
-3.8376270933724275,31.90306270793223,985.3837447114735,6.523118070986306,8.181890456473806,7.9893513064474675,2.1938322754063813
5.383954473897427,64.67075820561774,994.3565627606527,3.1111347689421365,12.741551880155344,3.333922830932381,4.901712376290526
36.30297799091328,93.38791212053991,1030.0838925842072,4.382118941487007,89.25837763896203,8.445103055237283,36.8461927980162
-1.9152723363006565,51.31837842672126,1036.6249115052453,21.600229440457696,76.91289016217799,4.7616413416043475,6.834657560890733
38.29161598591663,87.59603018180833,1011.677355082051,16.043252251198485,99.61602962166741,2.5809012414204626,35.4096868254394
0.28971884947108606,20.019269961429316,1015.4587671116992,35.3280407161499,25.39874492050217,4.1510627151501245,6.524312717495753
27.078305423341476,33.48117147673474,982.2858524215942,43.512082912350095,48.78029888688149,3.215180005464028,21.575950994742342
17.333863244865586,22.43388317232685,984.8521382959922,39.23866015711921,23.64595760623557,3.058422446220813,15.05921869461318
34.22393637983796,46.25177444120549,998.0297407954662,26.53186283328261,62.28001384773098,3.543068788472495,30.20030354070103
17.699662775156547,92.65516765572022,1018.0728894499204,5.122105811632672,11.541423909131797,2.6283773326788054,18.081187448687558
16.727960957815434,27.75616988791902,1031.7685804114494,35.48836419707768,12.72431727430331,7.009315813743786,19.87687171402524
-0.22709998158000566,68.51278213950403,1022.3502142936624,18.14143623634368,7.188789140512264,6.219925813316054,2.2765455466846576
-1.6885318974170644,56.11967512955553,1007.4489498490752,4.282519695770509,69.35860822641669,6.835977036850856,3.2494389644622164
35.82445755577571,95.077456989265,988.2826851102196,42.12332036063128,49.40725774332068,4.0935225144534435,26.725479022941702
6.391909942501705,29.801531402967505,1034.6541264421032,16.91082585912528,61.773121635463,7.9276006231663985,15.782041680761667
8.604112748144797,36.96222804017832,1005.465023611934,10.912441625578568,87.93010465893589,2.166478668587483,12.540561984553772
27.991182921419423,22.363357488919462,1031.5237810137953,43.57260323094216,74.03284847553586,6.1402303851522415,37.591274288391574
6.941174121140367,54.7148199705099,1015.908518934004,45.10669342235025,46.172291816669095,3.4790767502182653,9.907232442293346
37.60312233195014,42.226631965172345,1031.7063437493277,16.948541859577993,98.43559883942264,5.748489106278503,39.73488859538954
26.896388449940012,89.59247471122568,1043.51026930168,17.74007096406867,45.62561011419732,3.9127345771621522,29.536332623322533
19.871462128671,68.3952650558204,1044.4720661237661,28.981426379157206,11.24506732335332,8.114605885821657,26.68077028953244
34.04475802723763,69.12725903805614,1017.4574746000422,36.67207469053291,99.2654747252716,9.021446549542851,32.09362427683225
-7.519704582525862,62.55285575050419,1015.8055855335947,3.157460095343173,2.28207300148473,7.683231010344681,0.18644418735721846
2.8531346094604366,27.34802697833608,998.5974925851986,29.667182859423587,54.988355948775215,2.580253415643221,7.335678933387519
13.251816711045496,55.60149469802842,1045.5059882070505,47.64100308917908,30.909548869970926,3.4738020854952607,18.678941551459722
1.3489269735760505,99.96041517668132,1012.0543417039735,13.104694858997684,50.355215101698484,9.274222589665742,2.5244228238151782
27.195259365107596,86.81834326768119,988.9313867501164,45.44136070484669,55.87129525945216,4.934981148923812,23.43598720458624
35.96040155268626,91.47672433336928,1010.2893440238585,47.50841703815468,24.00958962784876,9.470623684143401,30.902340714860742
11.18850599654617,85.85810873971995,988.8937275166603,13.457682048554487,55.685875573726186,4.532065199760401,6.330714374615827
7.106630005594749,28.243335474478613,1015.1772178979952,37.71009329426753,75.60611120055376,9.565971945315974,11.5332258325174
38.07753660687831,38.19586032518397,1019.2892860399348,11.938750415978,26.650983724399836,9.33165088959998,35.37819817555756
12.242621641377042,20.24973210851277,1003.6429033045509,36.880558086606634,38.34261333139071,6.944742009879546,15.763454831347532
14.45242002246416,44.28080999024892,985.015542996204,39.870998564441294,26.82426931640579,1.0794434361535257,15.12499842864878
7.582493617095267,28.688592187719408,1046.0452474943268,12.360285185532472,82.05597309882025,4.603012137783432,15.755993528118106
35.477423650606916,57.82346762412664,1034.13471794384,35.79347717916175,72.49822592095967,9.201116167260363,37.15993199471977
18.447774164092536,74.17019908591215,1038.7216756353585,40.60522694320449,87.11964372184073,8.965992601973031,23.495845722487797
28.108729359082233,89.96042360304617,1005.6807876000361,17.928943605345587,17.004989290165927,2.686490200865023,26.833534293107302
30.590335917544316,79.93737320727186,1033.2581721013617,8.385138799486347,7.357963815975155,4.592642463721924,34.735866893112515
7.09245209586291,95.08684766228042,1013.9761026618436,4.598228365875679,11.938350385867336,8.519589350915245,4.551632786792787
11.684716566019002,24.311863231503104,994.0758441884232,28.769085180497093,16.101833282423637,6.2009006792504895,14.669844301058141
32.423588720313234,20.974386833323315,988.709636383505,48.90490596578566,53.30826606748024,8.625693101015806,26.732169254647637
8.162767583790512,72.907049106897,1004.1535608525439,41.14751600111081,97.09120703627649,8.439106460037067,5.6747825723512815
29.696756672592564,43.1481928177797,989.6286478032598,21.79198194672764,35.723541661678205,9.167338062572348,28.787330338650904
37.04961612872186,40.28008128846185,1049.878828334285,26.83104514274793,95.85082693602051,2.054985293751235,42.7261334430452
21.16051865340035,46.47096701550354,983.4432293162415,13.976394270590948,3.820079498917972,2.306936273081641,20.539100326535436
27.081364372594443,41.58368463138913,1010.8800519558354,8.153293368003178,92.68722028146583,1.7452812607214727,27.05857486156589
30.254865602056746,60.91491250412698,1011.6465465673269,24.104057911613662,18.11526073049712,9.417419569858884,32.332428071262186
32.25198244483212,55.2118757779306,1001.0442350007173,23.17507830835926,91.24749857193488,5.276461459401038,31.371784218244592
9.752666892839798,60.994284110132504,1019.9946095994861,26.09649764018801,5.622743011546117,1.5789275513420333,14.883186926603665
-7.436827041200091,73.81708892003489,990.4983916906082,47.64022927819704,94.82194474950326,3.893769122626371,-10.194256361171766
10.093813561836978,50.970440717691865,1034.8738666411064,30.194765007238612,20.079826431886083,4.1627137701697015,18.566250496375343
23.687811489204492,40.10461497137254,1003.2713402773347,30.288591831118687,30.27140600731607,8.286038411290814,23.270218864877485
12.51751928903964,33.296042944699636,1021.3939812859049,6.401238143053839,49.09423441029581,7.619292029538307,17.64279070554999
27.448157543019924,47.95792956261004,1030.0947465246873,49.82444330884102,38.07208812354752,7.204483446063121,30.768216439910493
7.849121473433193,79.34451801969377,1042.2329482383113,38.64224721173343,66.752796926315,1.1967719733224085,13.89344523557862
21.737207055201477,80.53639280891757,1038.505120551654,43.86016720470024,97.48077672500773,9.196262167837409,21.92283659920627
-0.6790097573012712,73.35243093473682,1022.5816319672492,20.715020591549703,60.642649080494074,2.939997402241674,8.018743017409912
27.468471832247843,38.72225402454997,1007.1875226268721,25.106404789281246,72.14854094365492,6.6615526422341,31.701930042792974
17.284798440651294,67.04689966837581,1015.2243269052475,26.104190458113823,8.80052503057015,1.5563713871027725,19.516836495588507
0.20321942733002984,65.65517292614784,1033.8114355365162,9.704726964480258,62.78124290700053,1.7337348268484907,8.367608506855495
4.595558674890363,58.74129584877804,1041.428187979163,34.47445781634786,45.384977704641315,1.0861956651710993,12.356998964332229
27.430435429091617,63.99831891070914,987.264734972367,45.148836180872834,88.57823579196284,6.093348800907975,18.92827978664521
14.130061783076034,59.343250609893445,1006.9399383745138,8.185290906920951,38.821109964310196,6.664417026552142,16.120433453497093
0.8015720196536105,65.23650928592866,1034.328161888945,4.315913674308225,67.94541440499191,1.4541607290990588,8.594927237249115
38.36355951851488,77.2404763696903,1010.2156233815773,36.91094527701711,22.815372825907907,3.61436396287635,32.96456035207141
25.756250990844393,28.77025555227518,1003.2559434846398,13.660091583649104,25.9372533524196,8.66308972760215,26.77788149754607
37.85674162698981,79.9700601719219,1008.7925887776289,31.193127080866468,37.61224309222736,1.911775301406227,28.777272742357646
11.35525226801716,30.870892010207534,1022.1991322750446,34.78791689960904,30.406353750650272,2.948924480979981,14.578221203024233
13.755017034586025,25.330239872829978,1049.9863600893661,16.09553817909109,25.387883939007484,4.819520876251843,26.20217497703667
34.89776080925096,98.0863748977174,1014.5094700373172,40.75722987128922,4.96687059008093,8.580466923698044,33.41713951135777
16.252467012269232,96.55934150963532,994.5946132467982,27.499449105710845,83.6746331752459,3.293641490276838,10.017307800800667
25.36394559528336,24.834923595245122,991.3992602695366,43.449970397590135,6.4301530891284315,9.97423313827008,24.475647698874106
2.608643874776499,55.460275317996974,982.964482323349,38.16467762794738,88.73655156029676,4.197356318246755,3.51372839401988
12.336323435132027,34.89959506398198,1019.1172064442825,43.42878160187269,12.546538906806026,4.478037926352608,15.349619149502894
-3.827506709482245,58.82759177075344,1018.1200464042184,1.0080691058947044,6.526173706265903,2.098955838077149,4.060511815087079
0.2990017938480847,86.41417943996699,994.3663748746217,12.175313036929737,56.30047639806971,7.1217811077087765,-0.18037164224004387
-9.952829236618445,96.04894197943122,1028.6730584516797,4.500397022296932,50.244179257472176,3.191186645060334,-1.6870773159923682
-8.036747417566989,70.74021227612299,1031.8774929140777,22.10415085946746,49.12345688318851,6.659808357655417,-3.3789373722207414
38.86419115884647,48.31245337694536,998.1368743767478,44.49800608076591,57.45043275013978,3.008419555626339,32.45604380980243
2.1176847568381145,68.26604525156787,1004.0869834820816,23.37701311334346,28.705660611915572,4.490850405038211,4.3420236277176505
23.165535475200095,44.96010448867602,1049.333017064308,42.485652229019706,66.29492734296112,8.710048827589757,29.56197894282209
31.954984939980577,92.78589126656483,1006.1985127495514,16.358911900965893,50.24022197071832,7.650153203266631,27.73804942205605
17.533022961828213,89.63203704846696,1033.2561170229271,16.97850364026262,33.47434669573253,2.391318099493511,21.02366724551153
-2.3427749958021904,64.65854002237288,1011.6907798640958,44.778086516343876,82.6500666980728,6.469373506366912,-1.5106284235399858
26.405821866808317,45.98391323042884,1035.5341379502684,21.290857325585076,72.77210963267102,6.657765865064284,28.292942131370904
20.012570504979152,43.47117404663827,1033.8316267147854,39.48827438973332,39.3610341944622,1.8151162615167493,23.633105077174918
26.562529467368755,22.673439576404757,1026.7429217638976,11.832177394095067,84.76177852288728,5.1922508890234225,31.407547158634753
28.48733114285436,85.26566808202362,1039.8344842406905,47.44004148388177,92.02582501117742,3.346015561008471,28.428654224657972
38.770518384237256,56.03065704312064,1045.745294641438,28.728912326528555,53.68662670843625,5.204171284871347,44.435928065749046
18.6781640013355,46.01063427202115,1020.5988324316459,37.966178428920095,21.495245015692078,7.993638921905875,22.927939096272777
7.082055634530093,57.68882839982031,996.6228235055922,4.475784989744275,91.57921565469869,2.424336038292877,9.740755032027433
22.42322784501185,85.49903923637216,1007.9040273150853,24.633211291526436,18.947962009551723,2.109737850292394,20.61776325129539
-6.577964537868693,29.969136616601695,1033.0813999459306,45.05192488670116,4.8423226417269145,3.4238484559519566,1.852436049606892
34.86986591607931,88.61247905934619,1025.5618439586708,43.851931452165225,32.748700887313085,9.570479053119248,30.484177411545193
-4.030949433090161,91.80070680866832,992.4458836995674,2.3406978617113774,72.69663444610399,7.730417900664697,-6.414830742354605
6.392141894290912,95.73663320271106,983.5867678802497,15.184923456447336,92.32740863535494,1.1751027653309194,1.1641452622041248
30.787269031306046,51.79903939381022,1027.8073115479444,22.166000323954005,63.72856468144399,4.60904358235039,33.00220826437731
19.865618916535592,37.37123232301375,997.5755316820541,8.613240717789411,95.183854696666,3.316581811723467,18.79177680926747
